source,url,title,type,locality,district,address,price_text,area_text,floors,road_ft,rooms,bathrooms,listed,price_npr,area_aana,price_per_aana
99aana.com,https://99aana.com/property/house-for-sale-at-kadaghari-kathmandu-7013/,"House for Sale at Kadaghari, Kathmandu",House,Kadaghari,Kathmandu,"Kadaghari, Kathmandu",Rs. 1 crore 50 Lakh,0-2-2-0,2.5,12.0,9.0,3.0,2021-01-01,15000000,2.5,6000000
99aana.com,https://99aana.com/property/house-for-sale-at-chabahil-kathmandu-7010/,"House for sale at Chabahil, Kathmandu",House,Chabahil,Kathmandu,"Chabahil, Kathmandu","Rs.40,000,000",0-4-0-0,3.5,20.0,18.0,4.0,2021-01-03,40000000,4.0,10000000
99aana.com,https://99aana.com/property/house-for-sale-at-golfutar-height-budhanilkantha-kathmandu-7026/,"House for sale at Golfutar height, Budhanilkantha, Kathmandu",House,Budhanilkantha,Kathmandu,"Golfutar height, Budhanilkantha, Kathmandu","Rs.27,500,000",0-4-0-0,2.5,13.0,9.0,3.0,2021-01-03,27500000,4.0,6875000
99aana.com,https://99aana.com/property/house-for-sale-at-bhimsengola-kathmandu-7029/,"House for Sale at Bhimsengola, Kathmandu",House,Bhimsengola,Kathmandu,"Bhimsengola, Kathmandu",Rs. 1 crores 60 lakh.,0-3-2-0,2.5,,18.0,6.0,2021-01-03,6000000,3.5,1714286
99aana.com,https://99aana.com/property/house-for-sale-at-bansbari-kathmandu-7030/,"House for Sale at Bansbari, Kathmandu",House,Bansbari,Kathmandu,"Bansbari, Kathmandu",Rs. 5 crore 75 lakh,0-10-2-0,2.5,20.0,11.0,5.0,2021-01-03,57500000,10.5,5476190
99aana.com,https://99aana.com/property/house-for-sale-at-budhanilkantha-kathmandu-7031/,"House for sale at Budhanilkantha, Kathmandu",House,Budhanilkantha,Kathmandu,"Budhanilkantha, Kathmandu",Rs. 1 core 27 Lakh,0-2-2-0,,,10.0,3.0,2021-01-03,2700000,2.5,1080000
99aana.com,https://99aana.com/property/house-for-sale-at-gothatar-height-kathmandu-7027/,"House for sale at Gothatar Height, Kathmandu",House,Gothatar Height,Kathmandu,"Gothatar height, Kathmandu","Rs.17,700,000",0-3-0-0,2.5,13.0,9.0,3.0,2021-01-03,17700000,3.0,5900000
99aana.com,https://99aana.com/property/house-for-sale-at-chunikhel-budhanilkantha-kathmandu-7022/,"House for sale at Chunikhel, Budhanilkantha, Kathmandu",House,Budhanilkantha,Kathmandu,"Chunikhel, Budhanilkantha, Kathmandu","Rs.16,000,000",0-3-2-0,,,8.0,3.0,2021-01-03,16000000,3.5,4571429
99aana.com,https://99aana.com/property/house-for-sale-at-nagarjun-chowk-raniban-height-nagarjun-nagarpalika-01-kathmandu-7042/,"House for sale at Nagarjun Chowk, Raniban Height, Nagarjun Nagarpalika-01, Kathmandu",House,Raniban Height,Kathmandu,"Nagarjun Chowk, Raniban Height, Kathmandu","Rs 3,25,00,000(Negotiable)",0-4-0-0,,,,,2021-01-04,32500000,4.0,8125000
99aana.com,https://99aana.com/property/house-for-sale-at-sundar-basti-budhanilkantha-kathmandu-7038/,"House for sale at Sundar Basti, Budhanilkantha, Kathmandu",House,Budhanilkantha,Kathmandu,"Sundar Basti, Budhanilkantha, Kathmandu","Rs.17,000,000",0-2-3-0,2.5,10.0,9.0,3.0,2021-01-04,17000000,2.75,6181818
99aana.com,https://99aana.com/property/house-for-sale-at-sano-thali-bhaktapur-7036/,"House for sale at Sano Thali, Bhaktapur",House,Sano Thali,Bhaktapur,"Sano Thali, Bhaktapur","Rs.15,000,000",0-3-0-0,,,8.0,3.0,2021-01-04,15000000,3.0,5000000
99aana.com,https://99aana.com/property/house-for-sale-at-hattigauda-budhanilkantha-kathmandu-7053/,"House for sale at Hattigauda, Budhanilkantha, Kathmandu",House,Budhanilkantha,Kathmandu,"Hattigauda, Buddhanilkantha, Kathmandu","Rs.23,000,000",0-3-0-0,,,7.0,4.0,2021-01-05,23000000,3.0,7666667
99aana.com,https://99aana.com/property/house-for-sale-at-thankot-chandragiri-kathmandu-7051/,"House for sale at Thankot, Chandragiri, Kathmandu",House,Chandragiri,Kathmandu,"Thankot, Chandragiri, Kathmandu","Rs.15,000,000",0-3-0-0,,,7.0,3.0,2021-01-05,15000000,3.0,5000000
99aana.com,https://99aana.com/property/house-for-sale-at-fulbari-tole-itahari-08-sunsari-7077/,"House for sale at Fulbari tole, Itahari-08, Sunsari",House,Itahari,Sunsari,"Fulbari Tole, Itahari-08, Sunsari","Rs.8,200,000",9 dhur,1.0,16.0,6.0,2.0,2021-01-07,8200000,4.793,1710989
99aana.com,https://99aana.com/property/house-for-sale-at-balkhu-kathmandu-7087/,"House for sale at Balkhu, Kathmandu",House,Balkhu,Kathmandu,"Balkhu, Kathmandu","Rs.16,000,000",0-3-0-0,,,7.0,3.0,2021-01-08,16000000,3.0,5333333
99aana.com,https://99aana.com/property/house-for-sale-at-shivapath-butwal-upamahanagarpalika-09-rupandehi-7093/,"House for sale at Shivapath, Butwal Upamahanagarpalika-09, Rupandehi",House,Butwal,Rupandehi,"Shivapath, Butwal, Rupandehi",Rs. 80 lakh,4.5 dhur,,,5.0,2.0,2021-01-08,8000000,2.396,3338515
99aana.com,https://99aana.com/property/house-for-sale-at-lolang-tarakeshwor-kathmandu-7097/,"House for sale at Lolang, Tarakeshwor, Kathmandu",House,Tarkeshwor,Kathmandu,"Lolang, Tarakeshwor, Kathmandu","Rs.20,500,000",0-4-0-0,,,11.0,3.0,2021-01-08,20500000,4.0,5125000
99aana.com,https://99aana.com/property/house-for-sale-at-ganesh-chowk-budhanilkantha-kathmandu-7098/,"House for sale at Ganesh Chowk, Budhanilkantha, Kathmandu",House,Budhanilkantha,Kathmandu,"Ganesh Chowk, Budhanilkantha, Kathmandu","Rs.26,000,000",0-4-2-0,,,7.0,,2021-01-08,26000000,4.5,5777778
99aana.com,https://99aana.com/property/house-for-sale-at-pasikot-budhanilkantha-kathmandu-7103/,"House for sale at Pasikot, Budhanilkantha, Kathmandu",House,Budhanilkantha,Kathmandu,"Pasikot, Budhanilkantha, Kathmandu","Rs.16,000,000",0-3-0-0,,,8.0,,2021-01-10,16000000,3.0,5333333
99aana.com,https://99aana.com/property/house-for-sale-at-hattigauda-budhanilkantha-kathmandu-7102/,"House for sale at Hattigauda, Budhanilkantha, Kathmandu",House,Budhanilkantha,Kathmandu,"Hattigauda, Budhanilkantha, Kathmandu","Rs.16,000,000",0-4-0-0,,,8.0,,2021-01-10,16000000,4.0,4000000
99aana.com,https://99aana.com/property/house-for-sale-at-purano-naikap-kathmandu-7109/,"House for sale at Purano Naikap, Kathmandu",House,Purano Naikap,Kathmandu,"Purano Naikap, Kathmandu",Rs. 2 crore 65 lakh,0-5-0-0,,,6.0,4.0,2021-01-10,26500000,5.0,5300000
99aana.com,https://99aana.com/property/house-for-sale-at-jarankhu-kathmandu-7123/,"House for sale at Jarankhu, Kathmandu",House,Jarankhu,Kathmandu,"Jarankhu, Kathmandu",Rs. 1 crore 80 Lakh,0-3-0-0,3.0,12.0,15.0,3.0,2021-01-10,18000000,3.0,6000000
99aana.com,https://99aana.com/property/house-for-sale-at-lubhu-lalitpur-7110/,"House for sale at Lubhu, Lalitpur",House,Lubhu,Lalitpur,"Lubhu, Lalitpur","Rs.12,000,000",0-3-2-0,,,7.0,,2021-01-10,12000000,3.5,3428571
99aana.com,https://99aana.com/property/house-for-sale-at-kalanki-kathmandu-7124/,"House for sale at Kalanki, Kathmandu",House,Kalanki,Kathmandu,"Kalanki, Kathmandu","Rs.15,000,000",3 Aana,2.5,13.0,8.0,3.0,2021-01-11,15000000,3.0,5000000
99aana.com,https://99aana.com/property/house-for-sale-at-gongabu-kathmandu-7126/,"House for sale at Gongabu, Kathmandu",House,Gongabu,Kathmandu,"Gongabu, Kathmandu","Rs.38,000,000",0-4-1-0,5.5,32.0,30.0,6.0,2021-01-11,38000000,4.25,8941176
99aana.com,https://99aana.com/property/house-for-sale-at-damak-jhapa-7128/,"House for sale at Damak, Jhapa",House,Damak,Jhapa,"Damak, Jhapa","Rs.45,000,000",35 dhur,1.0,32.0,5.0,1.0,2021-01-11,45000000,18.638,2414462
99aana.com,https://99aana.com/property/house-for-sale-at-goldhunga-kathmandu-7121/,"House for Sale at Goldhunga, Kathmandu",House,Goldhunga,Kathmandu,"Goldhunga, Kathmandu",Rs. 77 lakh,0-3-2-0,1.0,13.0,5.0,1.0,2021-01-11,7700000,3.5,2200000
99aana.com,https://99aana.com/property/house-for-sale-at-pashupatinagar-hetauda-09-makwanpur-7115/,"House for sale at Pashupatinagar, Hetauda-09, Makwanpur",House,Hetauda,Makwanpur,"Pashupatinagar, Hetauda-09, Makwanpur","Rs.14,500,000",17 dhur,,,8.0,4.0,2021-01-11,14500000,9.053,1601751
99aana.com,https://99aana.com/property/house-for-sale-at-tokha-panchetar-tokha-2-kathmandu-7120/,"House for sale at Tokha, Panchetar, Tokha – 2, Kathmandu",House,Tokha –,Kathmandu,"Tokha, Panchetar, Tokha – 2, Kathmandu",Rs. 2 crore 50 lakh,0-4-2-0,2.5,22.0,10.0,3.0,2021-01-11,25000000,4.5,5555556
99aana.com,https://99aana.com/property/house-for-sale-at-dhulabari-mechinagar-10-jhapa-7130/,"House for sale at Dhulabari, Mechinagar-10, Jhapa",House,Mechinagar,Jhapa,"Dhulabari, Mechinagar-10, Jhapa","Rs.4,000,000",11.4 dhur,,,3.0,1.0,2021-01-12,4000000,6.071,658918
99aana.com,https://99aana.com/property/house-for-sale-at-maibale-tole-ratnanagar-10-chitwan-7133/,"House for sale at Maibale Tole, Ratnanagar-10, Chitwan",House,Ratnanagar,Chitwan,"Maibale Tole, Ratnanagar-10, Chitwan","Rs.9,500,000",12.5 dhur,,,4.0,1.0,2021-01-12,9500000,6.656,1427215
99aana.com,https://99aana.com/property/house-for-sale-at-nayabasti-gokarneshwor-nagarpalika-06-kathmandu-7136/,"House for sale at Nayabasti, Gokarneshwor Nagarpalika-06, Kathmandu",House,Gokarneshwor,Kathmandu,"Nayabasti, Gokarneshwor, Kathmandu",Rs 2 crore 39  lakh,0-4-0-3,2.5,,15.0,4.0,2021-01-12,23900000,4.188,5707463
99aana.com,https://99aana.com/property/house-for-sale-at-dhaneshwor-height-tokha-nagarpalika-3-kathmandu-7135/,"House for sale at Dhaneshwor Height, Tokha Nagarpalika-3, Kathmandu",House,Tokha,Kathmandu,"Dhaneshwor Height, Tokha, Kathmandu",Rs 2 crore 70  lakh,0-3-3-0,2.5,,11.0,4.0,2021-01-12,27000000,3.75,7200000
99aana.com,https://99aana.com/property/house-for-sale-at-kalanki-chowk-kathmandu-7138/,"House for sale at Kalanki Chowk, Kathmandu",House,Kalanki,Kathmandu,"Kalanki Chowk, Kathmandu","Rs.32,500,000",0-4-0-0,,,10.0,3.0,2021-01-12,32500000,4.0,8125000
99aana.com,https://99aana.com/property/house-for-sale-at-simal-tandi-rapti-chitwan-7139/,"House for sale at Simal Tandi, Rapti, Chitwan",House,Rapti,Chitwan,"Simal Tandi, Rapti, Chitwan","Rs.1,600,000",10 dhur,,,3.0,,2021-01-12,1600000,5.325,300466
99aana.com,https://99aana.com/property/house-for-sale-at-gamcha-bhaktapur-7143/,"House for sale at Gamcha, Bhaktapur",House,Gamcha,Bhaktapur,"Gamcha, Bhaktapur","Rs.11,000,000",0-2-2-0,,,5.0,2.0,2021-01-12,11000000,2.5,4400000
99aana.com,https://99aana.com/property/house-for-sale-at-thapa-chowk-kadaghari-kathmandu-7144/,"House for sale at Thapa Chowk, Kadaghari, Kathmandu",House,Kadaghari,Kathmandu,"Thapa Chowk, Kadaghari, Kathmandu","Rs.10,000,000",0-4-0-2,,,8.0,3.0,2021-01-13,10000000,4.125,2424242
99aana.com,https://99aana.com/property/house-for-sale-at-laxmi-marg-belbari-morang-7147/,"House for sale at Laxmi Marg, Belbari, Morang",House,Belbari,Morang,"Laxmi Marg, Belbari, Morang","Rs.3,500,000",8 dhur,,,8.0,1.0,2021-01-13,3500000,4.26,821588
99aana.com,https://99aana.com/property/house-for-sale-at-ramghat-pokhara-kaski-7146/,"House for sale at Ramghat, Pokhara, Kaski",House,Pokhara,Kaski,"Ramghat, Pokhara, Kaski","Rs.35,000,000",0-3-1-0,,,10.0,3.0,2021-01-13,35000000,3.25,10769231
99aana.com,https://99aana.com/property/house-for-sale-at-lubhu-lalitpur-7159/,"House for sale at Lubhu, Lalitpur",House,Lubhu,Lalitpur,"Lubhu, Lalitpur","Rs.17,000,000",0-5-3-0,3.0,13.0,9.0,3.0,2021-01-14,17000000,5.75,2956522
99aana.com,https://99aana.com/property/house-for-sale-at-dharapani-gaindakot-01-nawalparasi-7168/,"House for sale at Dharapani, Gaindakot-01, Nawalparasi",House,Nawalparasi,,"Dharapani, Gaindakot-01, Nawalparasi","Rs.14,300,000",11 dhur,,,11.0,3.0,2021-01-14,14300000,5.858,2441289
99aana.com,https://99aana.com/property/house-for-sale-at-bhadrabas-kathmandu-7170/,"House for sale at Bhadrabas, Kathmandu",House,Bhadrabas,Kathmandu,"Bhadrabas, Kathmandu","Rs.7,000,000",0-3-2-0,,,5.0,2.0,2021-01-14,7000000,3.5,2000000
99aana.com,https://99aana.com/property/house-for-sale-at-tinkune-kathmandu-7161/,"House for sale at Tinkune, Kathmandu",House,Tinkune,Kathmandu,"Tinkune, Kathmandu","Rs.52,000,000",0-4-0-0,4.5,13.0,18.0,5.0,2021-01-14,52000000,4.0,13000000
99aana.com,https://99aana.com/property/house-for-sale-at-jorpati-kathmandu-7163/,"House for Sale at Jorpati, Kathmandu",House,Jorpati,Kathmandu,"Jorpati, Kathmandu",Rs. 1 crore 35 Lakh,0-4-0-0,2.0,12.0,6.0,2.0,2021-01-14,13500000,4.0,3375000
99aana.com,https://99aana.com/property/house-for-sale-at-akashedhara-budhanilkantha-11-kathmandu-7176/,"House for sale at Akashedhara, Budhanilkantha-11, Kathmandu",House,Budhanilkantha,Kathmandu,"Akashedhara, Budhanilkantha-11, Kathmandu","Rs.19,000,000",0-3-2-0,,,8.0,3.0,2021-01-15,19000000,3.5,5428571
99aana.com,https://99aana.com/property/house-for-sale-at-narayantar-jorpati-kathmandu-7174/,"House for sale at Narayantar, Jorpati, Kathmandu",House,Jorpati,Kathmandu,"Narayantar, Jorpati, Kathmandu","Rs.24,000,000",0-3-2-0,,,9.0,3.0,2021-01-15,24000000,3.5,6857143
99aana.com,https://99aana.com/property/house-for-sale-at-fulbari-pokhara-15-kaski-7185/,"House for sale at Fulbari, Pokhara-15, Kaski",House,Pokhara,Kaski,"Fulbari, Pokhara-15, Kaski","Rs.19,000,000",0-9-0-0,1.5,,6.0,2.0,2021-01-15,19000000,9.0,2111111
99aana.com,https://99aana.com/property/house-for-sale-at-sirutar-bhaktapur-7188/,"House for sale at Sirutar, Bhaktapur",House,Sirutar,Bhaktapur,"Sirutar, Bhaktapur","Rs.21,500,000",0-4-1-0,2.5,13.0,10.0,4.0,2021-01-17,21500000,4.25,5058824
99aana.com,https://99aana.com/property/house-for-sale-at-suryabinayak-bhaktapur-7191/,"House for Sale at Suryabinayak, Bhaktapur",House,Suryabinayak,Bhaktapur,"Suryabinayak, Bhaktapur",Rs. 1 crore 5 lakh,3 Aana,1.0,12.0,5.0,1.0,2021-01-17,10500000,3.0,3500000
99aana.com,https://99aana.com/property/house-for-sale-at-kawasoti-nawalparasi-7209/,"House for sale at Kawasoti, Nawalparasi",House,Nawalparasi,,"Kawasoti, Nawalparasi","Rs.7,500,000",1 kattha,1.5,,7.0,2.0,2021-01-18,7500000,10.65,704218
99aana.com,https://99aana.com/property/house-for-sale-at-imadol-mahalaxmi-lalitpur-7192/,"House for sale at Imadol, Mahalaxmi, Lalitpur",House,Mahalaxmi,Lalitpur,"Imadol, Mahalaxmi, Lalitpur",Rs. 1 crore 70 lakh,0-3-0-0,,,10.0,3.0,2021-01-17,17000000,3.0,5666667
99aana.com,https://99aana.com/property/house-for-sale-at-shitalnagar-devchuli-nawalparasi-7208/,"House for sale at Shitalnagar, Devchuli, Nawalparasi",House,Nawalparasi,,"Shitalnagar, Devchuli, Nawalparasi","Rs.5,500,000",22 dhur,1.0,,3.0,1.0,2021-01-18,5500000,11.715,469479
99aana.com,https://99aana.com/property/house-for-sale-at-mulpani-kathmandu-7200/,"House for sale at Mulpani, Kathmandu",House,Mulpani,Kathmandu,"Mulpani, Kathmandu","Rs.12,500,000",0-2-2-0,,,7.0,3.0,2021-01-18,12500000,2.5,5000000
99aana.com,https://99aana.com/property/house-for-sale-at-jarankhu-kathmandu-7227/,"House for sale at Jarankhu, Kathmandu",House,Jarankhu,Kathmandu,"Jarankhu, Kathmandu","Rs.13,500,000",0-3-0-3,,,6.0,,2021-01-19,13500000,3.188,4235294
99aana.com,https://99aana.com/property/house-for-sale-at-bansbari-kathmandu/,"House for Sale at Bansbari, Kathmandu",House,Bansbari,Kathmandu,"Bansbari, Kathmandu",Rs. 4 Crore 55 Lakh,0-6-5-0,2.0,23.0,14.0,3.0,2021-01-19,45500000,7.25,6275862
99aana.com,https://99aana.com/property/house-for-sale-at-tikathali-mahalaxmi-lalitpur-7241/,"House for sale at Tikathali, Mahalaxmi, Lalitpur",House,Mahalaxmi,Lalitpur,"Tikathali, Mahalaxmi, Lalitpur","Rs.12,000,000",0-2-3-0,,,4.0,1.0,2021-01-20,12000000,2.75,4363636
99aana.com,https://99aana.com/property/house-for-sale-at-nagbeli-tole-mulpani-chaur-kageshwori-manohara-nagarpalika-6kathmandu-7233/,"House for sale at Nagbeli Tole, Mulpani Chaur, Kageshwori Manohara Nagarpalika-6,Kathmandu",House,Kageshwori,Kathmandu,"Nagbeli Tole, Mulpani Chaur, Kageshwori,Kathmandu",Rs. 1 crore 40 lakh,0-3-1-0,,,10.0,3.0,2021-01-20,14000000,3.25,4307692
99aana.com,https://99aana.com/property/house-for-sale-at-lainchaur-kathmandu-7235/,"House for sale at Lainchaur, Kathmandu",House,Lainchaur,Kathmandu,"Lainchaur, Kathmandu",Rs.1 crore 70 lakh,3 Aana 2 paisa,3.5,20.0,14.0,2.0,2021-01-20,17000000,3.5,4857143
99aana.com,https://99aana.com/property/house-for-sale-at-nagarjun-kathmandu-7254/,"House for sale at Nagarjun, Kathmandu",House,Nagarjun,Kathmandu,"Nagarjun, Kathmandu","Rs.35,000,000",0-5-0-0,3.5,,17.0,,2021-01-21,35000000,5.0,7000000
99aana.com,https://99aana.com/property/house-for-sale-at-sirutar-bhaktapur-7242/,"House for sale at Sirutar, Bhaktapur",House,Sirutar,Bhaktapur,"Sirutar, Bhaktapur","Rs.16,500,000",0-3-0-3,2.5,13.0,11.0,3.0,2021-01-21,16500000,3.188,5176471
99aana.com,https://99aana.com/property/house-for-sale-at-mananda-chowk-birtamode-jhapa-7245/,"House for sale at Mananda Chowk, Birtamode, Jhapa",House,Birtamode,Jhapa,"Mananda Chowk, Birtamode, Jhapa","Rs.6,000,000",7 dhur,,,4.0,1.0,2021-01-21,6000000,3.728,1609641
99aana.com,https://99aana.com/property/house-for-sale-at-manamiju-tarakeshwor-kathmandu-7246/,"House for sale at Manamiju, Tarakeshwor, Kathmandu",House,Tarkeshwor,Kathmandu,"Manamiju, Tarakeshwor, Kathmandu","Rs.18,500,000",0-6-2-0,,,9.0,3.0,2021-01-21,18500000,6.5,2846154
99aana.com,https://99aana.com/property/house-for-sale-at-sangla-tarkeshwor-kathmandu-7247/,"House for Sale at sangla, Tarkeshwor, Kathmandu",House,Tarkeshwor,Kathmandu,"sangla, Tarkeshwor, Kathmandu,",Rs. 2 crore 70 lakh,0-9-0-0,1.0,10.0,,,2021-01-21,27000000,9.0,3000000
99aana.com,https://99aana.com/property/house-for-sale-at-lolang-kathmandu-7256/,"House for sale at Lolang, Kathmandu",House,Lolang,Kathmandu,"Lolang, Kathmandu","Rs.14,500,000",0-3-0-0,2.5,,10.0,3.0,2021-01-22,14500000,3.0,4833333
99aana.com,https://99aana.com/property/house-for-sale-at-kadaghari-kathmandu-7257/,"House for Sale at Kadaghari, Kathmandu",House,Kadaghari,Kathmandu,"Kadaghari, Kathmandu","Rs.23,000,000",0-4-0-0,2.5,13.0,11.0,3.0,2021-01-22,23000000,4.0,5750000
99aana.com,https://99aana.com/property/house-for-sale-at-laxmi-narayan-tole-birgunj-parsa-7259/,"House for sale at Laxmi Narayan Tole, Birgunj, Parsa",House,Parsa,,"Laxmi Narayan Tole, Birgunj, Parsa","Rs.6,400,000",5 Dhur,2.0,10.0,,,2021-01-22,6400000,2.663,2403731
99aana.com,https://99aana.com/property/house-for-sale-at-chanaute-lamachaur-pokhara-19-kaski-7265/,"House for sale at Chanaute, Lamachaur, Pokhara-19, Kaski",House,Pokhara,Kaski,"Chanaute, Lamachaur, Pokhara-19, Kaski","Rs.12,500,000",0-4-3-2,2.0,,6.0,,2021-01-22,12500000,4.875,2564103
99aana.com,https://99aana.com/property/house-for-sale-at-bhangal-budhanilkantha-kathmandu-7266/,"House for sale at Bhangal, Budhanilkantha, Kathmandu",House,Budhanilkantha,Kathmandu,"Bhangal, Budhanilkantha, Kathmandu","Rs.15,000,000",0-4-0-0,,,5.0,1.0,2021-01-22,15000000,4.0,3750000
99aana.com,https://99aana.com/property/house-for-sale-at-shivnagar-butwal-08-rupandehi-7268/,"House for sale at Shivnagar, Butwal-08, Rupandehi",House,Butwal,Rupandehi,"Shivnagar, Butwal-08, Rupandehi","Rs.9,000,000",4 dhur,,,6.0,2.0,2021-01-22,9000000,2.13,4225309
99aana.com,https://99aana.com/property/house-for-sale-at-sitapaila-kathmandu-7269/,"House for sale at Sitapaila, Kathmandu",House,Sitapaila,Kathmandu,"Sitapaila, Kathmandu","Rs.27,500,000",0-4-0-0,2.5,13.0,10.0,3.0,2021-01-22,27500000,4.0,6875000
99aana.com,https://99aana.com/property/house-for-sale-at-nakhudole-lalitpur-7263/,"House For Sale at Nakhudole, Lalitpur",House,Nakhudole,Lalitpur,"Nakhudole, Lalitpur",Rs. 1 crore 75 lakh,0-3-1-2,,,10.0,3.0,2021-01-22,17500000,3.375,5185185
99aana.com,https://99aana.com/property/house-for-sale-at-zero-kilometer-pokhara-kaski-7278/,"House for sale at Zero Kilometer, Pokhara, Kaski",House,Pokhara,Kaski,"Zero Kilometer, Pokhara, Kaski","Rs.22,000,000",0-4-2-2,,,5.0,,2021-01-24,22000000,4.625,4756757
99aana.com,https://99aana.com/property/house-for-sale-at-sitapaila-kathmandu-7280/,House for sale at Sitapaila Kathmandu,House,Sitapaila,Kathmandu,"Sitapaila, Kathmandu","Rs.22,000,000",0-3-0-0,,,8.0,3.0,2021-01-24,22000000,3.0,7333333
99aana.com,https://99aana.com/property/house-for-sale-at-sanepa-lalitpur-7281/,"House for sale at Sanepa, Lalitpur",House,Sanepa,Lalitpur,"Sanepa, Lalitpur","Rs.8,500,000",0-1-0-0,4.0,,5.0,,2021-01-24,8500000,1.0,8500000
99aana.com,https://99aana.com/property/house-for-sale-at-shankhamul-kathmandu-7274/,"House for sale at Shankhamul, Kathmandu",House,Shankhamul,Kathmandu,"Shankhamul, Kathmandu","Rs.350,000,000",0-5-0-0,4.5,,,,2021-01-24,350000000,5.0,70000000
99aana.com,https://99aana.com/property/house-for-sale-at-fulbari-tole-itahari-sunsari-7287/,"House for sale at Fulbari Tole, Itahari, Sunsari",House,Itahari,Sunsari,"Fulbari Tole, Itahari, Sunsari","Rs.6,000,000",7 dhur,1.5,,6.0,,2021-01-25,6000000,3.728,1609641
99aana.com,https://99aana.com/property/house-for-sale-at-imadol-lalitpur-7297/,"House for Sale at Imadol, Lalitpur",House,Imadol,Lalitpur,"Sheetal height, Imadol, Lalitpur","Rs.19,000,000",0-3-0-0,2.5,13.0,8.0,3.0,2021-01-25,19000000,3.0,6333333
99aana.com,https://99aana.com/property/house-for-sale-at-thali-kathmandu-7291/,"House for Sale at Thali, Kathmandu",House,Thali,Kathmandu,"Thali, Kathmandu",Rs. 1 crore 10 lakh,0-3-0-0,1.0,12.0,,2.0,2021-01-25,11000000,3.0,3666667
99aana.com,https://99aana.com/property/house-for-sale-at-bhangal-lamichhane-tole-budhanilkantha-nagarpalika-02-kathmandu-7290/,"House for sale at Bhangal, Lamichhane Tole, Budhanilkantha Nagarpalika-02, Kathmandu",House,Budhanilkantha,Kathmandu,"Bhangal, Lamichhane Tole, Budhanilkantha, Kathmandu",Rs 2 crore 35  lakh,0-4-0-0,,,7.0,3.0,2021-01-25,23500000,4.0,5875000
99aana.com,https://99aana.com/property/house-for-sale-at-swoyambhu-kathmandu-7328/,"House for sale at Swoyambhu, Kathmandu",House,Swoyambhu,Kathmandu,"Swoyambhu, Kathmandu",3 crore,0-5-0-0,,,12.0,,2021-01-26,30000000,5.0,6000000
99aana.com,https://99aana.com/property/house-for-sale-at-kapan-budhanilkantha-kathmandu-7308/,"House for sale at Kapan, Budhanilkantha, Kathmandu",House,Budhanilkantha,Kathmandu,"Kapan, Budhanilkantha, Kathmandu","Rs.28,000,000",0-5-0-0,,,11.0,3.0,2021-01-26,28000000,5.0,5600000
99aana.com,https://99aana.com/property/house-for-sale-at-manamaiju-kathmandu/,"House for sale at Manamaiju, Kathmandu",House,Manamaiju,Kathmandu,"Manamaiju, Kathmandu",Rs. 2 crore 10 Lakh,4 aana,2.0,12.0,8.0,4.0,2021-01-26,21000000,4.0,5250000
99aana.com,https://99aana.com/property/house-for-sale-at-sudal-bhaktapur-7330/,"House for sale at Sudal, Bhaktapur",House,Sudal,Bhaktapur,"Sudal, Bhaktapur",75 lakh,0-3-0-2,,,,,2021-01-26,7500000,3.125,2400000
99aana.com,https://99aana.com/property/house-for-sale-at-megacity-ananda-tole-tarkeshwor-nagarpalika-1-kathmandu-7305/,"House for sale at Megacity Ananda Tole, Tarkeshwor Nagarpalika-1, Kathmandu",House,Tarkeshwor,Kathmandu,"Megacity Ananda Tole, Tarkeshwor, Kathmandu",Rs. 1 crore 65 lakh,0-5-2-0,2.0,12.0,4.0,1.0,2021-01-26,16500000,5.5,3000000
99aana.com,https://99aana.com/property/house-for-sale-at-sainamaina-rupandehi-7332/,"House for sale at Sainamaina, Rupandehi",House,Sainamaina,Rupandehi,"Sainamaina, Rupandehi",52 lakh,8 dhur,,,5.0,2.0,2021-01-26,5200000,4.26,1220645
99aana.com,https://99aana.com/property/house-for-sale-at-balkot-bhaktapur-7322/,"House for Sale at Balkot, Bhaktapur",House,Balkot,Bhaktapur,"Balkot, Bhaktapur","Rs.25,000,000",6 Aana,2.5,13.0,9.0,3.0,2021-01-27,25000000,6.0,4166667
99aana.com,https://99aana.com/property/house-for-sale-at-kadaghari-kathmandu-7325/,"House for Sale at Kadaghari, Kathmandu",House,Kadaghari,Kathmandu,"Kadaghari, Kathmandu","Rs.18,000,000",3 Aana,2.5,13.0,11.0,3.0,2021-01-27,18000000,3.0,6000000
99aana.com,https://99aana.com/property/house-for-sale-at-keureni-nawalparasi-7316/,"House for sale at Keureni, Nawalparasi",House,Nawalparasi,,"Keureni, Nawalparasi","Rs.3,600,000",1 kattha 12 dhur,,,4.0,1.0,2021-01-27,3600000,17.04,211265
99aana.com,https://99aana.com/property/house-for-sale-at-pepsicola-kathmandu-7347/,"House for sale at Pepsicola, Kathmandu",House,Pepsicola,Kathmandu,"Pepsicola, Kathmandu",1 crore 15 lakh,0-2-2-0,,,4.0,,2021-01-27,11500000,2.5,4600000
99aana.com,https://99aana.com/property/house-for-sale-at-tikathali-lalitpur-7350/,"House for sale at Tikathali, Lalitpur",House,Tikathali,Lalitpur,"Tikathali, Lalitpur",1 crore 35 lakh,0-2-2-2,,,5.0,,2021-01-27,13500000,2.625,5142857
99aana.com,https://99aana.com/property/house-for-sale-at-gongabu-kathmandu-7328/,"House for sale at Gongabu, Kathmandu",House,Gongabu,Kathmandu,"Gongabu, Kathmandu",2 crore 25 lakh,0-2-2-2,,,14.0,3.0,2021-01-27,22500000,2.625,8571429
99aana.com,https://99aana.com/property/house-for-sale-at-goldhunga-kathmandu-7352/,"House for sale at Goldhunga, Kathmandu",House,Goldhunga,Kathmandu,"Goldhunga, Kathmandu",1 crore 95 lakh,0-4-0-0,,,10.0,5.0,2021-01-27,19500000,4.0,4875000
99aana.com,https://99aana.com/property/house-for-sale-at-pepsicola-kathmandu-7351/,"House for sale at Pepsicola, Kathmandu",House,Pepsicola,Kathmandu,"Pepsicola, Kathmandu",3 crore 30 lakh,0-3-3-2,,,14.0,,2021-01-27,33000000,3.875,8516129
99aana.com,https://99aana.com/property/house-for-sale-at-baluwakhani-kapan-kathmandu-7342/,"House for sale at Baluwakhani, Kapan, Kathmandu",House,Kapan,Kathmandu,"Baluwakhani, Kapan, Kathmandu","Rs.35,000,000",5 Aana,2.5,13.0,10.0,3.0,2021-01-28,35000000,5.0,7000000
99aana.com,https://99aana.com/property/house-for-sale-at-bhangal-kathmandu-7368/,"House for sale at Bhangal, Kathmandu",House,Bhangal,Kathmandu,"Bhangal, Kathmandu",2 crore 75 lakh,0-4-0-0,,,11.0,,2021-01-28,27500000,4.0,6875000
99aana.com,https://99aana.com/property/house-for-sale-at-kapan-kathmandu-7365/,"House for sale at Kapan, Kathmandu",House,Kapan,Kathmandu,"Kapan, Kathmandu",1 crore 25 lakh,0-3-0-2,,,,,2021-01-28,12500000,3.125,4000000
99aana.com,https://99aana.com/property/house-for-sale-at-jorpati-makalbari-kathmandu-7361/,"House for sale at Jorpati, Makalbari, Kathmandu",House,Makalbari,Kathmandu,"Jorpati, Makalbari, Kathmandu","Rs.8,000,000",0-3-0-0,,,9.0,3.0,2021-01-29,8000000,3.0,2666667
99aana.com,https://99aana.com/property/house-for-sale-at-imadol-lalitpur-7383/,"House for sale at Imadol, Lalitpur",House,Imadol,Lalitpur,"Imadol, Lalitpur",1 crore 95 lakh,0-3-0-0,,,10.0,,2021-01-29,19500000,3.0,6500000
99aana.com,https://99aana.com/property/house-for-sale-at-imadol-lalitpur-7384/,"House for sale at Imadol, Lalitpur",House,Imadol,Lalitpur,"Imadol, Lalitpur",2 crore 5 lakh,0-3-2-0,,,10.0,,2021-01-29,20500000,3.5,5857143
99aana.com,https://99aana.com/property/house-for-sale-at-darjeeling-height-suryabinayak-08-bhaktapur-7232/,"House for sale at darjeeling height, Suryabinayak-08, Bhaktapur",House,Suryabinayak,Bhaktapur,"darjeeling height, Suryabinayak-08, Bhaktapur",Rs. 2 crore 20 Lakh,0-3-2-0,,,8.0,3.0,2021-01-19,22000000,3.5,6285714
99aana.com,https://99aana.com/property/house-for-sale-at-saat-dhara-chowk-goldhunga-kathmandu-7373/,"House for sale at Saat Dhara Chowk, Goldhunga, Kathmandu",House,Goldhunga,Kathmandu,"Saat Dhara Chowk, Goldhunga, Kathmandu","Rs.7,500,000",0-3-0-0,,,3.0,1.0,2021-01-31,7500000,3.0,2500000
99aana.com,https://99aana.com/property/house-for-sale-at-darjeeling-height-suryabinayak-08-bhaktapur-7374/,"House for sale at Darjeeling Height, Suryabinayak-08, Bhaktapur",House,Suryabinayak,Bhaktapur,"Darjeeling Height, Suryabinayak-08, Bhaktapur","Rs.17,000,000",0-3-2-0,,,9.0,3.0,2021-01-31,17000000,3.5,4857143
99aana.com,https://99aana.com/property/house-for-sale-at-kapan-kathmandu-7392/,"House for sale at Kapan, Kathmandu",House,Kapan,Kathmandu,"Kapan, Kathmandu",2 crore 85 lakh,0-5-0-0,,,,,2021-01-31,28500000,5.0,5700000
99aana.com,https://99aana.com/property/house-for-sale-at-jyotinagar-ekatabasti-sukedhara-kathmandu-7398/,"House for sale at Jyotinagar, Ekatabasti, Sukedhara, Kathmandu",House,Sukedhara,Kathmandu,"Jyotinagar, Ekatabasti, Sukedhara, Kathmandu","Rs.16,500,000",0-2-2-0,,,7.0,3.0,2021-02-01,16500000,2.5,6600000
99aana.com,https://99aana.com/property/house-for-sale-at-sitapaila-kathmandu-7399/,"House for sale at Sitapaila, Kathmandu",House,Sitapaila,Kathmandu,"Sitapaila, Kathmandu","Rs.61,500,000",0-6-0-0,3.0,18.0,22.0,4.0,2021-02-01,61500000,6.0,10250000
99aana.com,https://99aana.com/property/house-for-sale-at-sundar-basti-budhanilkantha-kathmandu-7386/,"House for sale at Sundar Basti, Budhanilkantha, Kathmandu",House,Budhanilkantha,Kathmandu,"Sundar Basti, Budhanilkantha, Kathmandu",Rs. 1 crore 51 lakh,0-2-3-0,,,9.0,3.0,2021-02-01,15100000,2.75,5490909
99aana.com,https://99aana.com/property/house-for-sale-at-magar-gaun-bhaisepati-lalitpur-7401/,"House for sale at Magar Gaun, Bhaisepati, Lalitpur",House,Bhaisepati,Lalitpur,"Magar Gaun, Bhaisepati, Lalitpur","Rs.20,000,000",0-3-0-1,2.5,18.0,9.0,4.0,2021-02-01,20000000,3.062,6530612
99aana.com,https://99aana.com/property/house-for-sale-at-bistagaun-imadol-lalitpur-7404/,"House for sale at Bistagaun, Imadol, Lalitpur",House,Imadol,Lalitpur,"Bistagaun, Imadol, Lalitpur","Rs.21,500,000",0-6-0-0,,,8.0,3.0,2021-02-02,21500000,6.0,3583333
99aana.com,https://99aana.com/property/house-for-sale-at-jarankhu-kathmandu-7396/,"House for sale at Jarankhu, Kathmandu",House,Jarankhu,Kathmandu,"Jarankhu, Kathmandu",1 crore 50 lakh,0-2-2-1,,,8.0,2.0,2021-02-01,15000000,2.562,5853659
99aana.com,https://99aana.com/property/house-for-sale-at-deuba-chowk-budhanilkantha-kathmandu-7405/,"House for sale at Deuba Chowk, Budhanilkantha, Kathmandu",House,Budhanilkantha,Kathmandu,"Deuba Chowk, Budhanilkantha, Kathmandu","Rs.120,000,000",1-4-0-0,2.5,20.0,9.0,5.0,2021-02-02,120000000,20.0,6000000
99aana.com,https://99aana.com/property/house-for-sale-at-pepsicola-kathmandu-7414/,"House for Sale at Pepsicola, Kathmandu",House,Pepsicola,Kathmandu,"Pepsicola, Kathmandu","Rs.20,000,000",0-4-0-0,2.5,13.0,8.0,3.0,2021-02-02,20000000,4.0,5000000
99aana.com,https://99aana.com/property/house-for-sale-at-tarahara-itahari-sunsari-7416/,"House for sale at Tarahara, Itahari, Sunsari",House,Itahari,Sunsari,"Tarahara, Itahari, Sunsari","Rs.6,000,000",10 dhur,,,4.0,1.0,2021-02-03,6000000,5.325,1126749
99aana.com,https://99aana.com/property/house-for-sale-at-jorpati-kathmandu-7417/,"House for sale at Jorpati, Kathmandu",House,Jorpati,Kathmandu,"Jorpati, Kathmandu","Rs.37,500,000",0-5-0-0,,,15.0,4.0,2021-02-03,37500000,5.0,7500000
99aana.com,https://99aana.com/property/house-for-sale-at-nilbarahi-bode-bhaktapur-7340/,"House for sale at Nilbarahi, Bode, Bhaktapur",House,Bode,Bhaktapur,"Nilbarahi, Bode, Bhaktapur","Rs.15,500,000",0-4-0-0,,,10.0,3.0,2021-02-03,15500000,4.0,3875000
99aana.com,https://99aana.com/property/house-for-sale-at-imadol-lalitpur-7420/,"House for sale at Imadol, Lalitpur",House,Imadol,Lalitpur,"Imadol, Lalitpur",2 crore (negotiable),0-3-0-0,,,8.0,,2021-02-03,20000000,3.0,6666667
99aana.com,https://99aana.com/property/house-for-sale-at-kapan-kathmandu-7419/,"House for sale at Kapan, Kathmandu",House,Kapan,Kathmandu,"Kapan, Kathmandu",1 crore 55 lakh,0-2-2-0,,,8.0,,2021-02-05,15500000,2.5,6200000
99aana.com,https://99aana.com/property/house-for-sale-at-thaiba-lalitpur-7454/,"House for sale at Thaiba, Lalitpur",House,Thaiba,Lalitpur,"Thaiba, Lalitpur",1 crore 25 lakh,0-3-1-0,,,,,2021-02-05,12500000,3.25,3846154
99aana.com,https://99aana.com/property/house-for-sale-at-kadaghari-kathmandu-7441/,"House for Sale at Kadaghari, Kathmandu",House,Kadaghari,Kathmandu,"Kadaghari, Kathmandu","Rs.13,000,000",3 Aana,1.0,12.0,4.0,1.0,2021-02-05,13000000,3.0,4333333
99aana.com,https://99aana.com/property/house-for-sale-at-vs-colony-pepsicola-kathmandu-7450/,"House for sale at VS Colony, Pepsicola, Kathmandu",House,Pepsicola,Kathmandu,"VS Colony, Pepsicola, Kathmandu","Rs.22,000,000",0-3-2-0,,,10.0,3.0,2021-02-05,22000000,3.5,6285714
99aana.com,https://99aana.com/property/house-for-sale-at-mulpani-kathmandu-7453/,"House for sale at Mulpani, Kathmandu",House,Mulpani,Kathmandu,"Mulpani, Kathmandu",2 crore 25 lakh,0-4-1-0,,,,,2021-02-07,22500000,4.25,5294118
99aana.com,https://99aana.com/property/house-for-sale-at-sanagan-lalitpur-7459/,"Land for sale at Sanagaun, Lalitpur",Land,Sanagaun,Lalitpur,"Sanagaun, Lalitpur",25 lakh 50 thousand per aana,0-3-1-0,,20.0,,,2021-02-07,8287500,3.25,2550000
99aana.com,https://99aana.com/property/house-for-sale-at-mandikatar-kathmandu-7458/,"House for sale at Mandikatar, Kathmandu",House,Laliltpur,,"Tikathali, Laliltpur",Rs. 3 crore 5 lakh,0-5-0-0,,,,,2021-02-07,30500000,5.0,6100000
99aana.com,https://99aana.com/property/house-for-sale-at-jorpati-kathmandu-4/,House for sale at Jorpati Kathmandu,House,Jorpati,Kathmandu,"Jorpati, Kathmandu",Rs. 2 crore 37 Lakh,0-3-0-0,,,7.0,4.0,2021-02-07,23700000,3.0,7900000
99aana.com,https://99aana.com/property/house-for-sale-at-naag-tole-goldhunga-kathmandu-7214/,"House for sale at Naag Tole, Goldhunga, Kathmandu",House,Goldhunga,Kathmandu,"Naag Tole, Goldhunga, Kathmandu","Rs.12,000,000",0-3-0-0,,,4.0,1.0,2021-01-19,12000000,3.0,4000000
99aana.com,https://99aana.com/property/house-for-sale-at-gothatar-kathmandu-7467/,"House for sale at Gothatar, Kathmandu",House,Gothatar,Kathmandu,"Gothatar, Kathmandu",2 crore 5 lakh,0-3-1-3,,,10.0,,2021-02-08,20500000,3.438,5963636
99aana.com,https://99aana.com/property/house-for-sale-at-gajehada-kapilvastu-7461/,"House for sale at Gajehada, Kapilvastu",House,Kapilvastu,,"Gajehada, Kapilvastu",47 lakh,17 dhur,,,4.0,1.0,2021-02-08,4700000,9.053,519188
99aana.com,https://99aana.com/property/house-for-sale-at-bansbari-kathmandu-7471/,"House for Sale at Bansbari, Kathmandu",House,Bansbari,Kathmandu,"Bansbari, Kathmandu",Rs. 2 Crore 55 Lakh,0-3-0-0,2.5,26.0,8.0,3.0,2021-02-09,25500000,3.0,8500000
99aana.com,https://99aana.com/property/house-for-sale-at-jorpati-kathmandu-7486/,"House for sale at Jorpati, Kathmandu",House,Jorpati,Kathmandu,"Jorpati, Kathmandu",2 crore,0-3-0-0,,,,,2021-02-10,20000000,3.0,6666667
99aana.com,https://99aana.com/property/house-for-sale-at-tikathali-lalitpur-7485/,"House for sale at Tikathali, Lalitpur",House,Imadol,Lalitpur,"Imadol, Lalitpur",1 crore 55 lakh,0-3-1-0,,,8.0,,2021-02-10,15500000,3.25,4769231
99aana.com,https://99aana.com/property/house-for-sale-at-kapan-kathmandu-7479/,"House for sale at Kapan, Kathmandu",House,Kapan,Kathmandu,"Kapan, Kathmandu",Rs. 1 crore 20 lakh,0-2-2-0,,,,,2021-02-10,12000000,2.5,4800000
99aana.com,https://99aana.com/property/house-for-sale-at-soltidobato-kathmandu-7492/,"House for sale at Soltidobato, Kathmandu",House,Soltidobato,Kathmandu,"Soltidobato, Kathmandu","Rs.21,000,000",0-3-0-0,,,,,2021-02-11,21000000,3.0,7000000
99aana.com,https://99aana.com/property/house-for-sale-at-imadol-mahalaxmi-lalitpur-7496/,"House for sale at Imadol, Mahalaxmi, Lalitpur",House,Mahalaxmi,Lalitpur,"Imadol, Mahalaxmi, Lalitpur","Rs.25,500,000",0-4-0-0,,,10.0,3.0,2021-02-11,25500000,4.0,6375000
99aana.com,https://99aana.com/property/house-for-sale-at-banasthali-kathmandu-7491/,"House for sale at Banasthali, Kathmandu",House,Banasthali,Kathmandu,"Banasthali, Kathmandu","Rs.28,000,000",0-4-2-0,2.5,13.0,,,2021-02-11,28000000,4.5,6222222
99aana.com,https://99aana.com/property/house-for-sale-at-boudha-kathmandu-7505/,"House for Sale at Boudha, Kathmandu",House,Boudha,Kathmandu,"Boudha, Kathmandu","Rs.29,000,000",0-4-0-0,2.5,8.0,12.0,3.0,2021-02-12,29000000,4.0,7250000
99aana.com,https://99aana.com/property/house-for-sale-at-ratnanagar-chitwan-7506/,"House for sale at Ratnanagar, Chitwan",House,Ratnanagar,Chitwan,"Ratnanagar, Chitwan","Rs.9,000,000",16 dhur,,,4.0,1.0,2021-02-12,9000000,8.52,1056327
99aana.com,https://99aana.com/property/house-for-sale-at-dhungedhara-kathmandu-7521/,"House for sale at Dhungedhara, Kathmandu",House,Dhungedhara,Kathmandu,"Dhungedhara, Kathmandu","Rs.40,000,000",0-8-0-0,,,,,2021-02-15,40000000,8.0,5000000
99aana.com,https://99aana.com/property/house-for-sale-at-sitapaila-ramkot-06-kathmandu-7510/,"House for sale at Sitapaila, Ramkot-06, Kathmandu",House,Ramkot,Kathmandu,"Sitapaila, Ramkot-06, Kathmandu","Rs.15,000,000",0-4-0-0,,,14.0,5.0,2021-02-14,15000000,4.0,3750000
99aana.com,https://99aana.com/property/house-for-sale-at-halgada-itahari-sunsari-7523/,"House for sale at Halgada, Itahari, Sunsari",House,Itahari,Sunsari,"Halgada, Itahari, Sunsari",1 crore 10 lakh,10.5 dhur,,,4.0,,2021-02-15,11000000,5.591,1967339
99aana.com,https://99aana.com/property/house-for-sale-at-tokha-kathmandu-7514/,"House for sale at Tokha, Kathmandu",House,Tokha,Kathmandu,"Tokha, Kathmandu",Rs. 1 crore 90 lakh,0-4-0-0,,,7.0,3.0,2021-02-15,19000000,4.0,4750000
99aana.com,https://99aana.com/property/house-for-sale-at-jarankhu-kathmandu-7515/,"House for Sale at Jarankhu, Kathmandu",House,Jarankhu,Kathmandu,"Jarankhu, Kathmandu",Rs. 1 crore 20 lakh,0-3-0-0,1.5,13.0,2.0,1.0,2021-02-15,12000000,3.0,4000000
99aana.com,https://99aana.com/property/house-for-sale-at-gothatar-kathmandu-7516/,"House for sale at Gothatar, Kathmandu",House,Gothatar,Kathmandu,"Gothatar, Kathmandu",Rs.1 crore 65 lakh,0-3-0-1,,,8.0,,2021-02-15,16500000,3.062,5387755
99aana.com,https://99aana.com/property/house-for-sale-at-tokha-kathmandu-7527/,"House for Sale at Tokha, Kathmandu",House,Tokha,Kathmandu,"Tokha, Kathmandu",Rs. 1 crore 40 lakh,0-6-2-0,1.5,13.0,4.0,1.0,2021-02-16,14000000,6.5,2153846
99aana.com,https://99aana.com/property/house-for-sale-at-balkumari-kharibot-lalitpur-7535/,"House for sale at Balkumari, Kharibot, Lalitpur",House,Kharibot,Lalitpur,"Balkumari, Kharibot, Lalitpur","Rs.15,000,000",0-2-2-0,,,10.0,4.0,2021-02-17,15000000,2.5,6000000
99aana.com,https://99aana.com/property/house-for-sale-at-indrachowk-kathmandu-6539/,"House for sale at Indrachowk, Kathmandu",House,Indrachowk,Kathmandu,"Indrachowk, Kathmandu",Rs. 4 crore,0-0-3-3,,,5.0,,2021-02-18,40000000,0.938,42666667
99aana.com,https://99aana.com/property/house-for-sale-at-kalanki-kathmandu-2546/,"House for sale at Kalanki, Kathmandu",House,Kalanki,Kathmandu,"Kalanki, Kathmandu",Rs. 2 crore 70 lakh,0-4-1-2,,,,,2021-02-19,27000000,4.375,6171429
99aana.com,https://99aana.com/property/house-for-sale-at-butwal-rupandehi-7547/,"House for sale at Butwal, Rupandehi",House,Butwal,Rupandehi,"Butwal, Rupandehi",Rs. 2 crore 5 lakh,8 dhur,,,8.0,4.0,2021-02-19,20500000,4.26,4812157
99aana.com,https://99aana.com/property/house-for-sale-at-hetauda-07-makwanpur-7550/,"House for sale at Hetauda-07, Makwanpur",House,Hetauda,Makwanpur,"Hetauda-07, Makwanpur","Rs.6,000,000",10 dhur,2.0,,6.0,2.0,2021-02-19,6000000,5.325,1126749
99aana.com,https://99aana.com/property/house-for-sale-at-basundhara-kathmandu-7554/,"House for Sale at Basundhara, Kathmandu",House,Basundhara,Kathmandu,"Basundhara, Kathmandu",Rs. 8 crore 35 lakh,0-9-0-0,,,8.0,2.0,2021-02-21,83500000,9.0,9277778
99aana.com,https://99aana.com/property/house-for-sale-at-kapan-budhanilkantha-kathmandu-7562/,"House for sale at Kapan, Budhanilkantha, Kathmandu",House,Budhanilkantha,Kathmandu,"Kapan, Budhanilkantha, Kathmandu",Rs. 3 crore 65 lakh,0-5-2-0,,,13.0,4.0,2021-02-22,36500000,5.5,6636364
99aana.com,https://99aana.com/property/house-for-sale-at-kapan-kathmandu-7571/,"House for sale at Kapan, Kathmandu",House,Kapan,Kathmandu,"Kapan, Kathmandu",Rs. 1 crore 22 lakh.,0-3-1-0,,,,,2021-02-24,12200000,3.25,3753846
99aana.com,https://99aana.com/property/house-for-sale-at-kapan-budhanilkantha-13-kathmandu-7575/,"House for sale at Kapan, Budhanilkantha-13, Kathmandu",House,Budhanilkantha,Kathmandu,"Kapan, Budhanilkantha-13, Kathmandu","Rs.11,800,000",3 Aana,1.0,13.0,4.0,1.0,2021-02-24,11800000,3.0,3933333
99aana.com,https://99aana.com/property/house-for-sale-at-nakhipot-lalitpur-7590/,"House for sale at Nakhipot, Lalitpur",House,Nakhipot,Lalitpur,"Nakhipot, Lalitpur",Rs. 1 crore 60 lakh,0-3-0-0,,,,,2021-02-26,16000000,3.0,5333333
99aana.com,https://99aana.com/property/house-for-sale-at-chardobato-thimi-bhaktapur-7591/,"House for sale at Chardobato, thimi , Bhaktapur",House,Thimi,Bhaktapur,"Chardobato, thimi , Bhaktapur",Rs. 1 crore 95 lakh,0-3-2-0,3.5,,,,2021-02-26,19500000,3.5,5571429
99aana.com,https://99aana.com/property/house-for-sale-at-dharmasthali-kathmandu-7600/,"House for sale at Dharmasthali, Kathmandu",House,Dharmasthali,Kathmandu,"Dharmasthali, Kathmandu","Rs.21,000,000",0-7-0-0,2.0,13.0,7.0,3.0,2021-02-28,21000000,7.0,3000000
99aana.com,https://99aana.com/property/house-for-sale-at-goldhunga-kathmandu-7593/,"House for sale at Goldhunga, Kathmandu",House,Goldhunga,Kathmandu,"Goldhunga, Kathmandu",Rs. 1 crore 20 lakh,0-3-0-0,,,8.0,,2021-02-28,12000000,3.0,4000000
99aana.com,https://99aana.com/property/house-for-sale-at-birendra-chowk-kadaghari-kathmandu-7596/,"House for Sale at Birendra Chowk, Kadaghari, Kathmandu",House,Kadaghari,Kathmandu,"Birendra Chowk, Kadaghari, Kathmandu",Rs. 2 crore 30 lakh,0-3-2-0,3.0,,,,2021-02-28,23000000,3.5,6571429
99aana.com,https://99aana.com/property/house-for-sale-at-highvision-colony-thankot-kathmandu-7617/,"House for sale at Highvision Colony, Thankot, Kathmandu",House,Thankot,Kathmandu,"Highvision Colony, Thankot, Kathmandu","Rs.14,500,000",0-2-3-0,,,7.0,3.0,2021-03-02,14500000,2.75,5272727
99aana.com,https://99aana.com/property/house-for-sale-at-pepsicola-kageshwori-manohara-kathmandu-7623/,"House For Sale at Pepsicola, Kageshwori Manohara, Kathmandu",House,Kageshwori Manohara,Kathmandu,"Pepsicola, Kageshwori Manohara, Kathmandu","Rs.16,000,000",0-3-0-0,,,9.0,4.0,2021-03-03,16000000,3.0,5333333
99aana.com,https://99aana.com/property/house-for-sale-at-gauri-gaun-aarubari-kathmandu-7637/,"House for Sale at Gauri Gaun, Aarubari Kathmandu",House,Aarubari,Kathmandu,"Gauri Gaun, Aarubari, Kathmandu",Rs. 1 crore 95 lakh,0-3-0-2,,,,3.0,2021-03-05,19500000,3.125,6240000
99aana.com,https://99aana.com/property/house-for-sale-at-thaiba-godawari-lalitpur-7655/,"House for sale at Thaiba, Godawari, Lalitpur",House,Godawari,Lalitpur,"Thaiba, Godawari, Lalitpur","Rs.21,000,000",0-4-0-2,,,,,2021-03-08,21000000,4.125,5090909
99aana.com,https://99aana.com/property/house-for-sale-at-gurjudhara-chandragiri-kathmandu-7656/,"House for sale at Gurjudhara, Chandragiri, Kathmandu",House,Chandragiri,Kathmandu,"Gurjudhara, Chandragiri, Kathmandu","Rs.13,000,000",0-3-1-0,,,11.0,3.0,2021-03-08,13000000,3.25,4000000
99aana.com,https://99aana.com/property/house-for-sale-at-dholahiti-height-lalitpur-7663/,"House for sale at Dholahiti Height, Lalitpur",House,Dholahiti Height,Lalitpur,"Dholahiti Height, Lalitpur","Rs.17,000,000",0-2-3-2,,,8.0,3.0,2021-03-09,17000000,2.875,5913043
99aana.com,https://99aana.com/property/house-for-sale-at-kalimati-kathmandu-7659/,"House for sale at Kalimati, Kathmandu",House,Kalimati,Kathmandu,"Kalimati, Kathmandu",Rs. 1 crore 90 lakh,0-3-2-0,2.0,,,,2021-03-09,19000000,3.5,5428571
99aana.com,https://99aana.com/property/house-for-sale-at-duwakot-bhaktapur-7357/,"House for Sale at Duwakot, Bhaktapur",House,Duwakot,Bhaktapur,"Duwakot, Bhaktapur",Rs. 1 crore 60 lakh,0-2-2-0,2.5,13.0,8.0,1.0,2021-01-29,16000000,2.5,6400000
99aana.com,https://99aana.com/property/house-for-sale-at-suryabinayak-bhaktapur-7673/,"House for sale at Suryabinayak, Bhaktapur",House,Suryabinayak,Bhaktapur,"Suryabinayak, Bhaktapur","Rs.20,000,000",0-3-0-1,,,8.0,3.0,2021-03-10,20000000,3.062,6530612
99aana.com,https://99aana.com/property/house-for-sale-at-chapagaun-lalitpur-7668/,"House for Sale at Chapagaun, Lalitpur",House,Chapagaun,Lalitpur,"Chapagaun, Lalitpur",Rs. 90 lakh,0-3-0-0,1.5,,,,2021-03-10,9000000,3.0,3000000
99aana.com,https://99aana.com/property/house-for-sale-at-harisiddhi-lalitpur-7684/,"House for Sale at Harisiddhi, Lalitpur",House,Harisiddhi,Lalitpur,"Harisiddhi, Lalitpur",Rs. 1 crore 75 lakh,0-3-1-2,,,,,2021-03-15,17500000,3.375,5185185
99aana.com,https://99aana.com/property/house-for-sale-at-sheetal-height-imadol-mahalaxmi-lalitpur-7700/,"House for sale at Sheetal Height, Imadol, Mahalaxmi, Lalitpur",House,Mahalaxmi,Lalitpur,"Sheetal Height, Imadol, Mahalaxmi, Lalitpur","Rs.18,700,000",0-3-0-0,,,8.0,3.0,2021-03-16,18700000,3.0,6233333
99aana.com,https://99aana.com/property/house-for-sale-at-balambu-kathmandu-7694/,"House for sale at Balambu, Kathmandu",House,Balambu,Kathmandu,"Balambu, Kathmandu","Rs.18,000,000",0-2-2-0,,,7.0,3.0,2021-03-16,18000000,2.5,7200000
99aana.com,https://99aana.com/property/house-for-sale-at-imadol-lalitpur-7702/,"House for sale at Imadol, Lalitpur",House,Imadol,Lalitpur,"Imadol, Lalitpur",Rs. 2 crore,0-3-0-0,,,,,2021-03-17,20000000,3.0,6666667
99aana.com,https://99aana.com/property/house-for-sale-at-syuchatar-kalanki-kathmandu-7706/,"House for sale at Syuchatar, Kalanki, Kathmandu",House,Kalanki,Kathmandu,"Syuchatar, Kalanki, Kathmandu",Rs. 80 lakh,0-3-1-1,,,4.0,,2021-03-17,8000000,3.312,2415094
99aana.com,https://99aana.com/property/house-for-sale-at-sitapaila-kathmandu-7692/,"House for sale at Sitapaila, Kathmandu",House,Sitapaila,Kathmandu,"Sitapaila, Kathmandu","Rs.19,500,000",0-4-0-2,2.5,13.0,10.0,3.0,2021-03-16,19500000,4.125,4727273
99aana.com,https://99aana.com/property/house-for-sale-at-mandikatar-kathmandu-7720/,"House for sale at Mandikatar, Kathmandu",House,Mandikhatar,Kathmandu,"Mandikatar, Kathmandu",Rs. 1 crore 65 lakh,0-5-1-0,,,6.0,2.0,2021-03-19,16500000,5.25,3142857
99aana.com,https://99aana.com/property/house-for-sale-at-kritipur-kathmandu-7719/,"House for Sale at Kritipur, Kathmandu",House,Kritipur,Kathmandu,"Kritipur, Kathmandu","Rs.700,000",0-2-2-0,,,,,2021-03-19,700000,2.5,280000
99aana.com,https://99aana.com/property/house-for-sale-at-budhanilkantha-kathmandu-7715/,"House for sale at Budhanilkantha, Kathmandu",House,Budhanilkantha,Kathmandu,"Budhanilkantha, Kathmandu","Rs.70,000,000",1-0-0-0,3.0,16.0,10.0,4.0,2021-03-19,70000000,16.0,4375000
99aana.com,https://99aana.com/property/house-for-sale-at-darjeeling-height-suryabinayak-08-bhaktapur-7724/,"House for sale at Darjeeling Height, Suryabinayak-08, Bhaktapur",House,Suryabinayak,Bhaktapur,"Darjeeling Height, Suryabinayak-08, Bhaktapur","Rs.12,200,000",0-2-3-0,,,4.0,1.0,2021-03-19,12200000,2.75,4436364
99aana.com,https://99aana.com/property/house-for-sale-at-syuchatar-heght-kathmandu-7730/,"House for sale at Syuchatar Height, Kathmandu",House,Syuchatar Height,Kathmandu,"Syuchatar Height, Kathmandu","Rs.12,000,000",0-3-1-0,,,5.0,,2021-03-21,12000000,3.25,3692308
99aana.com,https://99aana.com/property/house-for-sale-at-bhangal-budhanilkantha-kathmandu-7728/,"House for sale at Bhangal, Budhanilkantha, Kathmandu",House,Budhanilkantha,Kathmandu,"Bhangal, Budhanilkantha, Kathmandu","Rs.69,000,000",8 Aana 2 paisa,2.5,13.0,8.0,4.0,2021-03-21,69000000,8.5,8117647
99aana.com,https://99aana.com/property/house-for-sale-at-attarkhel-jorpati-kathmandu-7132/,"House for sale at Attarkhel, Jorpati, Kathmandu",House,Jorpati,Kathmandu,"Attarkhel, Jorpati, Kathmandu","Rs.15,500,000",0-3-0-0,,,9.0,3.0,2021-01-12,15500000,3.0,5166667
99aana.com,https://99aana.com/property/house-for-sale-at-kirtipur-kathmandu-7740/,"House for sale at Kirtipur, Kathmandu",House,Kirtipur,Kathmandu,"Kirtipur, Kathmandu","Rs.16,000,000",0-5-0-0,,,6.0,3.0,2021-03-23,16000000,5.0,3200000
99aana.com,https://99aana.com/property/house-for-sale-at-budhanilkantha-kathmandu-7748/,"House for sale at Budhanilkantha, Kathmandu",House,Budhanilkantha,Kathmandu,"Budhanilkantha, Kathmandu","Rs.90,000,000",13 Aana 2 paisa,3.0,13.0,10.0,5.0,2021-03-24,90000000,13.5,6666667
99aana.com,https://99aana.com/property/house-for-sale-at-pokhara-kaski-7751/,"House for sale at Pokhara, Kaski",House,Pokhara,Kaski,"Pokhara, Kaski","Rs.55,000,000",0-8-0-0,,,16.0,,2021-03-24,55000000,8.0,6875000
99aana.com,https://99aana.com/property/house-for-sale-at-narayanpur-dang-7766/,"House for sale at Narayanpur, Dang",House,Dang,,"Narayanpur, Dang","Rs.4,000,000",6 dhur,1.0,,3.0,1.0,2021-03-26,4000000,3.195,1251943
99aana.com,https://99aana.com/property/house-for-sale-at-mathillo-bhangal-budhanilkantha-kathmandu-7773/,"House for sale at Mathillo Bhangal, Budhanilkantha, Kathmandu",House,Budhanilkantha,Kathmandu,"Mathillo Bhangal, Budhanilkantha, Kathmandu","Rs.11,000,000",0-3-0-0,,,,,2021-03-29,11000000,3.0,3666667
99aana.com,https://99aana.com/property/house-for-sale-at-budhanilkantha-kathmandu-7783/,"House for sale at Budhanilkantha, Kathmandu",House,Budhanilkantha,Kathmandu,"Budhanilkantha, Kathmandu","Rs.47,500,000",6 Aana,2.5,13.0,8.0,3.0,2021-03-30,47500000,6.0,7916667
99aana.com,https://99aana.com/property/house-for-sale-at-rudreshwor-budhanilkantha-kathmandu-7781/,"House for sale at Rudreshwor, Budhanilkantha, Kathmandu",House,Budhanilkantha,Kathmandu,"Rudreshwor, Budhanilkantha, Kathmandu","Rs.62,000,000",0-9-2-0,,,11.0,4.0,2021-03-30,62000000,9.5,6526316
99aana.com,https://99aana.com/property/house-for-sale-at-koteshwor-kathmandu-7793/,"House for sale at Koteshwor, Kathmandu",House,Koteshwor,Kathmandu,"Koteshwor, Kathmandu","Rs.19,000,000",0-2-2-0,2.5,,8.0,3.0,2021-04-01,19000000,2.5,7600000
99aana.com,https://99aana.com/property/house-for-sale-at-sheetal-height-imadol-lalitpur-7807/,"House for sale at Sheetal Height, Imadol, Lalitpur",House,Imadol,Lalitpur,"Sheetal Height, Imadol, Lalitpur","Rs.19,000,000",0-3-2-0,,,9.0,3.0,2021-04-02,19000000,3.5,5428571
99aana.com,https://99aana.com/property/house-for-sale-at-kadaghari-kathmandu-7814/,"House for Sale at Kadaghari, Kathmandu",House,Kadaghari,Kathmandu,"Kadaghari, Kathmandu","Rs.23,500,000",4 Aana,2.5,12.0,8.0,3.0,2021-04-04,23500000,4.0,5875000
99aana.com,https://99aana.com/property/house-for-sale-at-jharuwarasi-lalitpur-7810/,"House for sale at Jharuwarasi, Lalitpur",House,Jharuwarasi,Lalitpur,"Jharuwarasi, Lalitpur",Rs. 70 lakh,0-5-0-0,,,2.0,,2021-04-04,7000000,5.0,1400000
99aana.com,https://99aana.com/property/house-for-sale-at-maden-marga-itahari-sunsari-7829/,"House For Sale at Maden Marga, Itahari, Sunsari",House,Itahari,Sunsari,"Maden Marga, Itahari, Sunsari","Rs.9,500,000",12.5 Dhur,,,9.0,2.0,2021-04-06,9500000,6.656,1427215
99aana.com,https://99aana.com/property/house-for-sale-at-kadaghari-kathmandu-7840/,"House for Sale at Kadaghari, Kathmandu",House,Kadaghari,Kathmandu,"Kadaghari, Kathmandu","Rs.23,500,000",0-3-1-0,2.5,12.0,10.0,3.0,2021-04-07,23500000,3.25,7230769
99aana.com,https://99aana.com/property/house-for-sale-at-kalanki-kathmandu-7841/,"House for Sale at Kalanki, Kathmandu",House,Kalanki,Kathmandu,"Kalanki, Kathmandu","Rs.18,500,000",3 Aana 1 paisa 1 daam,2.5,13.0,8.0,3.0,2021-04-07,18500000,3.25,5692308
99aana.com,https://99aana.com/property/house-for-sale-at-bafal-kathmandu-7842/,"House for sale at Bafal, Kathmandu",House,Bafal,Kathmandu,"Bafal, Kathmandu","Rs.24,500,000",3 Aana,2.5,10.0,8.0,3.0,2021-04-07,24500000,3.0,8166667
99aana.com,https://99aana.com/property/house-for-sale-at-kadaghari-kathmandu-7849/,"House for Sale at Kadaghari, Kathmandu",House,Kadaghari,Kathmandu,"Kadaghari, Kathmandu","Rs.17,000,000",3 Aana,2.5,13.0,9.0,3.0,2021-04-08,17000000,3.0,5666667
99aana.com,https://99aana.com/property/house-for-sale-at-imadol-lalitpur-7859/,"House For Sale at Imadol, Mahalaxmi, Lalitpur",House,Mahalaxmi,Lalitpur,"Imadol, Mahalaxmi, Lalitpur","Rs.19,000,000",0-2-3-0,,,7.0,3.0,2021-04-09,19000000,2.75,6909091
99aana.com,https://99aana.com/property/house-for-sale-at-baluwakhani-buddha-chowk-jorpati-kathmandu-7854/,"House for sale at Baluwakhani, buddha chowk, Jorpati, Kathmandu",House,Jorpati,Kathmandu,"Baluwakhani, buddha chowk, Jorpati, Kathmandu",Rs. 1 crore 50 Lakh,0-3-1-0,,,,,2021-04-09,15000000,3.25,4615385
99aana.com,https://99aana.com/property/house-for-sale-at-shiva-chowk-jorpati-kathmandu-7855/,"House for Sale at Shiva Chowk, Jorpati, Kathmandu",House,Jorpati,Kathmandu,"Shiva Chowk, Jorpati, Kathmandu",Rs. 2 crore 50 Lakh,0-4-0-0,,,,,2021-04-09,25000000,4.0,6250000
99aana.com,https://99aana.com/property/house-for-sale-at-sitapaila-kathmandu-7856/,"House for Sale at Sitapaila, kathmandu",House,Sitapaila Kathmandu,,Sitapaila kathmandu,Rs. 1 crore 90 Lakh,0-4-0-1,2.5,,11.0,,2021-04-09,19000000,4.062,4676923
99aana.com,https://99aana.com/property/house-for-sale-at-dallu-kathmandu-7866/,"House for sale at Dallu, Kathmandu",House,Dallu,Kathmandu,"Dallu, Kathmandu",Rs. 1 crore 35 Lakh,0-2-2-0,,,6.0,,2021-04-12,13500000,2.5,5400000
99aana.com,https://99aana.com/property/house-for-sale-at-sitapaila-kathmandu-7867/,"House for Sale at Sitapaila, Kathmandu",House,Sitapaila,Kathmandu,"Sitapaila, Kathmandu",Rs. 1 crore 80 lakh,5 aana,2.0,10.0,,,2021-04-12,18000000,5.0,3600000
99aana.com,https://99aana.com/property/house-for-sale-at-kadaghari-kathmandu-7880/,"House for Sale at Kadaghari, Kathmandu",House,Kadaghari,Kathmandu,"Kadaghari, Kathmandu","Rs.23,000,000",4 Aana,2.5,13.0,12.0,3.0,2021-04-13,23000000,4.0,5750000
99aana.com,https://99aana.com/property/house-for-sale-at-sipadol-suryabinayak-bhaktapur-7878/,"House for sale at Sipadol, Suryabinayak, Bhaktapur",House,Suryabinayak,Bhaktapur,"Sipadol, Suryabinayak, Bhaktapur","Rs.13,000,000",0-3-0-0,,,7.0,4.0,2021-04-13,13000000,3.0,4333333
99aana.com,https://99aana.com/property/house-for-sale-at-nayabasti-jorpati-06-kathmandu-7896/,"House for sale at Nayabasti, Jorpati-06, Kathmandu",House,Jorpati,Kathmandu,"Nayabasti, Jorpati-06, Kathmandu","Rs.30,000,000",0-4-0-0,,,12.0,5.0,2021-04-16,30000000,4.0,7500000
99aana.com,https://99aana.com/property/house-for-sale-at-saraswatinagar-chabahil-kathmandu-7902/,"House for sale at Saraswatinagar, Chabahil, Kathmandu",House,Chabahil,Kathmandu,"Saraswatinagar, Chabahil, Kathmandu","Rs.40,000,000",0-7-0-0,2.5,13.0,9.0,4.0,2021-04-18,40000000,7.0,5714286
99aana.com,https://99aana.com/property/house-for-sale-at-baluwakhani-budhanilkantha-kathmandu-7903/,"House for sale at Baluwakhani, Budhanilkantha, Kathmandu",House,Budhanilkantha,Kathmandu,"Baluwakhani, Budhanilkantha, Kathmandu","Rs.16,000,000",0-3-0-0,1.5,15.0,8.0,2.0,2021-04-18,16000000,3.0,5333333
99aana.com,https://99aana.com/property/house-for-sale-at-pasikot-budhanilkantha-kathmandu-7913/,"House for sale at Pasikot, Budhanilkantha, Kathmandu",House,Budhanilkantha,Kathmandu,"Pasikot, Budhanilkantha, Kathmandu","Rs.17,500,000",0-3-1-0,,,7.0,3.0,2021-04-19,17500000,3.25,5384615
99aana.com,https://99aana.com/property/house-for-sale-at-lekhnath-pokhara-7922/,"House for Sale at Lekhnath, Pokhara",House,Lekhnath,Kaski,"Lekhnath, Pokhara",Rs. 85 lakh,0-3-0-0,,,,,2021-04-21,8500000,3.0,2833333
99aana.com,https://99aana.com/property/house-for-sale-at-force-park-kadaghari-kathmandu-7924/,"House for sale at Force park, Kadaghari, Kathmandu",House,Kadaghari,Kathmandu,"Force park, Kadaghari, Kathmandu",Rs. 1 crore 35 lakh,0-3-0-0,,,,,2021-04-21,13500000,3.0,4500000
99aana.com,https://99aana.com/property/house-for-sale-at-goldhunga-kathmandu-7930/,"House for Sale at Goldhunga, Kathmandu",House,Goldhunga,Kathmandu,"Goldhunga, Kathmandu",Rs. 2 crore 15 lakh,0-4-0-0,,,10.0,,2021-04-22,21500000,4.0,5375000
99aana.com,https://99aana.com/property/house-for-sale-at-darjeeling-height-suryabinayak-bhaktapur-7936/,"House for sale at Darjeeling Height, Suryabinayak, Bhaktapur",House,Suryabinayak,Bhaktapur,"Darjeeling Height, Suryabinayak, Bhaktapur","Rs.12,000,000",0-3-1-0,,,4.0,1.0,2021-04-22,12000000,3.25,3692308
99aana.com,https://99aana.com/property/house-for-sale-at-sitapaila-kathmandu-7931/,"House for Sale at Sitapaila, Kathmandu",House,Sitapaila,Kathmandu,"Sitapaila, Kathmandu",Rs. 1 crore 65 lakh,0-3-0-0,,,,,2021-04-22,16500000,3.0,5500000
99aana.com,https://99aana.com/property/house-for-sale-at-imadol-mahalaxmi-lalitpur-7934/,"House for sale at Imadol, Mahalaxmi, Lalitpur",House,Mahalaxmi,Lalitpur,"Imadol, Mahalaxmi, Lalitpur","Rs.23,500,000",0-3-2-2,,,9.0,4.0,2021-04-22,23500000,3.625,6482759
99aana.com,https://99aana.com/property/house-for-sale-at-kalanki-kathmandu-7942/,"House for Sale at Kalanki, Kathmandu",House,Kalanki,Kathmandu,"Kalanki, Kathmandu","Rs.29,500,000",0-4-1-2,2.5,13.0,7.0,3.0,2021-04-23,29500000,4.375,6742857
99aana.com,https://99aana.com/property/house-for-sale-at-sitapaila-kathmandu-7945/,"House for sale at Sitapaila, Kathmandu",House,Sitapaila,Kathmandu,"Sitapaila, Kathmandu",Rs 2 crore 15 lakhs,0-3-2-0,2.5,,9.0,,2021-04-25,21500000,3.5,6142857
99aana.com,https://99aana.com/property/house-for-sale-at-kadaghari-kathmandu-7952/,"House for Sale at Kadaghari, Kathmandu",House,Kadaghari,Kathmandu,"Kadaghari, Kathmandu",Rs. 1 crore 80 Lakh,3 Aana,2.5,10.0,8.0,3.0,2021-04-26,18000000,3.0,6000000
99aana.com,https://99aana.com/property/house-for-sale-at-birendra-chowk-kadaghari-kathmandu-7959/,"House for Sale at Birendra Chowk, Kadaghari, Kathmandu",House,Kadaghari,Kathmandu,"Birendra Chowk, Kadaghari, Kathmandu",Rs. 2 crore 40 lakh,0-3-1-0,2.5,,7.0,3.0,2021-04-26,24000000,3.25,7384615
99aana.com,https://99aana.com/property/house-for-sale-at-gongabu-kathmandu-7966/,"House for sale at Gongabu, Kathmandu",House,Gongabu,Kathmandu,"Gongabu, Kathmandu","Rs.17,500,000",0-2-2-0,,,15.0,5.0,2021-04-27,17500000,2.5,7000000
99aana.com,https://99aana.com/property/house-for-sale-at-kadaghari-kathmandu-7974/,"House for Sale at Kadaghari, Kathmandu",House,Kadaghari,Kathmandu,"Kadaghari, Kathmandu","Rs.23,000,000",4 Aana,2.5,20.0,11.0,3.0,2021-04-28,23000000,4.0,5750000
99aana.com,https://99aana.com/property/house-for-sale-at-imadol-mahalaxmi-lalitpur-7981/,"House for sale at Imadol, Mahalaxmi, Lalitpur",House,Mahalaxmi,Lalitpur,"Imadol, Mahalaxmi, Lalitpur","Rs.15,000,000",0-3-0-0,,,8.0,3.0,2021-04-29,15000000,3.0,5000000
99aana.com,https://99aana.com/property/house-for-sale-at-charikot-dolakha-7984/,"House for sale at Charikot, Dolakha",House,Dolakha,,"Charikot, Dolakha",Rs. 2 crore 70 Lakh,0-6-0-0,,,,,2021-04-30,27000000,6.0,4500000
99aana.com,https://99aana.com/property/house-for-sale-at-ramkot-kathmandu-7991/,"House for sale at Ramkot, Kathmandu",House,Ramkot Kathmandu,,Ramkot Kathmandu,Rs. 1 crorer 25 lakh,0-2-2-0,,,,,2021-05-02,2500000,2.5,1000000
99aana.com,https://99aana.com/property/house-for-sale-at-nakhipot-lalitpur-7993/,"House for sale at Nakhipot, Lalitpur",House,Nakhipot,Lalitpur,"Nakhipot, Lalitpur","Rs.26,500,000",0-3-2-0,,,8.0,4.0,2021-05-02,26500000,3.5,7571429
99aana.com,https://99aana.com/property/house-for-sale-at-sitapaila-kathmandu-8001/,"House for sale at Sitapaila, Kathmandu",House,Sitapaila,Kathmandu,"Sitapaila, Kathmandu","Rs.21,000,000",0-3-2-0,,,10.0,4.0,2021-05-03,21000000,3.5,6000000
99aana.com,https://99aana.com/property/house-for-sale-at-bhutkhel-tokha-kathmandu-8004/,"House for sale at Bhutkhel, Tokha, Kathmandu",House,Tokha,Kathmandu,"Bhutkhel, Tokha, Kathmandu","Rs.26,700,000",0-4-0-0,3.0,20.0,11.0,3.0,2021-05-03,26700000,4.0,6675000
99aana.com,https://99aana.com/property/house-for-sale-at-syuchatar-kalanki-kathmandu-8000/,"House for sale at Syuchatar, Kalanki, Kathmandu",House,Kalanki,Kathmandu,"Syuchatar, Kalanki, Kathmandu",Rs. 23 crore 50 lakh,4-4-0-0,2.5,13.0,,,2021-05-03,235000000,68.0,3455882
99aana.com,https://99aana.com/property/house-for-sale-at-shanti-tole-pokhara-kaski-8005/,"House for Sale at Shanti tole, Pokhara, Kaski",House,Pokhara,Kaski,"Shanti tole, Pokhara, Kaski","Rs.55,555,555",14 dhur,,,,9.0,2021-05-03,55555555,7.455,7452043
99aana.com,https://99aana.com/property/house-for-sale-at-sitapaila-kathmandu-8007/,"House for Sale at Sitapaila, kathmandu",House,Sitapaila,Kathmandu,"Sitapaila, kathmandu",Rs. 2 crore 25 lakh,0-4-0-1,3.5,,14.0,,2021-05-04,22500000,4.062,5538462
99aana.com,https://99aana.com/property/house-for-sale-at-imadol-mahalaxmi-lalitpur-8012/,"House for sale at Imadol, Mahalaxmi, Lalitpur",House,Mahalaxmi,Lalitpur,"Imadol, Mahalaxmi, Lalitpur","Rs.27,000,000",0-4-0-0,,,9.0,4.0,2021-05-04,27000000,4.0,6750000
99aana.com,https://99aana.com/property/house-for-sale-at-miya-patan-pokhara-kaski-8018/,"House for sale at Miya Patan, Pokhara, Kaski",House,Pokhara,Kaski,"Miya Patan, Pokhara, Kaski","Rs.27,000,000",0-8-3-0,2.5,6.0,7.0,,2021-05-05,27000000,8.75,3085714
99aana.com,https://99aana.com/property/house-for-sale-at-imadol-mahalaxmi-lalitpur-8019/,"House for sale at Imadol, Mahalaxmi, Lalitpur",House,Mahalaxmi,Lalitpur,"Imadol, Mahalaxmi, Lalitpur","Rs.30,000,000",0-5-3-1,,,12.0,4.0,2021-05-05,30000000,5.812,5161290
99aana.com,https://99aana.com/property/house-for-sale-at-sitapaila-kathmandu-8016/,"House for sale at Sitapaila, Kathmandu",House,Sitapaila,Kathmandu,"Sitapaila, Kathmandu",Rs. 3 crore 35 Lakh,0-5-1-0,,,,,2021-05-05,33500000,5.25,6380952
99aana.com,https://99aana.com/property/house-for-sale-at-imadol-mahalaxmi-lalitpur-8026/,"House for sale at Imadol, Mahalaxmi, Lalitpur",House,Mahalaxmi,Lalitpur,"Imadol, Mahalaxmi, Lalitpur","Rs.15,200,000",0-2-3-0,,,,,2021-05-06,15200000,2.75,5527273
99aana.com,https://99aana.com/property/house-for-sale-at-kapan-payutar-kathmandu-8027/,"House for sale at Kapan Payutar, Kathmandu",House,Kapan Payutar,Kathmandu,"Kapan Payutar, Kathmandu","Rs.13,500,000",0-3-2-0,,,4.0,2.0,2021-05-06,13500000,3.5,3857143
99aana.com,https://99aana.com/property/house-for-sale-at-kapan-kathmandu-8028/,"House for sale at Kapan, Kathmandu",House,Kapan,Kathmandu,"Kapan, Kathmandu","Rs.11,200,000",0-3-0-0,,,4.0,2.0,2021-05-06,11200000,3.0,3733333
99aana.com,https://99aana.com/property/house-for-sale-at-bhimsengola-kathmandu-8023/,"House for Sale at Bhimsengola, Kathmandu",House,Bhimsengola,Kathmandu,"Bhimsengola, Kathmandu","Rs.165,000,000",1-6-0-0,2.5,,,,2021-05-06,165000000,22.0,7500000
99aana.com,https://99aana.com/property/house-for-sale-at-budhanilkantha-kathmandu-8031/,"House for sale at Budhanilkantha, Kathmandu",House,Budhanilkantha,Kathmandu,"Budhanilkantha, Kathmandu",Rs. 2 crore 35 Lakh,3 Aana 3 paisa,2.5,13.0,5.0,3.0,2021-05-07,23500000,3.75,6266667
99aana.com,https://99aana.com/property/house-for-sale-at-hattiban-lalitpur-8034/,"House for sale at Hattiban, Lalitpur",House,Hattiban,Lalitpur,"Hattiban, Lalitpur","Rs.21,500,000",0-4-0-0,,,11.0,4.0,2021-05-07,21500000,4.0,5375000
99aana.com,https://99aana.com/property/house-for-sale-at-bhangal-budhanilkantha-08-kathmandu-8035/,"House for sale at Bhangal, Budhanilkantha-08, Kathmandu",House,Budhanilkantha,Kathmandu,"Bhangal, Budhanilkantha-08, Kathmandu","Rs.13,500,000",0-3-2-0,1.0,13.0,4.0,2.0,2021-05-07,13500000,3.5,3857143
99aana.com,https://99aana.com/property/house-for-sale-at-budhanilkantha-kathmandu-8036/,"House for sale at Budhanilkantha, Kathmandu",House,Budhanilkantha,Kathmandu,"Budhanilkantha, Kathmandu","Rs.32,500,000",0-4-0-2,2.5,13.0,8.0,3.0,2021-05-07,32500000,4.125,7878788
99aana.com,https://99aana.com/property/house-for-sale-at-mechi-rajmarga-jhapa-8038/,"House for sale at Mechi Rajmarga, jhapa",House,Mechi Rajmarga,Jhapa,"Mechi Rajmarga, jhapa","Rs.19,500,000",1 katha 9 dhur,,,12.0,,2021-05-09,19500000,15.443,1262736
99aana.com,https://99aana.com/property/house-for-sale-at-imadol-18-lalitpur-8044/,"House for sale at Imadol-18, Lalitpur",House,Imadol,Lalitpur,"Imadol-18, Lalitpur","Rs.16,500,000",0-3-0-0,,,7.0,3.0,2021-05-09,16500000,3.0,5500000
99aana.com,https://99aana.com/property/house-for-sale-at-jyotinagar-ekatabasti-sukedhara-kathmandu-8053/,"House for sale at Jyotinagar, Ekatabasti, Sukedhara, Kathmandu",House,Sukedhara,Kathmandu,"Jyotinagar, Ekatabasti, Sukedhara, Kathmandu","Rs.17,000,000",0-2-2-0,,,,,2021-05-10,17000000,2.5,6800000
99aana.com,https://99aana.com/property/house-for-sale-at-syuchatar-kalanki-kathmandu-8047/,"House for sale at Syuchatar, Kalanki, Kathmandu",House,Kalanki,Kathmandu,"Syuchatar, Kalanki, Kathmandu","Rs.19,500,000",0-4-2-0,2.5,13.0,,,2021-05-10,19500000,4.5,4333333
99aana.com,https://99aana.com/property/house-for-sale-at-imadol-mahalaxmi-lalitpur-8054/,"House for sale at Imadol, Mahalaxmi, Lalitpur",House,Mahalaxmi,Lalitpur,"Imadol, Mahalaxmi, Lalitpur","Rs.29,000,000",0-5-0-0,,,,,2021-05-11,29000000,5.0,5800000
99aana.com,https://99aana.com/property/bungalow-for-sale-at-nakhipot-lalitpur-8056/,"Bungalow for sale at Nakhipot, Lalitpur",House,Nakhipot,Lalitpur,"Nakhipot, Lalitpur",Rs 8 crore 50 Lakh,1-1-0-0,,,,,2021-05-11,85000000,17.0,5000000
99aana.com,https://99aana.com/property/house-for-sale-at-imadol-mahalaxmi-lalitpur-8071/,"House for sale at Imadol, Mahalaxmi, Lalitpur",House,Mahalaxmi,Lalitpur,"Imadol, Mahalaxmi, Lalitpur","Rs.22,500,000",0-3-1-2,,,8.0,4.0,2021-05-13,22500000,3.375,6666667
99aana.com,https://99aana.com/property/house-for-sale-at-duwakot-bhaktapur-8072/,"House for sale at Duwakot, Bhaktapur",House,Duwakot,Bhaktapur,"Duwakot, Bhaktapur","Rs.22,000,000",0-5-0-0,2.5,13.0,,,2021-05-13,22000000,5.0,4400000
99aana.com,https://99aana.com/property/house-for-sale-at-imadol-mahalaxmi-lalitpur-8088/,"House for sale at Imadol, Mahalaxmi, Lalitpur",House,Mahalaxmi,Lalitpur,"Imadol, Mahalaxmi, Lalitpur","Rs.19,500,000",0-3-0-0,,,8.0,3.0,2021-05-16,19500000,3.0,6500000
99aana.com,https://99aana.com/property/house-for-sale-at-sundarbasti-bhangal-budhanilkantha-08-kathmandu-8089/,"House for sale at Sundarbasti, Bhangal, Budhanilkantha-08, Kathmandu",House,Budhanilkantha,Kathmandu,"Sundarbasti, Bhangal, Budhanilkantha-08, Kathmandu","Rs.23,500,000",0-3-2-0,2.5,13.0,11.0,3.0,2021-05-16,23500000,3.5,6714286
99aana.com,https://99aana.com/property/house-for-sale-at-rudreshwor-chowk-budhanilkantha-kathmandu-8090/,"House for sale at Rudreshwor Chowk, Budhanilkantha, Kathmandu",House,Budhanilkantha,Kathmandu,"Rudreshwor Chowk, Budhanilkantha, Kathmandu","Rs.37,500,000",5 Aana 2 daam,3.0,18.0,13.0,,2021-05-16,37500000,5.0,7500000
99aana.com,https://99aana.com/property/house-for-sale-at-sinamangal-kathmandu-8086/,"House for sale at Sinamangal, Kathmandu",House,Sinamangal,Kathmandu,"Sinamangal, Kathmandu",Rs. 2 crore 60 Lakh,0-4-0-0,,,,,2021-05-16,26000000,4.0,6500000
99aana.com,https://99aana.com/property/house-for-sale-at-tikathali-lalitpur-8092/,"House for sale at Tikathali, Lalitpur",House,Tikathali,Lalitpur,"Tikathali, Lalitpur",Rs. 1 crore 22 lakh,0-3-0-0,,,4.0,1.0,2021-05-17,12200000,3.0,4066667
99aana.com,https://99aana.com/property/house-for-sale-at-pokhara-kaski-8096/,"House for sale at Pokhara, Kaski",House,Pokhara,Kaski,"Pokhara, Kaski","Rs.14,000,000",0-6-3-0,2.5,6.0,,,2021-05-17,14000000,6.75,2074074
99aana.com,https://99aana.com/property/house-for-sale-at-bhangal-budhanilkantha-kathmandu-8097/,"House for sale at Bhangal, Budhanilkantha, Kathmandu",House,Budhanilkantha,Kathmandu,"Bhangal, Budhanilkantha, Kathmandu","Rs.29,500,000",0-5-0-0,,,,,2021-05-17,29500000,5.0,5900000
99aana.com,https://99aana.com/property/house-for-sale-at-dhapasi-kathmandu-8098/,"House for sale at Dhapasi, Kathmandu",House,Dhapasi,Kathmandu,"Dhapasi, Kathmandu","Rs.35,000,000",0-5-0-0,2.5,16.0,12.0,5.0,2021-05-17,35000000,5.0,7000000
99aana.com,https://99aana.com/property/house-for-sale-at-budhanilkantha-kathmandu-8101/,"House for sale at Budhanilkantha, Kathmandu",House,Budhanilkantha,Kathmandu,"Budhanilkantha, Kathmandu",Rs. 5 crore 90 lakh,7 aana 2 paisa,2.5,13.0,,4.0,2021-05-18,59000000,7.5,7866667
99aana.com,https://99aana.com/property/house-for-sale-at-pepsicola-kathmandu-8106/,"House for Sale at Pepsicola, Kathmandu",House,Pepsicola,Kathmandu,"Pepsicola, Kathmandu","Rs.18,000,000",0-3-0-0,2.5,10.0,10.0,3.0,2021-05-18,18000000,3.0,6000000
99aana.com,https://99aana.com/property/house-for-sale-at-thankot-kathmandu-8105/,"House for sale at Thankot, Kathmandu",House,Thankot,Kathmandu,"Thankot, Kathmandu","Rs.8,800,000",0-2-2-0,2.5,,4.0,,2021-05-18,8800000,2.5,3520000
99aana.com,https://99aana.com/property/house-for-sale-at-nilbarahi-bode-bhaktapur-8108/,"House for sale at Nilbarahi, Bode, Bhaktapur",House,Bode,Bhaktapur,"Nilbarahi, Bode, Bhaktapur","Rs.15,500,000",0-4-0-0,,,,,2021-05-18,15500000,4.0,3875000
99aana.com,https://99aana.com/property/house-for-sale-at-dhapasi-kathmandu-8110/,"House for Sale at Dhapasi, Kathmandu",House,Dhapasi,Kathmandu,"Dhapasi, Kathmandu",Rs. 2 crore 80 Lakh,0-4-1-0,2.5,13.0,,,2021-05-19,28000000,4.25,6588235
99aana.com,https://99aana.com/property/house-for-sale-at-kadaghari-kathmandu-8112/,"House for Sale at Kadaghari, Kathmandu",House,Kadaghari,Kathmandu,"Kadaghari, Kathmandu","Rs.24,500,000",0-4-0-0,3.0,,,,2021-05-19,24500000,4.0,6125000
99aana.com,https://99aana.com/property/house-for-sale-at-tikathali-lalitpur-6819/,"House for sale at Tikathali, Lalitpur",House,Tikathali,Lalitpur,"Tikathali, Lalitpur",Rs. 1 crore 50 lakh,0-3-2-0,,,4.0,1.0,2021-05-19,15000000,3.5,4285714
99aana.com,https://99aana.com/property/house-for-sale-at-gautam-chowk-bharatpur-10-chitwan-8109/,"House for sale at Gautam chowk, Bharatpur-10, Chitwan",House,Bharatpur,Chitwan,"Gautam chowk, Bharatpur-10, Chitwan",Rs. 2 crore 75 Lakh,13 dhur,,,,,2021-05-19,27500000,6.923,3972512
99aana.com,https://99aana.com/property/house-for-sale-at-bharatpur-09-chitwan-8113/,"House for sale at Bharatpur-09, Chitwan",House,Bharatpur,Chitwan,"Bharatpur-09, Chitwan","Rs.14,000,000",14.5 dhur,,,6.0,2.0,2021-05-19,14000000,7.721,1813159
99aana.com,https://99aana.com/property/house-for-sale-at-sukedhara-kathmandu-8114/,"House for sale at Sukedhara, Kathmandu",House,Sukedhara,Kathmandu,"Sukedhara, Kathmandu","Rs.30,000,000",4 aana,2.5,13.0,,,2021-05-19,30000000,4.0,7500000
99aana.com,https://99aana.com/property/house-for-sale-at-thankot-kathmandu-8129/,"House for sale at Thankot, Kathmandu",House,Thankot,Kathmandu,"Thankot, Kathmandu",Rs. 1 crore 5 lakh,0-3-0-0,,,4.0,,2021-05-21,10500000,3.0,3500000
99aana.com,https://99aana.com/property/house-for-sale-at-makalbari-kathmandu-8134/,"House for sale at Makalbari, Kathmandu",House,Makalbari,Kathmandu,"Makalbari, Kathmandu","Rs.15,000,000",0-3-2-0,,,4.0,1.0,2021-05-21,15000000,3.5,4285714
99aana.com,https://99aana.com/property/house-for-sale-at-sitapaila-kathmandu-8128/,"House for sale at Sitapaila, Kathmandu",House,Sitapaila,Kathmandu,"Sitapaila, Kathmandu","Rs.23,200,000",0-3-2-0,,,12.0,3.0,2021-05-21,23200000,3.5,6628571
99aana.com,https://99aana.com/property/house-for-sale-at-ochu-height-imadol-lalitpur-8127/,"House for sale at Ochu height, Imadol, Lalitpur",House,Imadol,Lalitpur,"Ochu height, Imadol, Lalitpur","Rs.21,000,000",0-3-2-0,,,9.0,3.0,2021-05-21,21000000,3.5,6000000
99aana.com,https://99aana.com/property/house-for-sale-at-hattidanda-gothatar-height-kathmandu-8135/,"House for sale at Hattidanda, Gothatar Height, Kathmandu",House,Gothatar Height,Kathmandu,"Hattidanda, Gothatar Height, Kathmandu","Rs.12,100,000",2 Aana 3 paisa,1.0,6.0,4.0,1.0,2021-05-21,12100000,2.75,4400000
99aana.com,https://99aana.com/property/house-for-sale-at-baniyatar-kathmandu-8137/,"House for sale at Baniyatar, Kathmandu",House,Baniyatar,Kathmandu,"Baniyatar, Kathmandu",Rs. 1 Crore 40 lakh,0-3-0-0,,,4.0,1.0,2021-05-21,14000000,3.0,4666667
99aana.com,https://99aana.com/property/house-for-sale-at-narayantar-kathmandu-8138/,"House for sale at Narayantar, kathmandu",House,Narayantar,Kathmandu,"Narayantar, Kathmandu",Rs. 1 crore 65 lakh,0-2-3-0,,,,,2021-05-21,16500000,2.75,6000000
99aana.com,https://99aana.com/property/house-for-sale-at-narephat-koteshwor-kathmandu-8143/,"House for sale at Narephat, Koteshwor, Kathmandu",House,Koteshwor,Kathmandu,"Narephat, Koteshwor, Kathmandu",Rs. 3 crore 90 lakh,0-6-0-0,,,,,2021-05-23,39000000,6.0,6500000
99aana.com,https://99aana.com/property/house-for-sale-at-dhungedhara-kathmandu-8141/,"House for Sale at Dhungedhara, Kathmandu",House,Dhungedhara,Kathmandu,"Dhungedhara, Kathmandu",Rs. 1 crore 75 lakh,0-5-1-0,2.5,13.0,,,2021-05-23,17500000,5.25,3333333
99aana.com,https://99aana.com/property/house-for-sale-at-tikathali-lalitpur-8147/,"House for sale at Tikathali, Lalitpur",House,Tikathali,Lalitpur,"Tikathali, Lalitpur","Rs.14,900,000",0-4-0-0,,,4.0,1.0,2021-05-23,14900000,4.0,3725000
99aana.com,https://99aana.com/property/house-for-sale-at-tikathali-lalitpur-8159/,"House for sale at Tikathali, Lalitpur",House,Imadol,Lalitpur,"Imadol, Lalitpur",Rs. 1 crore 22 lakh,0-3-0-0,,,4.0,1.0,2021-05-24,12200000,3.0,4066667
99aana.com,https://99aana.com/property/house-for-sale-at-kalanki-kathmandu-8155/,"House for sale at Kalanki, Kathmandu",House,Kalanki,Kathmandu,"Kalanki, Kathmandu","Rs.27,000,000",0-3-0-0,,,16.0,8.0,2021-05-24,27000000,3.0,9000000
99aana.com,https://99aana.com/property/house-for-sale-at-jyotinagar-ekatabasti-sukedhara-kathmandu-8156/,"House for sale at Jyotinagar, Ekatabasti, Sukedhara, Kathmandu",House,Sukedhara,Kathmandu,"Ekatabasti, Jyotinagar, Sukedhara, Kathmandu","Rs.36,000,000",0-6-0-0,,,,,2021-05-24,36000000,6.0,6000000
99aana.com,https://99aana.com/property/house-for-sale-at-gothatar-height-kathmandu-8158/,"House for sale at Gothatar Height, Kathmandu",House,Gothatar Height,Kathmandu,"Gothatar Height, Kathmandu","Rs.16,500,000",0-3-0-0,2.5,10.0,9.0,3.0,2021-05-24,16500000,3.0,5500000
99aana.com,https://99aana.com/property/house-for-sale-at-kadaghari-kathmandu-8171/,"House for sale at Kadaghari, Kathmandu",House,Kadaghari,Kathmandu,"Kadaghari, Kathmandu","Rs.23,500,000",4 Aana,2.5,12.0,11.0,3.0,2021-05-25,23500000,4.0,5875000
99aana.com,https://99aana.com/property/house-for-sale-at-imadol-lalitpur-8162/,"House for sale at Imadol, Lalitpur",House,Imadol,Lalitpur,"Imadol, Lalitpur",Rs. 2 crore 70 lakh,0-3-2-0,,,9.0,,2021-05-25,27000000,3.5,7714286
99aana.com,https://99aana.com/property/house-for-sale-at-manjushree-colony-bhaisepati-lalitpur-8172/,"House for sale at Manjushree Colony, Bhaisepati, Lalitpur",House,Bhaisepati,Lalitpur,"Manjushree Colony, Bhaisepati, Lalitpur","Rs.45,000,000",13 Aana,2.5,15.0,7.0,3.0,2021-05-25,45000000,13.0,3461538
99aana.com,https://99aana.com/property/house-for-sale-at-kadaghari-kathmandu-8189/,"House for Sale at Kadaghari, Kathmandu",House,Kadaghari,Kathmandu,"Kadaghari, Kathmandu",Rs. 2 crore 90 lakh,0-4-0-0,2.5,,18.0,,2021-05-26,29000000,4.0,7250000
99aana.com,https://99aana.com/property/house-for-sale-at-pepsicola-kathmandu-8190/,"House for Sale at Pepsicola, Kathmandu",House,Pepsicola,Kathmandu,"Pepsicola, Kathmandu",Rs. 3 crore 25 lakh,0-4-0-0,2.5,14.0,,,2021-05-26,32500000,4.0,8125000
99aana.com,https://99aana.com/property/house-for-sale-at-narayantar-kathmandu-8174/,"House for sale at Narayantar, Kathmandu",House,Narayantar,Kathmandu,"Narayantar, Kathmandu",Rs 3 crore 40 lakh,0-4-2-0,,,13.0,,2021-05-26,34000000,4.5,7555556
99aana.com,https://99aana.com/property/house-for-sale-at-golfutar-height-budhanilkantha-kathmandu-8178/,"House for sale at Golfutar height, Budhanilkantha, Kathmandu",House,Budhanilkantha,Kathmandu,"Golfutar height, Budhanilkantha, Kathmandu",Rs. 11 crore,1-3-0-0,2.5,13.0,,,2021-05-26,110000000,19.0,5789474
99aana.com,https://99aana.com/property/house-for-sale-at-lubhu-lalitpur-8176/,"House for sale at Lubhu, Lalitpur",House,Lubhu,Lalitpur,"Lubhu, Lalitpur",Rs 2 crore 20 lakh,0-3-1-0,,,8.0,,2021-05-26,22000000,3.25,6769231
99aana.com,https://99aana.com/property/house-for-sale-at-tokha-kathmandu-8212/,"House for sale at Tokha, Kathmandu",House,Tokha,Kathmandu,"Tokha, Kathmandu",Rs. 2 crore 75 Lakh,0-4-0-0,2.0,13.0,6.0,2.0,2021-05-27,27500000,4.0,6875000
99aana.com,https://99aana.com/property/house-for-sale-at-chabahil-kathmandu-8205/,"House for sale at Chabahil, Kathmandu",House,Chabahil,Kathmandu,"Chabahil, Kathmandu",Rs. 10 crore,2-10-2-0,3.0,13.0,,,2021-05-27,100000000,42.5,2352941
99aana.com,https://99aana.com/property/house-for-sale-at-bharatpur-chitwan-8203/,"House for Sale at Bharatpur, Chitwan",House,Bharatpur,Chitwan,"Bharatpur, Chitwan",Rs. 90 Lakh,11.50 Dhur,1.0,6.0,4.0,,2021-05-27,9000000,6.124,1469673
99aana.com,https://99aana.com/property/bungalow-for-sale-at-mahalaxmisthan-lalitpur-8204/,Bungalow for sale at Mahalaxmisthan Lalitpur,House,Mahalaxmisthan,Lalitpur,"Mahalaxmisthan, Lalitpur",Rs. 11 crore,1-3-0-0,,,,,2021-05-27,110000000,19.0,5789474
99aana.com,https://99aana.com/property/house-for-sale-at-kadaghari-kathmandu-8217/,"House for Sale at Kadaghari, Kathmandu",House,Kadaghari,Kathmandu,"Kadaghari, Kathmandu",Rs. 1 crore 75 Lakh,3 Aana,2.5,11.0,9.0,3.0,2021-05-28,17500000,3.0,5833333
99aana.com,https://99aana.com/property/house-for-sale-at-budhanilkantha-kathmandu-8221/,"House for sale at Budhanilkantha, Kathmandu",House,Budhanilkantha,Kathmandu,"Budhanilkantha, Kathmandu","Rs.35,000,000",0-5-0-0,,,7.0,3.0,2021-05-28,35000000,5.0,7000000
99aana.com,https://99aana.com/property/house-for-sale-at-kapan-budhanilkantha-kathmandu-8223/,"House for sale at Kapan, Budhanilkantha, Kathmandu",House,Budhanilkantha,Kathmandu,"Kapan, Budhanilkantha, Kathmandu","Rs.21,500,000",0-3-2-0,2.5,13.0,11.0,3.0,2021-05-28,21500000,3.5,6142857
99aana.com,https://99aana.com/property/house-for-sale-at-kadaghari-kathmandu-8216/,House for Sale at Kadaghari Kathmandu,House,Kadaghari Kathmandu,,Kadaghari Kathmandu,Rs. 1 crore 90 Lakh,0-3-0-0,2.5,,,,2021-05-28,19000000,3.0,6333333
99aana.com,https://99aana.com/property/house-for-sale-at-bhaisepati-lalitpur-8224/,"House for Sale at Bhaisepati, Lalitpur",House,Bhaisepati,Lalitpur,"Bhaisepati, Lalitpur","Rs.23,000,000",3 Aana,2.5,13.0,6.0,2.0,2021-05-28,23000000,3.0,7666667
99aana.com,https://99aana.com/property/house-for-sale-at-kapan-kathmandu-8226/,"House for sale at Kapan, Kathmandu",House,Kapan,Kathmandu,"Kapan, Kathmandu",Rs 1 crore 30 lakh,0-3-0-1,,,4.0,1.0,2021-05-28,13000000,3.062,4244898
99aana.com,https://99aana.com/property/house-for-sale-at-new-road-kathmandu-8220/,"House for sale at New Road, Kathmandu",House,New,Kathmandu,"New Road, Kathmandu",Rs. 90 lakh,0-2-0-0,,,,,2021-05-28,9000000,2.0,4500000
99aana.com,https://99aana.com/property/house-for-sale-at-budhanilkantha-kathmandu-8215/,"House for sale at Budhanilkantha, Kathmandu",House,Budhanilkantha,Kathmandu,"Budhanilkantha, Kathmandu",Rs 1 crore 60 lakh,0-2-3-0,,,,,2021-05-28,16000000,2.75,5818182
99aana.com,https://99aana.com/property/house-for-sale-at-jarankhu-kathmandu-8213/,"House for sale at Jarankhu, Kathmandu",House,Jarankhu,Kathmandu,"Jarankhu, Kathmandu",Rs 1 crore 70 lakh,0-3-2-0,,,7.0,3.0,2021-05-28,17000000,3.5,4857143
99aana.com,https://99aana.com/property/house-for-sale-at-gothatar-kathmandu-8214/,"House for sale at Gothatar, Kathmandu",House,Gothatar,Kathmandu,"Gothatar, Kathmandu",Rs 2 crore 80 lakh,0-5-0-0,,,12.0,5.0,2021-05-28,28000000,5.0,5600000
99aana.com,https://99aana.com/property/house-for-sale-at-anamnagar-kathmandu-8236/,"House for sale at Anamnagar, Kathmandu",House,Anamnagar,Kathmandu,"Anamnagar, Kathmandu","Rs, 4 crore 65 lakh",0-4-1-0,,,10.0,,2021-05-30,46500000,4.25,10941176
99aana.com,https://99aana.com/property/house-for-sale-at-budhanilkantha-kathmandu-8235/,"House for sale at Budhanilkantha, Kathmandu",House,Budhanilkantha,Kathmandu,"Budhanilkantha, Kathmandu",Rs 1 crore 60 lakh,0-2-2-0,,,,,2021-05-30,16000000,2.5,6400000
99aana.com,https://99aana.com/property/house-for-sale-at-kadaghari-kathmandu-8239/,"House for Sale at Kadaghari, Kathmandu",House,Kadaghari,Kathmandu,"Kadaghari, Kathmandu",Rs. 2 crore 35 Lakh,4 Aana,2.5,20.0,12.0,3.0,2021-05-31,23500000,4.0,5875000
99aana.com,https://99aana.com/property/house-for-sale-at-thali-kathmandu-8245/,"House for sale at Thali, Kathmandu",House,Thali,Kathmandu,"Thali, Kathmandu","Rs.11,000,000",0-3-1-2,,,,,2021-05-31,11000000,3.375,3259259
99aana.com,https://99aana.com/property/house-for-sale-at-bhaktapur-8247/,House for sale at Bhaktapur,House,,Bhaktapur,Bhaktapur,"Rs.8,500,000",0-3-0-0,,,,,2021-05-31,8500000,3.0,2833333
99aana.com,https://99aana.com/property/house-for-sale-at-thamel-kathmandu-8251/,"House for sale at Thamel, Kathmandu",House,Thamel,Kathmandu,"Thamel, Kathmandu",Rs 3 crore 50 lakh,0-2-0-0,,,16.0,5.0,2021-05-31,35000000,2.0,17500000
99aana.com,https://99aana.com/property/house-for-sale-at-sitapaila-kathmandu-8241/,"House for Sale at Sitapaila, kathmandu",House,Sitapaila,Kathmandu,"Sitapaila, kathmandu",Rs. 2 crore 30 lakh,0-4-0-1,3.5,,14.0,,2021-05-31,23000000,4.062,5661538
99aana.com,https://99aana.com/property/house-for-sale-at-kapan-kathmandu-8250/,"House for sale at Kapan, Kathmandu",House,Kapan,Kathmandu,"Kapan, Kathmandu",Rs 3 crore 20 lakh,0-4-0-0,,,,,2021-05-31,32000000,4.0,8000000
99aana.com,https://99aana.com/property/house-for-sale-at-putalisadak-kathmandu-8242/,"House for Sale at Putalisadak, Kathmandu",House,Putalisadak,Kathmandu,"Putalisadak, Kathmandu",Rs. 7 crore 80 lakh,0-6-2-0,2.5,,11.0,,2021-05-31,78000000,6.5,12000000
99aana.com,https://99aana.com/property/house-for-sale-at-hariyali-samaj-lolang-kathmandu-8262/,"House for sale at Hariyali Samaj, Lolang, Kathmandu",House,Lolang,Kathmandu,"Hariyali Samaj, Lolang, Kathmandu","Rs.15,500,000",4 Aana 2 paisa,2.5,13.0,,,2021-06-01,15500000,4.5,3444444
99aana.com,https://99aana.com/property/house-for-sale-at-kapan-kathmandu-8257/,"House for sale at Kapan, Kathmandu",House,Kapan,Kathmandu,"Kapan, Kathmandu",Rs 1 crore 21 lakh,0-3-0-0,,,4.0,1.0,2021-06-01,12100000,3.0,4033333
99aana.com,https://99aana.com/property/house-for-sale-at-gopikrishna-kathmandu-8256/,"House for sale at Gopikrishna, Kathmandu",House,Gopikrishna,Kathmandu,"Gopikrishna, Kathmandu",Rs 5 crore 25 lakh,0-5-0-0,,,,,2021-06-01,52500000,5.0,10500000
99aana.com,https://99aana.com/property/house-for-sale-at-mangalbare-urlabari-morang-8269/,"House for sale at Mangalbare, Urlabari, Morang",House,Urlabari,Morang,"Mangalbare, Urlabari, Morang","Rs.3,500,000",10 dhur,,,,,2021-06-02,3500000,5.325,657270
99aana.com,https://99aana.com/property/house-for-sale-at-prathana-colony-budhanilkantha-kathmandu-8270/,"House for sale at Prathana Colony, Budhanilkantha, Kathmandu",House,Budhanilkantha,Kathmandu,"Prathana Colony, Budhanilkantha, Kathmandu","Rs.22,500,000",3 Aana 1 paisa,2.5,11.0,11.0,3.0,2021-06-02,22500000,3.25,6923077
99aana.com,https://99aana.com/property/house-for-sale-at-kadaghari-kathmandu-8273/,"House for Sale at Kadaghari, Kathmandu",House,Kadaghari,Kathmandu,"Kadaghari, Kathmandu","Rs.23,000,000",3 Aana 2 paisa,2.5,20.0,11.0,3.0,2021-06-02,23000000,3.5,6571429
99aana.com,https://99aana.com/property/house-for-sale-at-gothatar-kathmandu-8277/,"House for Sale at Gothatar, Kathmandu",House,Gothatar,Kathmandu,"Gothatar, Kathmandu",Rs. 1 crore 18 Lakh,0-2-3-0,1.5,13.0,4.0,1.0,2021-06-03,11800000,2.75,4290909
99aana.com,https://99aana.com/property/house-for-sale-at-chhauni-kathmandu-8281/,"House for sale at Kimdol, Chhauni Kathmandu",House,Chhauni,Kathmandu,"Chhauni, Kathmandu",Rs. 8 crore 50 Lakh,0-12-2-0,,,,,2021-06-03,85000000,12.5,6800000
99aana.com,https://99aana.com/property/house-for-sale-at-kapan-kathmandu-8278/,"House for sale at Kapan, Kathmandu",House,Kapan,Kathmandu,"Kapan, Kathmandu",Rs 2 crore 10 lakh,0-3-0-0,,,,,2021-06-03,21000000,3.0,7000000
99aana.com,https://99aana.com/property/house-for-sale-at-budhanilkantha-kathmandu-8283/,"House for Sale at Budhanilkantha, Kathmandu",House,Budhanilkantha,Kathmandu,"Budhanilkantha, Kathmandu","Rs.31,700,000",0-4-0-0,2.5,13.0,8.0,4.0,2021-06-03,31700000,4.0,7925000
99aana.com,https://99aana.com/property/house-for-sale-at-imadol-lalitpur-8279/,"House for sale at Imadol, Lalitpur",House,Imadol,Lalitpur,"Imadol, Lalitpur",Rs 2 crore 40 lakh,0-3-3-0,,,9.0,3.0,2021-06-03,24000000,3.75,6400000
99aana.com,https://99aana.com/property/house-for-sale-at-hattiban-lalitpur-8286/,"House for sale at Hattiban, Lalitpur",House,Hattiban,Lalitpur,"Hattiban, Lalitpur",Rs 2 crore 15 lakh,0-4-0-0,,,40.0,4.0,2021-06-03,21500000,4.0,5375000
99aana.com,https://99aana.com/property/house-for-sale-at-imadol-lalitpur-8280/,"House for sale at Imadol, Lalitpur",House,Imadol,Lalitpur,"Imadol, Lalitpur",Rs 2 crore 30 lakh,0-3-1-0,,,9.0,4.0,2021-06-03,23000000,3.25,7076923
99aana.com,https://99aana.com/property/house-for-sale-at-imadol-lalitpur-8278/,"House for sale at Imadol, Lalitpur",House,Imadol,Lalitpur,"Imadol, Lalitpur",Rs 2 crore 20 lakh,0-4-0-0,,,,,2021-06-04,22000000,4.0,5500000
99aana.com,https://99aana.com/property/house-for-sale-at-bhangal-kathmandu-8289/,"House for sale at Bhangal, Kathmandu",House,Bhangal,Kathmandu,"Bhangal, Kathmandu",Rs 1 crore 85 lakh,0-3-0-0,,,8.0,3.0,2021-06-04,18500000,3.0,6166667
99aana.com,https://99aana.com/property/house-for-sale-at-bhangal-kathmandu-8288/,"House for sale at Bhangal, Kathmandu",House,Bhangal,Kathmandu,"Bhangal, Kathmandu",Rs 2 crore 35 lakh,0-4-0-0,,,11.0,,2021-06-04,23500000,4.0,5875000
99aana.com,https://99aana.com/property/house-for-sale-at-kapan-kathmandu-8311/,"House for sale at Kapan, Kathmandu",House,Kapan,Kathmandu,"Kapan, Kathmandu",Rs.3 crore 10 lakh,0-4-3-0,,,,,2021-06-06,31000000,4.75,6526316
99aana.com,https://99aana.com/property/house-for-sale-at-bisandol-lalitpur-8307/,"House for sale at Bisandol, Lalitpur",House,Bisandol,Lalitpur,"Bisandol, Lalitpur","Rs.11,500,000",0-3-0-0,,,4.0,2.0,2021-06-06,11500000,3.0,3833333
99aana.com,https://99aana.com/property/house-for-sale-at-pepsicola-kathmandu-8313/,"House for Sale at Pepsicola, Kathmandu",House,Pepsicola,Kathmandu,"Pepsicola, Kathmandu",Rs. 1 Crore 60 Lakh,0-3-0-0,2.5,10.0,,,2021-06-06,16000000,3.0,5333333
99aana.com,https://99aana.com/property/house-for-sale-at-imadol-lalitpur-8321/,"House for sale at Imadol, Lalitpur",House,Imadol,Lalitpur,"Imadol, Lalitpur",Rs 1 crore 52 lakh,0-2-3-0,,,,,2021-06-07,15200000,2.75,5527273
99aana.com,https://99aana.com/property/house-for-sale-at-imadol-lalitpur-8320/,"House for sale at Imadol, Lalitpur",House,Imadol,Lalitpur,"Imadol, Lalitpur",Rs 1 crore 40 lakh,0-3-1-0,,,4.0,,2021-06-07,14000000,3.25,4307692
99aana.com,https://99aana.com/property/house-for-sale-at-budhanilkantha-kathmandu-8316/,"House for sale at Budhanilkantha, Kathmandu",House,Budhanilkantha,Kathmandu,"Budhanilkantha, Kathmandu","Rs.34,000,000",5 Aana 2 daam,2.5,13.0,9.0,5.0,2021-06-07,34000000,5.0,6800000
99aana.com,https://99aana.com/property/house-for-sale-at-mandikhatar-kathmandu-8317/,"House for Sale at Mandikhatar, Kathmandu",House,Mandikhatar,Kathmandu,"Mandikhatar, Kathmandu","Rs.23,500,000",3.25 aana,2.5,16.0,11.0,3.0,2021-06-07,23500000,3.25,7230769
99aana.com,https://99aana.com/property/house-for-sale-at-shanischare-jhapa-8318/,"House for sale at Shanischare, Jhapa",House,Shanischare,Jhapa,"Shanischare, Jhapa","Rs.4,200,000",10 dhur,,,4.0,,2021-06-07,4200000,5.325,788724
99aana.com,https://99aana.com/property/house-for-sale-at-mandikatar-kathmandu-8331/,"House for sale at Mandikatar, Kathmandu",House,Kathamandu,,"Mandikatar, Kathamandu",Rs 2 crore 70 lakh,0-3-2-0,,,10.0,,2021-06-08,27000000,3.5,7714286
99aana.com,https://99aana.com/property/house-for-sale-at-tokha-kathmandu-8332/,"House for sale at Tokha, Kathmandu",House,Tokha,Kathmandu,"Tokha, Kathmandu",Rs 2 crore 60 lakh,0-4-0-0,,,,,2021-06-08,26000000,4.0,6500000
99aana.com,https://99aana.com/property/house-for-sale-at-gothatar-height-kathmandu-8335/,"House for sale at Gothatar Height, Kathmandu",House,Gothatar Height,Kathmandu,"Gothatar height, Kathmandu","Rs.17,500,000",0-5-0-0,2.5,10.0,6.0,3.0,2021-06-08,17500000,5.0,3500000
99aana.com,https://99aana.com/property/house-for-sale-at-gothatar-height-kathmandu-8351/,"House for sale at Gothatar Height, Kathmandu",House,Gothatar Height,Kathmandu,"Gothatar Height, Kathmandu",Rs. 1 crore 68 lakh,0-3-0-0,2.5,10.0,,,2021-06-09,16800000,3.0,5600000
99aana.com,https://99aana.com/property/house-for-sale-at-budhanilkantha-kathmandu-8352/,"House for Sale at Budhanilkantha, Kathmandu",House,Rs Crore Lakh,,Rs. 1 crore 75 lakh,Rs. 1 crore 75 Lakh,3 Aana,2.5,13.0,,,2021-06-09,17500000,3.0,5833333
99aana.com,https://99aana.com/property/house-for-sale-at-gokarna-kathmandu-8342/,"House for sale at Jorpati, Kathmandu",House,Gokarna,Kathmandu,"Gokarna, Kathmandu",Rs 1 crore 55 lakh,0-3-1-0,,,8.0,,2021-06-09,15500000,3.25,4769231
99aana.com,https://99aana.com/property/house-for-sale-at-sitapaila-kathmandu-8353/,"House for Sale at Sitapaila, kathmandu",House,Sitapaila,Kathmandu,"Sitapaila, kathmandu",Rs. 3 crore,0-4-0-1,2.5,,,,2021-06-09,30000000,4.062,7384615
99aana.com,https://99aana.com/property/house-for-sale-at-imadol-lalitpur-8345/,"House for sale at Imadol, Lalitpur",House,Imadol,Lalitpur,"Imadol, Lalitpur",Rs 1 crore 30 lakh,0-2-3-0,,,3.0,1.0,2021-06-09,13000000,2.75,4727273
99aana.com,https://99aana.com/property/house-for-sale-at-gothatar-height-kathmandu-8368/,"House for sale at Gothatar Height, Kathmandu",House,Gothatar Height,Kathmandu,"Gothatar Height, Kathmandu",Rs. 1 Crore 62 Lakh,0-3-0-0,2.0,10.0,,,2021-06-11,16200000,3.0,5400000
99aana.com,https://99aana.com/property/house-for-sale-at-pepsicola-kathmandu-8369/,"House for sale at Pepsicola, Kathmandu",House,Pepsicola,Kathmandu,"Pepsicola, Kathmandu",Rs. 1 Crore 62 Lakh,0-3-0-0,2.0,10.0,,,2021-06-11,16200000,3.0,5400000
99aana.com,https://99aana.com/property/house-for-sale-at-tikathali-lalitpur-8370/,"House for sale at Tikathali, Lalitpur",House,Tikathali,Lalitpur,"Tikathali, Lalitpur",Rs.1 crore 80 lakh,0-3-0-0,,,9.0,,2021-06-11,18000000,3.0,6000000
99aana.com,https://99aana.com/property/house-for-sale-at-kapan-kathmandu-8379/,"House for sale at Kapan, Kathmandu",House,Kapan,Kathmandu,"Kapan, Kathmandu",Rs 1 crore 60 lakh,0-3-0-0,,,10.0,3.0,2021-06-11,16000000,3.0,5333333
99aana.com,https://99aana.com/property/house-for-sale-at-budhanilkantha-kathmandu-8381/,"House for sale at Budhanilkantha, Kathmandu",House,Budhanilkantha,Kathmandu,"Budhanilkantha, Kathmandu",Rs. 2 core 10 lakh,0-3-3-0,,,9.0,,2021-06-13,1000000,3.75,266667
99aana.com,https://99aana.com/property/house-for-sale-at-gothatar-kathmandu-8382/,"House for sale at Gothatar, Kathmandu",House,Gothatar,Kathmandu,"Gothatar, Kathmandu",Rs. 1 crore 82 lakh,0-3-0-0,,,,,2021-06-13,18200000,3.0,6066667
99aana.com,https://99aana.com/property/house-for-sale-at-karyabinayak-lalitpur-8383/,"House for sale at Karyabinayak, Lalitpur",House,Karyabinayak,Lalitpur,"Karyabinayak, Lalitpur",Rs. 2 crore 70 lakh,0-3-2-0,2.5,,,,2021-06-13,27000000,3.5,7714286
99aana.com,https://99aana.com/property/house-for-sale-at-imadol-lalitpur-8392/,"House for sale at Imadol, Lalitpur",House,Imadol,Lalitpur,"Imadol, Lalitpur",Rs 2 crore 10 lakh,0-3-0-0,,,8.0,,2021-06-13,21000000,3.0,7000000
99aana.com,https://99aana.com/property/house-for-sale-at-budhanilkantha-kathmandu-8397/,"House for sale at Budhanilkantha, Kathmandu",House,Budhanilkantha,Kathmandu,"Budhanilkantha, Kathmandu",Rs. 2 crore 35 Lakh,0-4-0-0,,,,,2021-06-14,23500000,4.0,5875000
99aana.com,https://99aana.com/property/house-for-sale-at-pokhara-kaski-8402/,"House for sale at Pokhara, Kaski",House,Pokhara,Kaski,"Pokhara, Kaski",Rs. 3 crore,0-4-0-0,2.5,20.0,,,2021-06-15,30000000,4.0,7500000
99aana.com,https://99aana.com/property/house-for-sale-at-sitapaila-kathmandu-8401/,"House for sale at Sitapaila, Kathmandu",House,Sitapaila,Kathmandu,"Sitapaila, Kathmandu","Rs.26,000,000",0-3-2-0,,,11.0,3.0,2021-06-14,26000000,3.5,7428571
99aana.com,https://99aana.com/property/house-for-sale-at-imadol-mahalaxmi-lalitpur-8407/,"House for sale at Imadol, Mahalaxmi, Lalitpur",House,Mahalaxmi,Lalitpur,"Imadol, Mahalaxmi, Lalitpur","Rs.24,000,000",0-3-2-0,,,9.0,3.0,2021-06-15,24000000,3.5,6857143
99aana.com,https://99aana.com/property/house-for-sale-at-sheetal-height-imadol-lalitpur-8417/,"House for sale at Sheetal Height, Imadol, Lalitpur",House,Imadol,Lalitpur,"Sheetal height, Imadol, Lalitpur","Rs.22,500,000",0-3-1-0,,,8.0,3.0,2021-06-16,22500000,3.25,6923077
99aana.com,https://99aana.com/property/house-for-sale-at-kapan-budhanilkantha-kathmandu-8416/,"House for Sale at Kapan, Budhanilkantha, Kathmandu",House,Budhanilkantha,Kathmandu,"Kapan, Budhanilkantha, Kathmandu","Rs.21,000,000",0-3-0-2,2.5,20.0,11.0,3.0,2021-06-16,21000000,3.125,6720000
99aana.com,https://99aana.com/property/house-for-sale-at-bhadrakali-pokhara-13-kaski-8426/,"House for sale at Bhadrakali, Pokhara-13, Kaski",House,Pokhara,Kaski,"Bhadrakali, Pokhara-13, Kaski","Rs.11,500,000",0-4-0-0,2.0,,,,2021-06-17,11500000,4.0,2875000
99aana.com,https://99aana.com/property/house-for-sale-at-tokha-kathmandu-8410/,"House for sale at Tokha, Kathmandu",House,Tokha,Kathmandu,"Tokha, Kathmandu",Rs. 2 crore 60 lakh,0-4-0-0,,,,,2021-06-16,26000000,4.0,6500000
99aana.com,https://99aana.com/property/house-for-sale-at-kalanki-kathmandu-8424/,"House for Sale at Kalanki, Kathmandu",House,Kalanki,Kathmandu,"Kalanki, Kathmandu","Rs.52,500,000",0-6-0-0,3.5,20.0,18.0,4.0,2021-06-17,52500000,6.0,8750000
99aana.com,https://99aana.com/property/house-for-sale-at-gairidhara-kathmandu-8434/,"House for sale at Gairidhara, Kathmandu",House,Gairidhara,Kathmandu,"Gairidhara, Kathmandu","Rs 7,75,00,000",0-8-0-1,,,19.0,6.0,2021-06-18,77500000,8.062,9612403
99aana.com,https://99aana.com/property/house-for-sale-at-sitapaila-kathmandu-8439/,"House for sale at Sitapaila, Kathmandu",House,Sitapaila,Kathmandu,"Sitapaila, Kathmandu","Rs.18,000,000",0-4-1-0,,,9.0,3.0,2021-06-18,18000000,4.25,4235294
99aana.com,https://99aana.com/property/house-for-sale-at-banepa-pulbazar-8451/,"House for sale at Banepa, Pulbazar",House,Pulbazar,Kavrepalanchok,"Banepa, Pulbazar",Rs 1 Crore 65 Lakh,0-2-3-3,2.5,20.0,11.0,3.0,2021-06-20,16500000,2.938,5617021
99aana.com,https://99aana.com/property/house-for-sale-at-kapan-kathmandu-7-8452/,"House for sale at Kapan, Kathmandu",House,Kapan,Kathmandu,"Kapan, Kathmandu",Rs 2 Crore 45 Lakh,3 aana 2 paisa,3.0,12.0,,,2021-06-20,24500000,3.5,7000000
99aana.com,https://99aana.com/property/house-for-sale-at-tenzing-chowk-kapan-kathmandu-8448/,"House for sale at Tenzing Chowk, Kapan, Kathmandu",House,Kapan,Kathmandu,"Tenzing Chowk, Kapan, Kathmandu","Rs.24,500,000",0-3-2-0,2.5,12.0,7.0,3.0,2021-06-20,24500000,3.5,7000000
99aana.com,https://99aana.com/property/house-for-sale-at-bharatpur-11-chitwan-8450/,"House for sale at Bharatpur-11, Chitwan",House,Bharatpur,Chitwan,"Bharatpur-11, Chitwan","Rs.9,700,000",9.5 dhur,,,6.0,2.0,2021-06-20,9700000,5.059,1917450
99aana.com,https://99aana.com/property/house-for-sale-at-kadaghari-kathmandu-8445/,"House for Sale at Kadaghari, Kathmandu",House,Kadaghari,Kathmandu,"Kadaghari, Kathmandu",Rs. 1 crore 65 lakh,3 Aana,2.5,10.0,11.0,,2021-06-20,16500000,3.0,5500000
99aana.com,https://99aana.com/property/house-for-sale-at-jyotinagar-ekatabasti-kathmandu-8447/,"House for sale at Jyotinagar, Ekatabasti, Kathmandu",House,Ektabasti,Kathmandu,"Jyotinagar, Ektabasti, Kathmandu","Rs.33,500,000",0-5-3-0,,,8.0,3.0,2021-06-20,33500000,5.75,5826087
99aana.com,https://99aana.com/property/house-for-sale-at-chhauni-kathmandu-8458/,"House for sale at Chhauni, Kathmandu",House,Chhauni,Kathmandu,"Chhauni, Kathmandu","Rs.85,000,000",0-12-2-1,,,,,2021-06-21,85000000,12.562,6766169
99aana.com,https://99aana.com/property/house-for-sale-at-kageshwori-manohara-kathmandu-8459/,"House for Sale at Kageshwori Manohara, Kathmandu",House,Kageshwori Manohara,Kathmandu,"Kageshwori Manohara, Kathmandu","Rs.27,000,000",0-4-2-0,2.5,25.0,,,2021-06-21,27000000,4.5,6000000
99aana.com,https://99aana.com/property/house-for-sale-at-pepsicola-kathmandu-8462/,"House for Sale at Pepsicola, Kathmandu",House,Pepsicola,Kathmandu,"Pepsicola, Kathmandu","Rs.22,500,000",0-3-0-0,,10.0,15.0,,2021-06-21,22500000,3.0,7500000
99aana.com,https://99aana.com/property/house-for-sale-at-dhungedhara-sano-bharyang-kathmandu-8455/,"House for Sale at Dhungedhara-Sano Bharyang, Kathmandu",House,Dhungedhara-Sano Bharyang,Kathmandu,"Dhungedhara-Sano Bharyang, Kathmandu","Rs.55,000,000",0-6-0-0,,,,,2021-06-21,55000000,6.0,9166667
99aana.com,https://99aana.com/property/house-for-sale-at-goldhunga-kathmandu-8469/,"House for Sale at Goldhunga, Kathmandu",House,Goldhunga,Kathmandu,"Goldhunga, Kathmandu","Rs.14,500,000",0-5-0-0,,,10.0,2.0,2021-06-22,14500000,5.0,2900000
99aana.com,https://99aana.com/property/house-for-sale-at-tikathali-lalitpur-8470/,"House for sale at Tikathali, Lalitpur",House,Tikathali,Lalitpur,"Tikathali, Lalitpur",Rs. 1 crore 32 lakh,0-3-0-0,,,,,2021-06-22,13200000,3.0,4400000
99aana.com,https://99aana.com/property/house-for-sale-at-basundhara-kathmandu-8465/,"House for sale at Basundhara, Kathmandu",House,Basundhara,Kathmandu,"Basundhara, Kathmandu","Rs.33,000,000",0-4-2-0,3.0,20.0,13.0,6.0,2021-06-22,33000000,4.5,7333333
99aana.com,https://99aana.com/property/house-for-sale-at-bagdol-lalitpur-8466/,"House for sale at Bagdol, Lalitpur",House,Bagdol,Lalitpur,"Bagdol, Lalitpur","Rs.30,000,000",0-5-0-0,,,8.0,5.0,2021-06-22,30000000,5.0,6000000
99aana.com,https://99aana.com/property/house-for-sale-at-baluwakhani-kapan-kathmandu-8467/,"House for Sale at Baluwakhani, Kapan, Kathmandu",House,Kapan,Kathmandu,"Baluwakhani, Kapan, Kathmandu","Rs.25,000,000",0-3-2-0,2.5,16.0,10.0,3.0,2021-06-22,25000000,3.5,7142857
99aana.com,https://99aana.com/property/house-for-sale-at-basundhara-kathmandu-8472/,"House for Sale at Basundhara, Kathmandu",House,Basundhara,Kathmandu,"Basundhara, Kathmandu",Rs. 11 crore 75 lakh,0-8-2-0,,,,,2021-06-22,117500000,8.5,13823529
99aana.com,https://99aana.com/property/house-for-sale-at-dhapasi-height-kathmandu-8480/,"House for sale at Dhapasi Height, Kathmandu",House,Dhapasi Height,Kathmandu,"Dhapasi Height, Kathmandu","Rs.40,000,000",0-6-0-0,,,,,2021-06-23,40000000,6.0,6666667
99aana.com,https://99aana.com/property/house-for-sale-at-sitapaila-kathmandu-8476/,"House for sale at Sitapaila, Kathmandu",House,Sitapaila,Kathmandu,"Sitapaila, Kathmandu","Rs.16,500,000",0-3-3-0,,,8.0,,2021-06-23,16500000,3.75,4400000
99aana.com,https://99aana.com/property/house-for-sale-at-chunikhel-kathmandu-8478/,"House for sale at Chunikhel, Kathmandu",House,Chunikhel,Kathmandu,"Chunikhel, Kathmandu","Rs.14,500,000",0-3-0-0,,,4.0,1.0,2021-06-23,14500000,3.0,4833333
99aana.com,https://99aana.com/property/house-for-sale-at-mandikhatar-kathmandu-8486/,"House for Sale at Mandikhatar, Kathmandu",House,Mandikhatar,Kathmandu,"Mandikhatar, Kathmandu","Rs.24,000,000",4 Aana,2.5,20.0,10.0,3.0,2021-06-24,24000000,4.0,6000000
99aana.com,https://99aana.com/property/bungalow-for-sale-at-pragati-tole-dhumbarahi-8496/,"Bungalow for sale at Pragati tole, Dhumbarahi",House,Dhumbarahi,Kathmandu,"Pragati tole, Dhumbarahi",Rs 7 Crore 50 Lakh,0-12-0-0,,,11.0,5.0,2021-06-24,75000000,12.0,6250000
99aana.com,https://99aana.com/property/house-for-sale-at-budhanilkantha-kathmandu-11-8507/,"Bungalow for sale at Budhanilkantha, Kathmandu",House,Budhanilkantha,Kathmandu,"Budhanilkantha, Kathmandu",Rs 10 Crore 50 Lakh,1-4-0-0,,,5.0,2.0,2021-06-25,105000000,20.0,5250000
99aana.com,https://99aana.com/property/house-for-sale-at-sitapaila-kathmandu-8498/,"House for sale at Sitapaila, Kathmandu",House,Sitapaila,Kathmandu,"Sitapaila, Kathmandu","Rs.25,600,000",0-4-0-0,,,14.0,4.0,2021-06-25,25600000,4.0,6400000
99aana.com,https://99aana.com/property/house-for-sale-at-baluwakhani-kapan-budhanilkantha-10-kathmandu-8499/,"House for sale at Baluwakhani, Kapan, Budhanilkantha-10, Kathmandu",House,Budhanilkantha,Kathmandu,"Baluwakhani, Kapan, Budhanilkantha-10, Kathmandu","Rs.32,500,000",5 Aana,2.5,13.0,11.0,3.0,2021-06-25,32500000,5.0,6500000
99aana.com,https://99aana.com/property/house-for-sale-at-kapan-budhanilkantha-kathmandu-8502/,"House for sale at Kapan, Budhanilkantha, Kathmandu",House,Budhanilkantha,Kathmandu,"Kapan, Budhanilkantha, Kathmandu","Rs.35,000,000",0-6-2-0,,,10.0,3.0,2021-06-25,35000000,6.5,5384615
99aana.com,https://99aana.com/property/house-for-sale-at-naxal-kathmandu-8515/,"House for Sale at Naxal, Kathmandu",House,Naxal,Kathmandu,"Naxal, Kathmandu","Rs.78,000,000",4 aana 3 paisa 2 daam,,15.0,,,2021-06-27,78000000,4.75,16421053
99aana.com,https://99aana.com/property/bungalow-for-sale-at-lainchaur-kathmandu-8518/,"Bungalow for sale at Lainchaur, Kathmandu",House,Lainchaur,Kathmandu,"Lainchaur, Kathmandu",Rs 24 Crore,2-0-0-0,,,,,2021-06-27,240000000,32.0,7500000
99aana.com,https://99aana.com/property/house-for-sale-at-tikathali-lalitpur-8506/,"House for sale at Tikathali, Lalitpur",House,Tikathali,Lalitpur,"Tikathali, Lalitpur",Rs. 1 crore and 45 lakhs,0-4-0-0,,,,,2021-06-25,14500000,4.0,3625000
99aana.com,https://99aana.com/property/house-for-sale-at-bhangal-budhanilkantha-kathmandu-8509/,"House for sale at Bhangal, Budhanilkantha, Kathmandu",House,Budhanilkantha,Kathmandu,"Bhangal, Budhanilkantha, Kathmandu","Rs.32,500,000",0-5-0-0,,,8.0,3.0,2021-06-27,32500000,5.0,6500000
99aana.com,https://99aana.com/property/house-for-sale-at-bhangal-budhanilkantha-08-kathmandu-8511/,"House for sale at Bhangal, Budhanilkantha-08, Kathmandu",House,Budhanilkantha,Kathmandu,"Bhangal, Budhanilkantha-08, Kathmandu","Rs.16,500,000",0-3-0-0,,,8.0,3.0,2021-06-27,16500000,3.0,5500000
99aana.com,https://99aana.com/property/house-for-sale-at-sangam-tole-pokhara-13-kaski-8534/,"House for sale at Sangam Tole, Pokhara-13, Kaski",House,Pokhara,Kaski,"Sangam Tole, Pokhara-13, Kaski","Rs.28,000,000",0-6-2-0,,,8.0,3.0,2021-06-29,28000000,6.5,4307692
99aana.com,https://99aana.com/property/house-for-sale-at-tikathali-lalitpur-8533/,"House for sale at Tikathali, Lalitpur",House,Tikathali,Lalitpur,"Tikathali, Lalitpur","Rs.13,000,000",0-3-0-0,1.0,,4.0,1.0,2021-06-29,13000000,3.0,4333333
99aana.com,https://99aana.com/property/house-for-sale-at-lubhu-lalitpur-8532/,"House for sale at Lubhu, Lalitpur",House,Lubhu,Lalitpur,"Lubhu, Lalitpur","Rs.22,000,000",0-3-0-2,,,13.0,4.0,2021-06-29,22000000,3.125,7040000
99aana.com,https://99aana.com/property/house-for-sale-at-kapan-budhanilkantha-kathmandu-8531/,"House for sale at Kapan, Budhanilkantha, Kathmandu",House,Budhanilkantha,Kathmandu,"Kapan, Budhanilkantha, Kathmandu","Rs.22,900,000",0-3-1-0,3.5,13.0,12.0,3.0,2021-06-29,22900000,3.25,7046154
99aana.com,https://99aana.com/property/house-for-sale-at-jyotinagar-mandikhatar-kathmandu-8543/,"House for Sale at Jyotinagar, Mandikhatar, Kathmandu",House,Mandikhatar,Kathmandu,"Jyotinagar, Mandikhatar, Kathmandu","Rs.28,800,000",0-4-1-0,2.5,16.0,11.0,3.0,2021-06-30,28800000,4.25,6776471
99aana.com,https://99aana.com/property/house-for-sale-at-lokanthali-bhaktapur-2-8551/,"House for sale at Lokanthali, Bhaktapur",House,Lokanthali,Bhaktapur,"Lokanthali, Bhaktapur",Rs 5 Crore 30 Lakh,0-8-0-0,,,,,2021-06-30,53000000,8.0,6625000
99aana.com,https://99aana.com/property/house-for-sale-at-milan-tole-duwakot-bhaktapur-8508/,"House for sale at Milan Tole, Duwakot, Bhaktapur",House,Duwakot,Bhaktapur,"Milan tole, Duwakot, Bhaktapur","Rs.24,000,000",0-5-0-0,,,11.0,,2021-06-27,24000000,5.0,4800000
99aana.com,https://99aana.com/property/house-for-sale-at-tikathali-lalitpur-14-8561/,"House for sale at Tikathali, Lalitpur",House,Tikathali,Lalitpur,"Tikathali, Lalitpur",Rs 1 Crore 68 Lakh,0-3-3-0,2.5,,8.0,,2021-07-01,16800000,3.75,4480000
99aana.com,https://99aana.com/property/house-for-sale-at-duwakot-height-bhaktapur-8554/,"House for sale at Duwakot height, Bhaktapur",House,Duwakot Height,Bhaktapur,"Duwakot Height, Bhaktapur","Rs.22,000,000",0-4-0-0,,,8.0,3.0,2021-07-01,22000000,4.0,5500000
99aana.com,https://99aana.com/property/house-for-sale-at-imadol-mahalaxmi-lalitpur-8555/,"House for sale at Imadol, Mahalaxmi, Lalitpur",House,Mahalaxmi,Lalitpur,"Imadol, Mahalaxmi, Lalitpur","Rs.22,500,000",0-3-0-0,,,9.0,4.0,2021-07-01,22500000,3.0,7500000
99aana.com,https://99aana.com/property/house-for-sale-at-bafal-kalanki-kathmandu-8553/,"House for Sale at Bafal, Kalanki, Kathmandu",House,Kalanki,Kathmandu,"Bafal, Kalanki, Kathmandu","Rs.27,500,000",0-3-2-0,2.5,13.0,8.0,3.0,2021-07-01,27500000,3.5,7857143
99aana.com,https://99aana.com/property/house-for-sale-at-sapkota-chowk-pokhara-kaski-8568/,"House for Sale at Sapkota chowk, Pokhara, Kaski",House,Pokhara,Kaski,"Sapkota chowk, Pokhara, Kaski",Rs. 1 crore 5 lakh,4 aana,2.5,20.0,,,2021-07-02,10500000,4.0,2625000
99aana.com,https://99aana.com/property/house-for-sale-at-syuchatar-kalanki-kathmandu-8564/,"House for sale at Syuchatar, Kalanki, Kathmandu",House,Kalanki,Kathmandu,"Syuchatar, Kalanki, Kathmandu","Rs.22,000,000",0-3-0-0,2.5,13.0,9.0,3.0,2021-07-02,22000000,3.0,7333333
99aana.com,https://99aana.com/property/house-for-sale-at-dhaneshwor-chowk-kathmandu-8565/,"House for sale at Dhaneshwor Chowk, Kathmandu",House,Dhaneshwor,Kathmandu,"Dhaneshwor Chowk, Kathmandu","Rs.23,000,000",0-4-2-0,2.5,12.0,9.0,3.0,2021-07-02,23000000,4.5,5111111
99aana.com,https://99aana.com/property/house-for-sale-at-khadka-gaun-kalanki-kathmandu-8570/,"House for Sale at Khadka Gaun, Kalanki, Kathmandu",House,Kalanki,Kathmandu,"Khadka Gaun, Kalanki, Kathmandu","Rs.22,500,000",0-4-0-0,2.5,13.0,,,2021-07-02,22500000,4.0,5625000
99aana.com,https://99aana.com/property/house-for-sale-at-setipakha-lalitpur-8578/,"House for sale at Setipakha, Lalitpur",House,Setipakha,Lalitpur,"Setipakha, Lalitpur","Rs.22,500,000",0-4-1-0,,,,,2021-07-04,22500000,4.25,5294118
99aana.com,https://99aana.com/property/house-for-sale-at-imadol-lalitpur-8579/,"House for sale at Imadol, Lalitpur",House,Imadol,Lalitpur,"Imadol, Lalitpur","Rs.17,000,000",0-2-2-0,,,9.0,3.0,2021-07-04,17000000,2.5,6800000
99aana.com,https://99aana.com/property/house-for-sale-at-khairahani-02-chitwan-8576/,"House for sale at Khairahani-02, Chitwan",House,Khairahani,Chitwan,"Khairahani-02, Chitwan","Rs.18,000,000",4 kattha,,,7.0,2.0,2021-07-04,18000000,42.6,422531
99aana.com,https://99aana.com/property/house-for-sale-at-naraynatar-jorpati-kathmandu-8572/,"House for sale at Narayanatar, Jorpati, Kathmandu",House,Jorpati,Kathmandu,"Narayantar, Jorpati, Kathmandu","Rs.35,000,000",0-4-2-0,,,12.0,3.0,2021-07-04,35000000,4.5,7777778
99aana.com,https://99aana.com/property/house-for-sale-at-sitapaila-kathmandu-6-8593/,"House for sale at Sitapaila, Kathmandu",House,Sitapaila,Kathmandu,"Sitapaila, Kathmandu",Rs 1 Crore 20 Lakh,0-4-0-0,,,,,2021-07-05,12000000,4.0,3000000
99aana.com,https://99aana.com/property/house-for-sale-at-sheetal-height-imadol-lalitpur-8587/,"House for sale at Sheetal Height, Imadol, Lalitpur",House,Imadol,Lalitpur,"Sheetal Height, Imadol, Lalitpur","Rs.21,500,000",0-3-1-1,,,8.0,3.0,2021-07-05,21500000,3.312,6490566
99aana.com,https://99aana.com/property/house-for-sale-at-birtamode-jhapa-8599/,"House for sale at Birtamode, Jhapa",House,Birtamode,Jhapa,"Birtamode, Jhapa","Rs.11,500,000",5.5 dhur,,,,,2021-07-06,11500000,2.929,3926549
99aana.com,https://99aana.com/property/house-for-sale-at-bhangal-budhanilkantha-kathmandu-8594/,"House for sale at Bhangal, Budhanilkantha, Kathmandu",House,Budhanilkantha,Kathmandu,"Bhangal, Budhanilkantha, Kathmandu","Rs.12,500,000",0-3-0-0,,,4.0,1.0,2021-07-06,12500000,3.0,4166667
99aana.com,https://99aana.com/property/house-for-sale-at-baluwakhani-kapan-budhanilkantha-10-kathmandu-8598/,"House for sale at Baluwakhani, Kapan, Budhanilkantha-10, Kathmandu",House,Budhanilkantha,Kathmandu,"Baluwakhani, Kapan, Budhanilkantha-10, Kathmandu","Rs.24,000,000",3 Aana 2 paisa,2.5,16.0,11.0,3.0,2021-07-06,24000000,3.5,6857143
99aana.com,https://99aana.com/property/house-for-sale-at-suryabinayak-bhaktapur-8610/,"House for sale at Suryabinayak, Bhaktapur",House,Suryabinayak,Bhaktapur,"Suryabinayak, Bhaktapur",Rs. 2 crore 50 Lakh,0-4-0-0,,,,,2021-07-07,25000000,4.0,6250000
99aana.com,https://99aana.com/property/house-for-sale-at-gothatar-kathmandu-8614/,"House for sale at Gothatar, Kathmandu",House,Gothatar Kathmandu,,Gothatar Kathmandu,"Rs.17,500,000",0-5-0-0,2.0,,,,2021-07-07,17500000,5.0,3500000
99aana.com,https://99aana.com/property/house-for-sale-at-koteshwor-kathmandu-8611/,"House for Sale at Koteshwor, Kathmandu",House,Koteshwor,Kathmandu,"Koteshwor, Kathmandu","Rs.90,000,000",0-9-2-0,3.5,20.0,,,2021-07-07,90000000,9.5,9473684
99aana.com,https://99aana.com/property/house-for-sale-at-boudha-kathmandu-8609/,"House for sale at Boudha, Kathmandu",House,Boudha,Kathmandu,"Boudha, Kathmandu","Rs.29,500,000",0-4-0-0,2.5,18.0,11.0,6.0,2021-07-07,29500000,4.0,7375000
99aana.com,https://99aana.com/property/house-for-sale-at-kadaghari-kathmandu-8621/,"House for Sale at Kadaghari, Kathmandu",House,Kadaghari,Kathmandu,"Kadaghari, Kathmandu","Rs.16,000,000",3 Aana,1.5,20.0,11.0,,2021-07-08,16000000,3.0,5333333
99aana.com,https://99aana.com/property/house-for-sale-at-tarkeshwor-kathmandu-8622/,"House for Sale at Tarkeshwor, Kathmandu",House,Tarkeshwor,Kathmandu,"Tarkeshwor, Kathmandu","Rs.18,500,000",0-5-0-0,2.5,12.0,11.0,,2021-07-08,18500000,5.0,3700000
99aana.com,https://99aana.com/property/house-for-sale-at-tikathali-lalitpur-8619/,"House for sale at Tikathali, Lalitpur",House,Tikathali,Lalitpur,"Tikathali, Lalitpur","Rs.22,500,000",0-3-1-1,,,9.0,5.0,2021-07-08,22500000,3.312,6792453
99aana.com,https://99aana.com/property/house-for-sale-at-bhangal-budhanilkantha-08-kathmandu-8617/,"House for sale at Bhangal, Budhanilkantha-08, Kathmandu",House,Budhanilkantha,Kathmandu,"Bhangal, Budhanilkantha-08, Kathmandu","Rs.26,500,000",0-3-2-2,3.5,12.0,13.0,4.0,2021-07-08,26500000,3.625,7310345
99aana.com,https://99aana.com/property/house-for-sale-at-sitapaila-kathmandu-8620/,"House for Sale at Sitapaila, Kathmandu",House,Sitapaila,Kathmandu,"Sitapaila, Kathmandu","Rs.21,500,000",0-3-2-0,2.5,13.0,9.0,3.0,2021-07-08,21500000,3.5,6142857
99aana.com,https://99aana.com/property/house-for-sale-at-katunje-bhaktapur-8634/,"House for Sale at Katunje, Bhaktapur",House,Katunje,Bhaktapur,"Katunje, Bhaktapur","Rs.11,000,000",0-4-0-0,1.0,10.0,3.0,,2021-07-09,11000000,4.0,2750000
99aana.com,https://99aana.com/property/house-for-sale-at-sudal-bhaktapur-8637/,"House for sale at Sudal, Bhaktapur",House,Sudal,Bhaktapur,"Sudal, Bhaktapur",Rs 92 Lakh,0-3-2-0,,,4.0,1.0,2021-07-09,9200000,3.5,2628571
99aana.com,https://99aana.com/property/house-for-sale-at-baluwatar-kathmandu-8643/,"House for sale at Baluwatar, Kathmandu",House,Baluwatar,Kathmandu,"Baluwatar, Kathmandu","Rs.90,000,000",0-9-0-0,,,,,2021-07-11,90000000,9.0,10000000
99aana.com,https://99aana.com/property/house-for-sale-at-birauta-pokhara-kaski-8646/,"House for sale at Birauta, Pokhara, Kaski",House,Pokhara,Kaski,"Birauta, Pokhara, Kaski",Rs. 1 crore 85 lakh,0-4-2-1,,,,,2021-07-11,18500000,4.562,4054795
99aana.com,https://99aana.com/property/house-for-sale-at-dahachok-chandragiri-kathmandu-8640/,"House for sale at Dahachok, Chandragiri, Kathmandu",House,Chandragiri,Kathmandu,"Dahachok, Chandragiri, Kathmandu","Rs.11,500,000",0-3-1-0,1.5,,4.0,1.0,2021-07-11,11500000,3.25,3538462
99aana.com,https://99aana.com/property/house-for-sale-at-tikathali-lalitpur-8639/,"House for sale at Tikathali, Lalitpur",House,Tikathali,Lalitpur,"Tikathali, Lalitpur","Rs.19,500,000",0-3-0-0,,,8.0,3.0,2021-07-11,19500000,3.0,6500000
99aana.com,https://99aana.com/property/house-for-sale-at-surya-tole-koteshwor-32-kathmandu-8542/,"House for Sale at Surya tole, Koteshwor-32, Kathmandu",House,Koteshwor,Kathmandu,"Surya tole, Koteshwor-32, Kathmandu","Rs.60,000,000",0-9-2-0,3.5,20.0,13.0,4.0,2021-06-30,60000000,9.5,6315789
99aana.com,https://99aana.com/property/house-for-sale-at-matatirtha-chandragiri-8659/,"House for sale at Matatirtha, Kathmandu",House,Matatirtha,Kathmandu,"Matatirtha, Kathmandu",Rs 1 Crore 75 Lakh,5 Aana,2.5,13.0,9.0,3.0,2021-07-12,17500000,5.0,3500000
99aana.com,https://99aana.com/property/house-for-sale-at-tikathali-lalitpur-8654/,"House for sale at Tikathali, Lalitpur",House,Tikathali,Lalitpur,"Tikathali, Lalitpur",Rs.1 crore 25 lakh,0-3-3-0,2.5,,,,2021-07-12,12500000,3.75,3333333
99aana.com,https://99aana.com/property/house-for-sale-at-tarkeshwor-kathmandu-8656/,"House for Sale at Tarkeshwor, Kathmandu",House,Tarkeshwor,Kathmandu,"Tarkeshwor, Kathmandu",Rs. 1 crore 65 lakh,0-5-2-0,1.0,10.0,,,2021-07-12,16500000,5.5,3000000
99aana.com,https://99aana.com/property/house-for-sale-at-surya-tole-koteshwor-32-kathmandu-8649/,"House for Sale at Koteshwor-32, Kathmandu",House,Koteshwor,Kathmandu,"Koteshwor-32, Kathmandu","Rs.60,000,000",0-9-2-0,3.5,20.0,13.0,4.0,2021-07-12,60000000,9.5,6315789
99aana.com,https://99aana.com/property/house-for-sale-at-balkot-bhaktapur-8667/,"House for Sale at Balkot, Bhaktapur",House,Balkot,Bhaktapur,"Balkot, Bhaktapur","Rs.21,500,000",4 Aana,2.5,13.0,,3.0,2021-07-13,21500000,4.0,5375000
99aana.com,https://99aana.com/property/house-for-sale-at-satungal-kathmandu-3-8626/,"House for sale at Satungal, Kathmandu",House,Satungal,Kathmandu,"Satungal, Kathmandu","Rs.16,500,000",0-3-2-0,,,9.0,,2021-07-08,16500000,3.5,4714286
99aana.com,https://99aana.com/property/house-for-sale-at-itahara-morang-8662/,"House for sale at Itahara, Morang",House,Itahara,Morang,"Itahara, Morang","Rs.3,600,000",3 kattha,,,4.0,1.0,2021-07-13,3600000,31.95,112675
99aana.com,https://99aana.com/property/house-for-sale-at-lubhu-lalitpur-2-8679/,"House for sale at Lubhu, Lalitpur",House,Lubhu,Lalitpur,"Lubhu, Lalitpur",Rs 1 Crore 45 Lakh,0-3-0-0,,,7.0,,2021-07-14,14500000,3.0,4833333
99aana.com,https://99aana.com/property/house-for-sale-at-kadaghari-kathmandu-8675/,"House for sale at Kadaghari, Kathmandu",House,Kadaghari,Kathmandu,"Kadaghari, Kathmandu","Rs.13,500,000",0-3-0-0,,,4.0,1.0,2021-07-14,13500000,3.0,4500000
99aana.com,https://99aana.com/property/house-for-sale-at-boudha-kathmandu-8673/,"House for sale at Boudha, Kathmandu",House,Boudha,Kathmandu,"Boudha, Kathmandu","Rs.29,500,000",0-4-0-0,2.5,18.0,8.0,3.0,2021-07-14,29500000,4.0,7375000
99aana.com,https://99aana.com/property/house-for-sale-at-kadaghari-kathmandu-8676/,"House for Sale at Kadaghari, Kathmandu",House,Kadaghari,Kathmandu,"Kadaghari, Kathmandu","Rs.18,500,000",3 Aana,2.0,13.0,10.0,,2021-07-14,18500000,3.0,6166667
99aana.com,https://99aana.com/property/house-for-sale-at-duwakot-bhaktapur-8677/,"House for Sale at Duwakot, Bhaktapur",House,Duwakot,Bhaktapur,"Duwakot, Bhaktapur","Rs.11,500,000",0-5-0-0,1.5,13.0,,,2021-07-14,11500000,5.0,2300000
99aana.com,https://99aana.com/property/house-for-sale-at-thankot-chandragiri-kathmandu-8682/,"House for sale at Thankot, Chandragiri, Kathmandu",House,Chandragiri,Kathmandu,"Thankot, Chandragiri, Kathmandu","Rs.16,500,000",0-3-0-0,2.5,,7.0,3.0,2021-07-14,16500000,3.0,5500000
99aana.com,https://99aana.com/property/house-for-sale-at-budhanilkantha-kathmandu-8683/,"House for Sale at Budhanilkantha, Kathmandu",House,Budhanilkantha,Kathmandu,"Budhanilkantha, Kathmandu","Rs.21,000,000",0-3-0-0,2.5,13.0,8.0,3.0,2021-07-14,21000000,3.0,7000000
99aana.com,https://99aana.com/property/house-for-sale-at-budhanilkantha-kathmandu-8684/,"House for sale at Budhanilkantha, Kathmandu",House,Budhanilkantha,Kathmandu,"Budhanilkantha, Kathmandu","Rs.23,500,000",0-4-0-0,2.5,13.0,8.0,3.0,2021-07-14,23500000,4.0,5875000
99aana.com,https://99aana.com/property/house-for-sale-at-sitapaila-kathmandu-8686/,"House for Sale at Sitapaila, Kathmandu",House,Sitapaila,Kathmandu,"Sitapaila, Kathmandu","Rs.35,000,000",0-6-0-0,2.5,13.0,,,2021-07-15,35000000,6.0,5833333
99aana.com,https://99aana.com/property/house-for-sale-at-tudaldevi-baluwatar-kathmandu-8685/,"House for Sale at Tudaldevi, Baluwatar, Kathmandu",House,Baluwatar,Kathmandu,"Tudaldevi, Baluwatar, Kathmandu","Rs.39,000,000",0-5-2-0,,,,,2021-07-15,39000000,5.5,7090909
99aana.com,https://99aana.com/property/house-for-sale-at-kalanki-kathmandu-8688/,"House for Sale at Kalanki, Kathmandu",House,Kalanki,Kathmandu,"Kalanki, Kathmandu","Rs.27,000,000",0-3-0-0,4.0,13.0,17.0,,2021-07-15,27000000,3.0,9000000
99aana.com,https://99aana.com/property/house-for-sale-at-tikathali-lalitpur-8695/,"House for sale at Tikathali, Lalitpur",House,Tikathali,Lalitpur,"Tikathali, Lalitpur","Rs.12,500,000",0-3-0-0,1.0,,,,2021-07-16,12500000,3.0,4166667
99aana.com,https://99aana.com/property/house-for-sale-at-gothatar-kathmandu-8698/,"House for sale at Gothatar, Kathmandu",House,Gothatar,Kathmandu,"Gothatar, Kathmandu","Rs.24,400,000",0-4-0-0,2.5,20.0,,,2021-07-16,24400000,4.0,6100000
99aana.com,https://99aana.com/property/house-for-sale-at-sitapaila-kathmandu-8694/,"House for Sale at Sitapaila, Kathmandu",House,Sitapaila,Kathmandu,"Sitapaila, Kathmandu","Rs.25,000,000",5 aana,3.0,13.0,12.0,3.0,2021-07-16,25000000,5.0,5000000
99aana.com,https://99aana.com/property/house-for-sale-at-lubhu-lalitpur-8690/,"House for sale at Lubhu, Lalitpur",House,Lubhu,Lalitpur,"Lubhu, Lalitpur","Rs.14,500,000",0-3-0-0,,,7.0,3.0,2021-07-16,14500000,3.0,4833333
99aana.com,https://99aana.com/property/house-for-sale-at-kapan-kathmandu-8706/,"House for sale at Kapan, Kathmandu",House,Kapan,Kathmandu,"Kapan, Kathmandu","Rs.31,500,000",5 aana 2,2.5,12.0,,,2021-07-18,31500000,5.0,6300000
99aana.com,https://99aana.com/property/house-for-sale-at-samana-tole-bharatpur-11-chitwan-8704/,"House for sale at Samana Tole, Bharatpur-11, Chitwan",House,Bharatpur,Chitwan,"Samana Tole, Bharatpur-11, Chitwan","Rs.17,000,000",10 dhur,,,9.0,3.0,2021-07-18,17000000,5.325,3192455
99aana.com,https://99aana.com/property/house-for-sale-at-khaireni-chitwan-8718/,"House for Sale at Khaireni, Chitwan",House,Khaireni,Chitwan,"Khaireni, Chitwan","Rs.14,000,000",2 katha,,,,,2021-07-19,14000000,21.3,657270
99aana.com,https://99aana.com/property/house-for-sale-at-bharatpur-chitwan-8723/,"House for sale at Bharatpur, Chitwan",House,Bharatpur,Chitwan,"Bharatpur, Chitwan","Rs.15,800,000",19 dhur,,,8.0,2.0,2021-07-20,15800000,10.118,1561635
99aana.com,https://99aana.com/property/house-for-sale-at-chandol-kathmandu-8727/,"House for Sale at Chandol, Kathmandu",House,Chandol,Kathmandu,"Chandol, Kathmandu","Rs.34,000,000",0-4-0-0,2.5,16.0,,,2021-07-21,34000000,4.0,8500000
99aana.com,https://99aana.com/property/house-for-sale-at-kadaghari-kathmandu-6-8749/,"House for sale at Kadaghari, Kathmandu",House,Kadaghari,Kathmandu,"Kadaghari, Kathmandu",Rs 1 Crore 80 Lakh,3 Aana,2.0,13.0,,,2021-07-22,18000000,3.0,6000000
99aana.com,https://99aana.com/property/house-for-sale-at-dhapasi-kathmandu-8742/,"House for sale at Dhapasi, Kathmandu",House,Dhapasi,Kathmandu,"Dhapasi, Kathmandu","Rs.38,500,000",11 Aana,3.5,13.0,11.0,4.0,2021-07-22,38500000,11.0,3500000
99aana.com,https://99aana.com/property/house-for-sale-at-bishal-chowk-bharatpur-7-chitwan-8751/,"House for sale at Bishal Chowk, Bharatpur-7, chitwan",House,Bharatpur,Chitwan,"Bishal Chowk, Bharatpur-7, chitwan","Rs.16,500,000",14.25 dhur,,,,,2021-07-23,16500000,7.588,2174428
99aana.com,https://99aana.com/property/house-for-sale-at-fulbari-budhanilkantha-kathmandu-8755/,House for sale at Fulbari Budhanilkantha Kathmandu,House,Budhanilkantha,Kathmandu,"Fulbari Colony, Budhanilkantha, Kathmandu","Rs.38,500,000",0-6-0-0,,,,,2021-07-23,38500000,6.0,6416667
99aana.com,https://99aana.com/property/house-for-sale-at-syuchatar-kalanki-kathmandu-8758/,"House for sale at Syuchatar, Kalanki, Kathmandu",House,Kalanki,Kathmandu,"Syuchatar, Kalanki, Kathmandu","Rs.35,000,000",0-4-0-0,3.5,13.0,10.0,4.0,2021-07-23,35000000,4.0,8750000
99aana.com,https://99aana.com/property/house-for-sale-at-khumaltar-lalitpur-8761/,"House for sale at Khumaltar, Lalitpur",House,Khumaltar,Lalitpur,"Khumaltar, Lalitpur","Rs.72,500,000",0-11-0-0,,,,,2021-07-25,72500000,11.0,6590909
99aana.com,https://99aana.com/property/house-for-sale-at-new-road-kathmandu-8775/,"House for sale at New Road, Kathmandu",House,New,Kathmandu,"New Road, Kathmandu",Rs 22 Crore,0-3-1-0,,,,,2021-07-26,220000000,3.25,67692308
99aana.com,https://99aana.com/property/house-for-sale-at-jharankhu-kathmandu-8765/,"House for Sale at Jharankhu, Kathmandu",House,Jarankhu,Kathmandu,"Jharankhu, Kathmandu",Rs. 6 crore 50 lakh,1-0-0-0,2.5,12.0,,,2021-07-26,65000000,16.0,4062500
99aana.com,https://99aana.com/property/house-for-sale-at-nagarjun-kathmandu-3-8781/,"House for sale at Nagarjun, Kathmandu",House,Nagarjun,Kathmandu,"Gumba Marg, Nagarjun-01, Kathmandu",Rs 3 Crore 40 Lakh,0-4-0-1,3.5,,,,2021-07-27,34000000,4.062,8369231
99aana.com,https://99aana.com/property/house-for-sale-at-balaju-kathmandu-8787/,"House for sale at Balaju, Kathmandu",House,Balaju,Kathmandu,"Balaju, Kathmandu","Rs.24,000,000",0-5-0-0,,,,,2021-07-28,24000000,5.0,4800000
99aana.com,https://99aana.com/property/house-for-sale-at-lubhu-lamatar-lalitpur-8786/,"House for sale at Lubhu Lamatar, Lalitpur",House,Lubhu Lamatar,Lalitpur,"Lubhu Lamatar, Lalitpur","Rs.22,500,000",0-3-1-0,2.5,16.0,9.0,4.0,2021-07-28,22500000,3.25,6923077
99aana.com,https://99aana.com/property/house-for-sale-at-machhegaun-chandragiri-kathmandu-8782/,House for sale at Machhegaun Chandragiri Kathmandu,House,Chandragiri,Kathmandu,"Machhegaun, Chandragiri, Kathmandu","Rs.10,500,000",3 Aana 1 paisa,2.0,13.0,6.0,2.0,2021-07-28,10500000,3.25,3230769
99aana.com,https://99aana.com/property/house-for-sale-at-imadol-mahalaxmi-lalitpur-8796/,"House for sale at Imadol, Mahalaxmi, Lalitpur",House,Mahalaxmi,Lalitpur,"Imadol, Mahalaxmi, Lalitpur","Rs.23,500,000",0-3-2-0,,,10.0,4.0,2021-07-29,23500000,3.5,6714286
99aana.com,https://99aana.com/property/house-for-sale-at-thankot-chandragiri-kathmandu-8793/,"House for sale at Thankot, Chandragiri, Kathmandu",House,Chandragiri,Kathmandu,"Thankot, Chandragiri, Kathmandu","Rs.12,000,000",0-3-0-0,1.5,,4.0,1.0,2021-07-29,12000000,3.0,4000000
99aana.com,https://99aana.com/property/house-for-sale-at-bafal-kathmandu-8794/,"House for sale at Bafal, Kathmandu",House,Bafal,Kathmandu,"Bafal, Kathmandu","Rs.25,000,000",0-3-1-0,,,11.0,3.0,2021-07-29,25000000,3.25,7692308
99aana.com,https://99aana.com/property/house-for-sale-at-machhapokhari-kathmandu-8804/,"House for Sale at Machhapokhari, Kathmandu",House,Machapokhari,Kathmandu,"Machhapokhari, Kathmandu","Rs.21,000,000",0-3-1-0,,,,,2021-07-30,21000000,3.25,6461538
99aana.com,https://99aana.com/property/house-for-sale-at-tikathali-lalitpur-8803/,"House for sale at Tikathali, Lalitpur",House,Tikathali,Lalitpur,"Tikathali, Lalitpur",Rs 1 crore 80 lakh,0-2-2-3,,,,,2021-07-30,18000000,2.688,6697674
99aana.com,https://99aana.com/property/house-for-sale-at-sitapaila-kathmandu-8801/,"House for sale at Sitapaila, Kathmandu",House,Sitapaila,Kathmandu,"Sitapaila, Kathmandu","Rs.32,500,000",0-5-2-0,,,13.0,4.0,2021-08-01,32500000,5.5,5909091
99aana.com,https://99aana.com/property/house-for-sale-at-sitapaila-kathmandu-8752/,"House for Sale at Sitapaila, Kathmandu",House,Sitapaila,Kathmandu,"Sitapaila, Kathmandu",Rs. 13 crore,16 aana,2.5,20.0,,,2021-07-23,130000000,16.0,8125000
99aana.com,https://99aana.com/property/house-for-sale-at-kadaghari-kathmandu-8819/,"House for sale at Kadaghari, Kathmandu",House,Kadaghari,Kathmandu,"Kadaghari, Kathmandu","Rs.2,200,000",4 Aana,2.5,13.0,,,2021-08-02,2200000,4.0,550000
99aana.com,https://99aana.com/property/house-for-sale-at-shivapuri-chowk-gokarneshwor-kathmandu-8813/,"House for sale at Shivapuri Chowk, Gokarneshwor, Kathmandu",House,Gokarneshwor,Kathmandu,"Shivapuri Chowk, Gokarneshwor, Kathmandu","Rs.29,000,000",0-4-0-0,,,10.0,4.0,2021-08-02,29000000,4.0,7250000
99aana.com,https://99aana.com/property/house-for-sale-at-sitapaila-kathmandu-8814/,"House for sale at Sitapaila, Kathmandu",House,Sitapaila,Kathmandu,"Sitapaila, Kathmandu","Rs.17,000,000",0-4-0-0,,,6.0,2.0,2021-08-02,17000000,4.0,4250000
99aana.com,https://99aana.com/property/house-for-sale-at-aryal-gaun-jorpati-kathmandu-8817/,"House for sale at Aryal Gaun, Jorpati, Kathmandu",House,Jorpati,Kathmandu,"Aryal Gaun, Jorpati, Kathmandu","Rs.15,500,000",0-3-0-0,,,8.0,3.0,2021-08-02,15500000,3.0,5166667
99aana.com,https://99aana.com/property/house-for-sale-at-sitapaila-kathmandu-8815/,"House for sale at Sitapaila, Kathmandu",House,Sitapaila,Kathmandu,"Sitapaila, Kathmandu","Rs.10,000,000",0-2-2-0,,,5.0,2.0,2021-08-02,10000000,2.5,4000000
99aana.com,https://99aana.com/property/house-for-sale-at-changathali-lalitpur-8829/,"House for Sale at Changathali, Lalitpur",House,Changathali,Lalitpur,"Changathali, Lalitpur","Rs.18,000,000",0-3-0-0,,,,,2021-08-03,18000000,3.0,6000000
99aana.com,https://99aana.com/property/house-for-sale-at-banasthali-kathmandu-8832/,"House for sale at Banasthali, Kathmandu",House,Banasthali,Kathmandu,"Banasthali, Kathmandu",Rs 2 Crore 15 Lakh,0-3-0-0,2.5,16.0,,,2021-08-03,21500000,3.0,7166667
99aana.com,https://99aana.com/property/house-for-sale-at-tinchuli-boudha-kathmandu-8838/,"House for Sale at Tinchuli, Boudha, Kathmandu",House,Boudha,Kathmandu,"Tinchuli, Boudha, Kathmandu","Rs.29,800,000",4 Aana,2.5,13.0,,,2021-08-04,29800000,4.0,7450000
99aana.com,https://99aana.com/property/house-for-sale-at-chitwan-8833/,House for sale at Chitwan,House,,Chitwan,Chitwan,"Rs.6,500,000",1 kattha,,,,,2021-08-04,6500000,10.65,610322
99aana.com,https://99aana.com/property/house-for-sale-at-ramkot-kathmandu-8836/,"House for sale at Ramkot, Kathmandu",House,Ramkot,Kathmandu,"Ramkot, Kathmandu","Rs.10,000,000",0-3-2-0,,,4.0,1.0,2021-08-04,10000000,3.5,2857143
99aana.com,https://99aana.com/property/house-for-sale-at-sitapaila-kathmandu-8837/,"House for sale at Sitapaila, Kathmandu",House,Sitapaila,Kathmandu,"Sitapaila, Kathmandu","Rs.29,800,000",0-5-0-0,,,8.0,3.0,2021-08-04,29800000,5.0,5960000
99aana.com,https://99aana.com/property/house-for-sale-at-bhadra-basti-budhanilkantha-kathmandu-8852/,"House for sale at Bhadra Basti, Budhanilkantha, Kathmandu",House,Budhanilkantha,Kathmandu,"Bhadra Basti, Budhanilkantha, Kathmandu","Rs.85,000,000",0-14-2-0,,,9.0,3.0,2021-08-05,85000000,14.5,5862069
99aana.com,https://99aana.com/property/house-for-sale-at-kadaghari-kathmandu-8848/,"House for Sale at Kadaghari, Kathmandu",House,Kadaghari,Kathmandu,"Kadaghari, Kathmandu","Rs.19,800,000",3 Aana,2.5,10.0,12.0,,2021-08-05,19800000,3.0,6600000
99aana.com,https://99aana.com/property/house-for-sale-at-sitapaila-kathmandu-8853/,"House for sale at Sitapaila, Kathmandu",House,Sitapaila,Kathmandu,"Sitapaila, Kathmandu","Rs.12,000,000",0-2-2-0,,,7.0,3.0,2021-08-05,12000000,2.5,4800000
99aana.com,https://99aana.com/property/house-for-sale-at-mathillo-bhangal-budhanilkantha-kathmandu-8847/,"House for sale at Mathillo Bhangal, Budhanilkantha, Kathmandu",House,Budhanilkantha,Kathmandu,"Mathillo Bhangal, Budhanilkantha, Kathmandu","Rs.27,000,000",0-4-0-0,,,10.0,4.0,2021-08-05,27000000,4.0,6750000
99aana.com,https://99aana.com/property/house-for-sale-at-sitapaila-kathmandu-8845/,"House for sale at Sitapaila, Kathmandu",House,Sitapaila,Kathmandu,"Sitapaila, Kathmandu","Rs.21,000,000",0-3-2-0,,,8.0,3.0,2021-08-05,21000000,3.5,6000000
99aana.com,https://99aana.com/property/house-for-sale-at-syuchatar-kalanki-kathmandu-8844/,"House for sale at Syuchatar, Kalanki, Kathmandu",House,Kalanki,Kathmandu,"Syuchatar, Kalanki, Kathmandu","Rs.19,500,000",0-4-2-0,2.5,13.0,11.0,3.0,2021-08-05,19500000,4.5,4333333
99aana.com,https://99aana.com/property/house-for-sale-at-chandol-kathmandu-8858/,"House for Sale at Chandol, Kathmandu",House,Chandol,Kathmandu,"Chandol, Kathmandu","Rs.64,500,000",0-7-0-0,2.5,15.0,,,2021-08-06,64500000,7.0,9214286
99aana.com,https://99aana.com/property/house-for-sale-at-tikathali-lalitpur-8859/,"House for sale at Tikathali, Lalitpur",House,Tikathali,Lalitpur,"Tikathali, Lalitpur","Rs.13,500,000",0-3-0-0,,,,,2021-08-06,13500000,3.0,4500000
99aana.com,https://99aana.com/property/house-for-sale-at-godawari-lalitpur-8861/,"House for Sale at Godawari, Lalitpur",House,Godawari,Lalitpur,"Godawari, Lalitpur","Rs.35,000,000",0-9-2-2,3.0,,,,2021-08-06,35000000,9.625,3636364
99aana.com,https://99aana.com/property/house-for-sale-at-bhaktapur-8870/,"House for sale at Jhaukhel, Bhaktapur",House,Jhaukhel,Bhaktapur,"Jhaukhel, Bhaktapur","Rs.13,000,000",0-3-1-0,,,5.0,,2021-08-08,13000000,3.25,4000000
99aana.com,https://99aana.com/property/house-for-sale-at-narayanpur-05-chitwan-8862/,"House for sale at Narayanpur-05, Chitwan",House,Narayanpur,Chitwan,"Narayanpur-05, Chitwan","Rs.9,000,000",11.5 dhur,,,,,2021-08-08,9000000,6.124,1469673
99aana.com,https://99aana.com/property/house-for-sale-at-hariyali-satungal-kathmandu-8877/,"House for sale at Hariyali, Satungal, Kathmandu",House,Satungal,Kathmandu,"Hariyali, Satungal, Kathmandu","Rs.18,500,000",0-3-3-0,2.5,13.0,10.0,4.0,2021-08-08,18500000,3.75,4933333
99aana.com,https://99aana.com/property/house-for-sale-at-chunikhel-budhanilkantha-11-kathmandu-8887/,"House for sale at Chunikhel, Budhanilkantha-11, Kathmandu",House,Budhanilkantha,Kathmandu,"Chunikhel, Budhanilkantha-11, Kathmandu","Rs.16,500,000",0-3-1-0,,,4.0,1.0,2021-08-08,16500000,3.25,5076923
99aana.com,https://99aana.com/property/house-for-sale-at-pepsicola-kathmandu-8882/,"House for Sale at Pepsicola, Kathmandu",House,Pepsicola,Kathmandu,"Pepsicola, Kathmandu","Rs.22,500,000",0-3-0-0,2.5,14.0,,,2021-08-09,22500000,3.0,7500000
99aana.com,https://99aana.com/property/house-for-sale-at-kalimati-kathmandu-8889/,"House for sale at Kalimati, Kathmandu",House,Kalimati,Kathmandu,"Kalimati, Kathmandu","Rs.35,000,000",0-4-0-0,2.5,,,,2021-08-10,35000000,4.0,8750000
99aana.com,https://99aana.com/property/house-for-sale-at-darjeeling-height-bhaktapur-8893/,"House for sale at Darjeeling Height, Bhaktapur",House,Darjeeling Height,Bhaktapur,"Darjeeling Height, Bhaktapur",Rs 1 Crore 15 Lakh,0-2-3-0,,,3.0,,2021-08-10,11500000,2.75,4181818
99aana.com,https://99aana.com/property/house-for-sale-at-gothatar-kathmandu-8892/,"House for Sale at Gothatar, Kathmandu",House,Gothatar,Kathmandu,"Gothatar, Kathmandu","Rs.14,800,000",0-3-0-0,1.5,,,,2021-08-10,14800000,3.0,4933333
99aana.com,https://99aana.com/property/house-for-sale-at-budhanilkantha-kathmandu-8900/,"House for sale at Budhanilkantha, Kathmandu",House,Budhanilkantha,Kathmandu,"Budhanilkantha, Kathmandu","Rs.32,500,000",0-4-0-0,,,,,2021-08-11,32500000,4.0,8125000
99aana.com,https://99aana.com/property/house-for-sale-at-mulpani-kathmandu-8911/,"House for sale at Mulpani, Kathmandu",House,Mulpani,Kathmandu,"Mulpani, Kathmandu",Rs. 1 crore 25 lakh,0-3-0-0,,,,,2021-08-12,12500000,3.0,4166667
99aana.com,https://99aana.com/property/house-for-sale-at-basundhara-kathmandu-8919/,"House for sale at Basundhara, Kathmandu",House,Basundhara,Kathmandu,"Basundhara, Kathmandu","Rs.27,000,000",0-4-3-0,2.5,13.0,16.0,,2021-08-13,27000000,4.75,5684211
99aana.com,https://99aana.com/property/house-for-sale-at-bafal-kathmandu-8920/,"House for sale at Bafal, Kathmandu",House,Bafal,Kathmandu,"Bafal, Kathmandu","Rs.45,000,000",0-7-0-0,,,,,2021-08-13,45000000,7.0,6428571
99aana.com,https://99aana.com/property/house-for-sale-at-jagriti-chowk-bharatpur-12-chitwan-8914/,"House for sale at Jagriti Chowk, Bharatpur-12, Chitwan",House,Bharatpur,Chitwan,"Jagriti Chowk, Bharatpur-12, Chitwan","Rs.27,000,000",1 kattha,,,10.0,3.0,2021-08-14,27000000,10.65,2535185
99aana.com,https://99aana.com/property/house-for-sale-at-kalanki-kathmandu-8915/,"House for Sale at Kalanki, Kathmandu",House,Kalanki,Kathmandu,"Kalanki, Kathmandu","Rs.57,000,000",11 Aana,2.5,20.0,11.0,4.0,2021-08-14,57000000,11.0,5181818
99aana.com,https://99aana.com/property/house-for-sale-at-jyotinagar-ekatabasti-budhanilkantha-kathmandu-8916/,"House for sale at Jyotinagar, Ekatabasti, Budhanilkantha, Kathmandu",House,Budhanilkantha,Kathmandu,"Jyotinagar, Ekatabasti, Budhanilkantha, Kathmandu","Rs.22,500,000",0-3-2-0,,,11.0,3.0,2021-08-14,22500000,3.5,6428571
99aana.com,https://99aana.com/property/house-for-sale-at-bhangal-budhanilkantha-kathmandu-8926/,"House for sale at Bhangal, Budhanilkantha, Kathmandu",House,Budhanilkantha,Kathmandu,"Bhangal, Budhanilkantha, Kathmandu","Rs.27,500,000",0-4-0-0,,,11.0,3.0,2021-08-14,27500000,4.0,6875000
99aana.com,https://99aana.com/property/house-for-sale-at-ramkot-sitapaila-kathmandu-8917/,"House for sale at Ramkot, Sitapaila, Kathmandu",House,Sitapaila,Kathmandu,"Ramkot, Sitapaila, Kathmandu","Rs.17,500,000",0-3-2-0,,,11.0,4.0,2021-08-14,17500000,3.5,5000000
99aana.com,https://99aana.com/property/house-for-sale-at-kapan-kathmandu-8931/,"House for sale at Kapan, Kathmandu",House,Kapan,Kathmandu,"Kapan, Kathmandu","Rs.21,500,000",3 aana 2 paisa,2.5,13.0,,,2021-08-15,21500000,3.5,6142857
99aana.com,https://99aana.com/property/house-for-sale-at-lazimpat-kathmandu-8933/,"House for sale at Lazimpat, Kathmandu",House,Lazimpat,Kathmandu,"Lazimpat, Kathmandu",Rs 5 Crore 60 Lakh,0-6-0-0,,,11.0,,2021-08-15,56000000,6.0,9333333
99aana.com,https://99aana.com/property/house-for-sale-at-lalitpur-8932/,House for sale at Lalitpur,House,,Lalitpur,Lalitpur,"Rs.14,300,000",0-3-1-0,,,,,2021-08-15,14300000,3.25,4400000
99aana.com,https://99aana.com/property/house-for-sale-at-kalanki-kathmandu-8934/,"House for Sale at Kalanki, Kathmandu",House,Kalanki,Kathmandu,"Kalank, Kathmandu","Rs.30,000,000",0-5-0-0,3.0,13.0,12.0,4.0,2021-08-15,30000000,5.0,6000000
99aana.com,https://99aana.com/property/house-for-sale-at-naikap-kathmandu-8950/,"House for sale at Naikap, Kathmandu",House,Naikap,Kathmandu,"Naikap, Kathmandu","Rs.11,000,000",0-2-0-0,,,,,2021-08-17,11000000,2.0,5500000
99aana.com,https://99aana.com/property/house-for-sale-at-kapan-budhanilkantha-kathmandu-8956/,"House for sale at Kapan, Budhanilkantha, Kathmandu",House,Budhanilkantha,Kathmandu,"Kapan, Budhanilkantha, Kathmandu","Rs.15,500,000",0-2-2-0,2.5,13.0,11.0,3.0,2021-08-17,15500000,2.5,6200000
99aana.com,https://99aana.com/property/house-for-sale-at-lubhu-lalitpur-8957/,"House for sale at Lubhu, Lalitpur",House,Lubhu,Lalitpur,"Lubhu, Lalitpur","Rs.22,500,000",0-4-0-2,,,11.0,3.0,2021-08-17,22500000,4.125,5454545
99aana.com,https://99aana.com/property/house-for-sale-at-battisputali-kathmandu-8961/,"House for sale at Battisputali, Kathmandu",House,Battisputali,Kathmandu,"Battisputali, Kathmandu","Rs.57,500,000",0-8-0-0,,,,,2021-08-18,57500000,8.0,7187500
99aana.com,https://99aana.com/property/house-for-sale-at-darjeeling-height-suryabinayak-08-bhaktapur-8968/,"House for sale at Darjeeling Height, Suryabinayak-08, Bhaktapur",House,Suryabinayak,Bhaktapur,"Darjeeling Height, Suryabinayak-08, Bhaktapur","Rs.32,200,000",0-5-2-0,,,,,2021-08-18,32200000,5.5,5854545
99aana.com,https://99aana.com/property/house-for-sale-at-dhumbarahi-kathmandu-4-8973/,"House for sale at Dhumbarahi, Kathmandu",House,Dhumbarahi,Kathmandu,"Dhumbarahi, Kathmandu",Rs 4 Crore 50 Lakh,0-9-2-0,,,,,2021-08-19,45000000,9.5,4736842
99aana.com,https://99aana.com/property/house-for-sale-at-budhanilkantha-kathmandu-8977/,"House for sale at Budhanilkantha, Kathmandu",House,Budhanilkantha,Kathmandu,"Budhanilkantha, Kathmandu","Rs.2,600,000",0-5-0-0,,,9.0,4.0,2021-08-19,2600000,5.0,520000
99aana.com,https://99aana.com/property/house-for-sale-at-akashedhara-kapan-kathmandu-8978/,"House for sale at Akashedhara, Kapan, Kathmandu",House,Kapan,Kathmandu,"Akashedhara, Kapan, Kathmandu","Rs.45,000,000",5 aana,3.0,20.0,10.0,5.0,2021-08-19,45000000,5.0,9000000
99aana.com,https://99aana.com/property/house-for-sale-at-balaju-kathmandu-8980/,"House for Sale at Balaju, Kathmandu",House,Balaju,Kathmandu,"Balaju, Kathmandu","Rs.49,000,000",0-7-0-1,,,,,2021-08-20,49000000,7.062,6938053
99aana.com,https://99aana.com/property/house-for-sale-at-narayanatar-jorpati-kathmandu-8985/,"House for sale at Narayanatar, Jorpati, Kathmandu",House,Jorpati,Kathmandu,"Narayanatar, Jorpati, Kathmandu","Rs.17,500,000",0-3-1-0,,,8.0,3.0,2021-08-21,17500000,3.25,5384615
99aana.com,https://99aana.com/property/house-for-sale-at-imadol-mahalaxmi-lalitpur-8988/,"House for sale at Imadol, Mahalaxmi, Lalitpur",House,Mahalaxmi,Lalitpur,"Imadol, Mahalaxmi, Lalitpur","Rs.24,000,000",0-3-2-0,,,9.0,3.0,2021-08-21,24000000,3.5,6857143
99aana.com,https://99aana.com/property/house-for-sale-at-kadaghari-kathmandu-8998/,"House for sale at Kadaghari, Kathmandu",House,Kadaghari,Kathmandu,"Kadaghari, Kathmandu","Rs.15,000,000",0-3-0-0,,,4.0,1.0,2021-08-23,15000000,3.0,5000000
99aana.com,https://99aana.com/property/house-for-sale-at-thankot-kathmandu-9002/,"House for sale at Thankot, Kathmandu",House,Thankot,Kathmandu,"Thankot, Kathmandu","Rs.8,600,000",0-2-1-0,2.5,,,,2021-08-23,8600000,2.25,3822222
99aana.com,https://99aana.com/property/house-for-sale-at-bhaktapur-9006/,House for Sale at Bhaktapur,House,,Bhaktapur,Bhaktapur,"Rs.14,000,000",2 Aana,2.5,26.0,,,2021-08-24,14000000,2.0,7000000
99aana.com,https://99aana.com/property/house-for-sale-at-chapali-kathmandu-9004/,"House for Sale at Chapali, Kathmandu",House,Chapali,Kathmandu,"Chapali, Kathmandu","Rs.24,500,000",0-4-0-0,2.5,20.0,7.0,5.0,2021-08-24,24500000,4.0,6125000
99aana.com,https://99aana.com/property/house-for-sale-at-dahachowk-kathmandu-9021/,"House for Sale at Srijana Chwok, Dahachowk, Kathmandu",House,Dahachok,Kathmandu,"Srijana Chwok, Dahachowk, Kathmandu","Rs.15,000,000",0-3-1-2,2.0,8.0,,,2021-08-25,15000000,3.375,4444444
99aana.com,https://99aana.com/property/house-for-sale-at-manohara-kathmandu-2-9023/,"House for sale at Manohara, Kathmandu",House,Kageshwori Manohara,Kathmandu,"Kageshwori Manohara-08, Kathmandu",Rs 2 Crore 35 Lakh,0-3-2-0,,,12.0,,2021-08-25,23500000,3.5,6714286
99aana.com,https://99aana.com/property/house-for-sale-at-samakhusi-kathmandu-9020/,"House for sale at Samakhusi, Kathmandu",House,Samakhusi,Kathmandu,"Samakhusi, Kathmandu","Rs.140,000,000",0-3-2-0,,,,,2021-08-25,140000000,3.5,40000000
99aana.com,https://99aana.com/property/house-for-sale-at-bhangal-budhanilkantha-kathmandu-9009/,"House for sale at Bhangal, Budhanilkantha, Kathmandu",House,Budhanilkantha,Kathmandu,"Bhangal, Budhanilkantha, Kathmandu","Rs.33,500,000",0-5-0-0,,,9.0,4.0,2021-08-25,33500000,5.0,6700000
99aana.com,https://99aana.com/property/house-for-sale-at-gurjudhara-kathmandu-9013/,"House for sale at Gurjudhara, Kathmandu",House,Gurjudhara,Kathmandu,"Gurjudhara, Kathmandu","Rs.11,500,000",0-3-2-0,1.5,,4.0,1.0,2021-08-25,11500000,3.5,3285714
99aana.com,https://99aana.com/property/house-for-sale-at-ratnanagar-14-chitwan-9016/,"House for sale at Ratnanagar-14, Chitwan",House,Ratnanagar,Chitwan,"Ratnanagar-14, Chitwan","Rs.5,000,000",7 dhur,,,5.0,1.0,2021-08-25,5000000,3.728,1341368
99aana.com,https://99aana.com/property/house-for-sale-at-balaju-kathmandu-9018/,"House for sale at Balaju, Kathmandu",House,Balaju,Kathmandu,"Balaju, Kathmandu","Rs.20,000,000",0-2-2-3,3.5,,11.0,4.0,2021-08-25,20000000,2.688,7441860
99aana.com,https://99aana.com/property/house-for-sale-at-kalanki-kathmandu-9028/,"House for Sale at Kalanki, Kathmandu",House,Kalanki,Kathmandu,"Kalanki, Kathmandu","Rs.18,500,000",0-3-0-0,3.5,13.0,11.0,4.0,2021-08-25,18500000,3.0,6166667
99aana.com,https://99aana.com/property/house-for-sale-at-goldhunga-kathmandu-9031/,"House for Sale at Goldhunga, Kathmandu",House,Goldhunga,Kathmandu,"Goldhunga, Kathmandu","Rs.13,500,000",0-3-0-0,,,,,2021-08-26,13500000,3.0,4500000
99aana.com,https://99aana.com/property/house-for-sale-at-gaidakot-nawalpur-9034/,"House for sale at Gaidakot, Nawalpur",House,Nawalpur,,"Gaidakot, Nawalpur",Rs 2 Crore 85 Lakh,1 Kattha 2 Dhur,2.5,,,,2021-08-26,28500000,11.715,2432753
99aana.com,https://99aana.com/property/house-for-sale-at-sitapaila-kathmandu-7312/,"House for sale at Sitapaila, Kathmandu",House,Sitapaila,Kathmandu,"Sitapaila, Kathmandu",2 crore 60 lakh,0-4-1-0,,,9.0,3.0,2021-01-25,26000000,4.25,6117647
99aana.com,https://99aana.com/property/house-for-sale-at-lubhu-lalitpur-9049/,House for sale at Lubhu Lalitpur,House,Lubhu,Lalitpur,"Lubhu, Lalitpur","Rs.18,000,000",0-4-0-0,,,9.0,3.0,2021-08-27,18000000,4.0,4500000
99aana.com,https://99aana.com/property/house-for-sale-at-satdobato-lalitpur-9061/,"House For Sale at Satdobato, Lalitpur",House,Satdobato,Lalitpur,"Satdobato, Lalitpur","Rs.40,000,000",0-6-1-0,,,,,2021-08-30,40000000,6.25,6400000
99aana.com,https://99aana.com/property/house-for-sale-at-sitapaila-kathmandu-9067/,"House for sale at Sitapaila, Kathmandu",House,Sitapaila,Kathmandu,"Sitapaila, Kathmandu","Rs.12,500,000",0-2-2-0,,,5.0,3.0,2021-08-30,12500000,2.5,5000000
99aana.com,https://99aana.com/property/house-for-sale-at-mathillo-bhangal-budhanilkantha-kathmandu-9068/,"House for sale at Mathillo Bhangal, Budhanilkantha, Kathmandu",House,Budhanilkantha,Kathmandu,"Mathillo Bhangal, Budhanilkantha, Kathmandu","Rs.11,500,000",0-3-0-0,,,4.0,1.0,2021-08-30,11500000,3.0,3833333
99aana.com,https://99aana.com/property/house-for-sale-at-jorpati-kathmandu-9072/,"House for sale at Jorpati, Kathmandu",House,Jorpati,Kathmandu,"Jorpati, Kathmandu","Rs.16,000,000",0-3-0-0,,,,,2021-08-31,16000000,3.0,5333333
99aana.com,https://99aana.com/property/house-for-sale-at-thulo-bharyang-kathmandu-9085/,"House for Sale at Thulo Bharyang, Kathmandu",House,Thulobharyang,Kathmandu,"Thulo Bharyang, Kathmandu","Rs.15,500,000",0-2-3-3,1.0,12.0,,,2021-09-01,15500000,2.938,5276596
99aana.com,https://99aana.com/property/house-for-sale-at-nagarjun-kathmandu-9089/,"House for sale at Nagarjun, Kathmandu",House,Nagarjun,Kathmandu,"Nagarjun, Kathmandu","Rs.21,000,000",0-3-1-0,2.5,,,,2021-09-02,21000000,3.25,6461538
99aana.com,https://99aana.com/property/house-for-sale-at-mathillo-bhangal-budhanilkantha-kathmandu-9078/,"House for sale at Mathillo Bhangal, Budhanilkantha, Kathmandu",House,Budhanilkantha,Kathmandu,"Mathillo Bhangal, Budhanilkantha, Kathmandu","Rs.27,500,000",0-8-0-3,,,4.0,1.0,2021-09-02,27500000,8.188,3358779
99aana.com,https://99aana.com/property/house-for-sale-at-machhegaun-kathmandu-9079/,"House for Sale at Machhegaun, Kathmandu",House,Machhegaun,Kathmandu,"Machhegaun, Kathmandu","Rs.25,000,000",4 Aana,2.5,20.0,8.0,3.0,2021-09-02,25000000,4.0,6250000
99aana.com,https://99aana.com/property/house-for-sale-at-machhegaun-kathmandu-9092/,"House for Sale at Machhegaun, Kathmandu",House,Machhegaun,Kathmandu,"Machhegaun, Kathmandu","Rs.17,500,000",4 Aana,2.5,13.0,8.0,3.0,2021-09-02,17500000,4.0,4375000
99aana.com,https://99aana.com/property/house-for-sale-at-kadaghari-kathmandu-9095/,"House for sale at Kadaghari, Kathmandu",House,Kadaghari,Kathmandu,"Kadaghari, Kathmandu","Rs.25,500,000",0-3-2-0,,,11.0,3.0,2021-09-02,25500000,3.5,7285714
99aana.com,https://99aana.com/property/house-for-sale-at-sitapaila-kathmandu-9097/,"House for sale at Sitapaila, Kathmandu",House,Sitapaila,Kathmandu,"Sitapaila, Kathmandu","Rs.16,000,000",0-3-0-0,,,9.0,3.0,2021-09-02,16000000,3.0,5333333
99aana.com,https://99aana.com/property/house-for-sale-at-sitapaila-kathmandu-9098/,"House for sale at Sitapaila, Kathmandu",House,Sitapaila,Kathmandu,"Sitapaila, Kathmandu","Rs.24,000,000",0-4-0-0,,,13.0,3.0,2021-09-02,24000000,4.0,6000000
99aana.com,https://99aana.com/property/house-for-sale-at-bhangal-budhanilkantha-08-kathmandu-9099/,"House for sale at Bhangal, Budhanilkantha-08, Kathmandu",House,Budhanilkantha,Kathmandu,"Bhangal, Budhanilkantha-08, Kathmandu","Rs.21,000,000",0-3-1-0,2.5,13.0,10.0,3.0,2021-09-02,21000000,3.25,6461538
99aana.com,https://99aana.com/property/house-for-sale-at-kalimati-kathmandu-9100/,"House for sale at Kalimati, Kathmandu",House,Kalimati,Kathmandu,"Kalimati, Kathmandu","Rs.35,000,000",0-4-0-0,,,6.0,2.0,2021-09-02,35000000,4.0,8750000
99aana.com,https://99aana.com/property/house-for-sale-at-kirtipur-kathmandu-2-9106/,"House for sale at Kirtipur, Kathmandu",House,Kirtipur,Kathmandu,"Kirtipur, Kathmandu",Rs 2 Crore 75 Lakh,0-4-0-0,,,,,2021-09-03,27500000,4.0,6875000
99aana.com,https://99aana.com/property/house-for-sale-at-kalanki-kathmandu-9113/,"House for sale at Kalanki, Kathmandu",House,Kalanki,Kathmandu,"Kalanki, Kathmandu","Rs.24,500,000",0-3-0-2,2.5,13.0,,,2021-09-05,24500000,3.125,7840000
99aana.com,https://99aana.com/property/house-for-sale-at-mandikhatar-faat-budhanilkantha-kathmandu-9117/,"House for Sale at Mandikhatar Faat, Budhanilkantha, Kathmandu",House,Budhanilkantha,Kathmandu,"Mandikhatar Faat, Budhanilkantha, Kathmandu","Rs.22,200,000",0-3-0-2,2.5,13.0,9.0,3.0,2021-09-05,22200000,3.125,7104000
99aana.com,https://99aana.com/property/house-for-sale-at-mathillo-bhangal-budhanilkantha-kathmandu-9118/,"House for sale at Mathillo Bhangal, Budhanilkantha, Kathmandu",House,Budhanilkantha,Kathmandu,"Mathillo Bhangal, Budhanilkantha, Kathmandu","Rs.42,000,000",0-10-0-0,,,11.0,3.0,2021-09-05,42000000,10.0,4200000
99aana.com,https://99aana.com/property/house-for-sale-at-lubhu-lalitpur-9119/,"House for sale at Lubhu, Lalitpur",House,Lubhu,Lalitpur,"Lubhu, Lalitpur","Rs.11,500,000",0-4-0-0,2.0,13.0,5.0,2.0,2021-09-05,11500000,4.0,2875000
99aana.com,https://99aana.com/property/house-for-sale-at-goldhunga-kathmandu-9123/,"House for Sale at Goldhunga, Kathmandu",House,Goldhunga,Kathmandu,"Goldhunga, Kathmandu","Rs.9,000,000",0-3-2-3,1.0,10.0,,,2021-09-06,9000000,3.688,2440678
99aana.com,https://99aana.com/property/house-for-sale-at-dhalpa-kirtipur-9125/,"House for sale at Dhalpa, Kirtipur",House,Kitripur,,"Dhalpa, Kitripur",Rs 5 Crore 49 Lakh,0-6-2-0,,,21.0,7.0,2021-09-06,54900000,6.5,8446154
99aana.com,https://99aana.com/property/house-for-sale-at-bansbari-kathmandu-9131/,"House for Sale at Bansbari, Kathmandu",House,Bansbari,Kathmandu,"Bansbari, Kathmandu","Rs.23,800,000",0-4-0-0,3.0,13.0,6.0,4.0,2021-09-07,23800000,4.0,5950000
99aana.com,https://99aana.com/property/house-for-sale-at-bardibas-mahottari-9134/,"House for Sale at Bardibas, Mahottari",House,Mahottari,,"Bardibas, Mahottari",Rs. 18 crore,32.5 dhur,,,,,2021-09-07,180000000,17.306,10400760
99aana.com,https://99aana.com/property/house-for-sale-at-sinamangal-kathmandu-9143/,"House for sale at Sinamangal, Kathmandu",House,Sinamangal,Kathmandu,"Sinamangal, Kathmandu","Rs.120,000,000",0-14-0-0,,,,,2021-09-08,120000000,14.0,8571429
99aana.com,https://99aana.com/property/house-for-sale-at-budhanilkantha-height-kathmandu-9136/,House for sale at Budhanilkantha Height Kathmandu,House,Budhanilkantha Height,Kathmandu,"HoBudhanilkantha Height, Kathmandu","Rs.68,000,000",7 Aana 2 paisa,2.5,15.0,11.0,8.0,2021-09-08,68000000,7.5,9066667
99aana.com,https://99aana.com/property/house-for-sale-at-mandikhatar-kathmandu-9139/,"House for Sale at Mandikhatar, Kathmandu",House,Mandikhatar,Kathmandu,"Mandikhatar, Kathmandu","Rs.33,500,000",4 aana,2.5,16.0,10.0,3.0,2021-09-08,33500000,4.0,8375000
99aana.com,https://99aana.com/property/house-for-sale-at-syuchatar-kalanki-kathmandu-9140/,"House for sale at Syuchatar, Kalanki, Kathmandu",House,Kalanki,Kathmandu,"Syuchatar, Kalanki, Kathmandu","Rs.26,000,000",0-4-0-0,2.5,13.0,8.0,3.0,2021-09-08,26000000,4.0,6500000
99aana.com,https://99aana.com/property/house-for-sale-at-nayabasti-imadol-lalitpur-9148/,"House for sale at Nayabasti, Imadol, Lalitpur",House,Imadol,Lalitpur,"Nayabasti, Imadol, Lalitpur","Rs.22,000,000",0-3-1-0,,,8.0,4.0,2021-09-08,22000000,3.25,6769231
99aana.com,https://99aana.com/property/house-for-sale-at-sheetal-height-imadol-lalitpur-9147/,House for sale at Sheetal Height Imadol Lalitpur,House,Imadol,Lalitpur,"Sheetal Height, Imadol, Lalitpur","Rs.26,500,000",0-3-2-0,,,9.0,4.0,2021-09-08,26500000,3.5,7571429
99aana.com,https://99aana.com/property/house-for-sale-at-imadol-mahalaxmi-lalitpur-9146/,"House for sale at Imadol, Mahalaxmi, Lalitpur",House,Mahalaxmi,Lalitpur,"Imadol, Mahalaxmi, Lalitpur","Rs.21,500,000",0-3-0-3,,,9.0,4.0,2021-09-08,21500000,3.188,6745098
99aana.com,https://99aana.com/property/house-for-sale-at-kadaghari-kathmandu-9153/,"House for sale at Kadaghari, Kathmandu",House,Kadaghari,Kathmandu,"Kadaghari, Kathmandu","Rs.13,200,000",0-3-0-0,,,,,2021-09-10,13200000,3.0,4400000
99aana.com,https://99aana.com/property/house-for-sale-at-hattigauda-budhanilkantha-kathmandu-9155/,"House for sale at Hattigauda, Budhanilkantha, Kathmandu",House,Budhanilkantha,Kathmandu,"Hattigauda, Budhanilkantha, Kathmandu","Rs.37,000,000",0-5-1-3,,,,,2021-09-10,37000000,5.438,6804598
99aana.com,https://99aana.com/property/house-for-sale-at-mulpani-kathmandu-9161/,"House for sale at Mulpani, Kathmandu",House,Mulpani,Kathmandu,"Mulpani, Kathmandu","Rs.15,500,000",0-3-0-0,,,10.0,,2021-09-12,15500000,3.0,5166667
99aana.com,https://99aana.com/property/house-for-sale-at-sitapaila-kathmandu-9163/,"House for sale at Sitapaila, Kathmandu",House,Sitapaila,Kathmandu,"Sitapaila, Kathmandu","Rs.21,500,000",0-2-3-0,,,9.0,3.0,2021-09-12,21500000,2.75,7818182
99aana.com,https://99aana.com/property/house-for-sale-at-imadol-mahalaxmi-lalitpur-9165/,"House for sale at Imadol, Mahalaxmi, Lalitpur",House,Mahalaxmi,Lalitpur,"Imadol, Mahalaxmi, Lalitpur","Rs.14,500,000",0-3-0-0,,,4.0,1.0,2021-09-12,14500000,3.0,4833333
99aana.com,https://99aana.com/property/house-for-sale-at-imadol-mahalaxmi-lalitpur-9169/,"House for sale at Imadol, Mahalaxmi, Lalitpur",House,Mahalaxmi,Lalitpur,"Imadol, Mahalaxmi, Lalitpur","Rs.33,000,000",0-4-1-2,,,12.0,7.0,2021-09-12,33000000,4.375,7542857
99aana.com,https://99aana.com/property/house-for-sale-at-gothatar-kathmandu-9177/,"House for sale at Gothatar, Kathmandu",House,Gothatar,Kathmandu,"Gothatar, Kathmandu",Rs 2 Crore 80 Lakh,0-4-0-0,,,12.0,,2021-09-13,28000000,4.0,7000000
99aana.com,https://99aana.com/property/bungalow-for-sale-at-budhanilkantha-kathmandu-9187/,"Bungalow for sale at Budhanilkantha, Kathmandu",House,Budhanilkantha,Kathmandu,"Budhanilkantha, Kathmandu",Rs 7 Crore 15 Lakh,10 Aana 2 paisa,2.5,13.0,,,2021-09-14,71500000,10.5,6809524
99aana.com,https://99aana.com/property/house-for-sale-at-kadaghari-kathmandu-9183/,"House for sale at Kadaghari, Kathmandu",House,Kadaghari,Kathmandu,"Kadaghari, Kathmandu","Rs.19,000,000",0-3-0-0,,,,,2021-09-14,19000000,3.0,6333333
99aana.com,https://99aana.com/property/house-for-sale-at-kapan-kathmandu-9185/,"House for sale at Kapan, Kathmandu",House,Kapan,Kathmandu,"Kapan, Kathmandu","Rs.22,000,000",0-3-0-2,2.5,13.0,,,2021-09-14,22000000,3.125,7040000
99aana.com,https://99aana.com/property/house-for-sale-at-damak-jhapa-9186/,"House for sale at Damak, Jhapa",House,Damak,Jhapa,"Damak, Jhapa","Rs.2,600,000",9 dhur,1.0,20.0,4.0,1.0,2021-09-14,2600000,4.793,542509
99aana.com,https://99aana.com/property/house-for-sale-at-gothatar-kathmandu-9197/,"House for sale at Gothatar, Kathmandu",House,Gothatar,Kathmandu,"Gothatar, Kathmandu",Rs 2 Crore 80 Lakh,0-4-0-0,,,12.0,,2021-09-15,28000000,4.0,7000000
99aana.com,https://99aana.com/property/house-for-sale-at-gothatar-kadaghari-kathmandu-9194/,"House for sale at Gothatar, Kadaghari, Kathmandu",House,Kadaghari,Kathmandu,"Gothatar, Kadaghari, Kathmandu","Rs.15,000,000",0-3-0-0,,,,,2021-09-15,15000000,3.0,5000000
99aana.com,https://99aana.com/property/house-for-sale-at-bhangal-budhanilkantha-kathmandu-9180/,"House for sale at Bhangal, Budhanilkantha, Kathmandu",House,Budhanilkantha,Kathmandu,"Bhangal, Budhanilkantha, Kathmandu","Rs.29,500,000",0-5-0-0,,,9.0,3.0,2021-09-15,29500000,5.0,5900000
99aana.com,https://99aana.com/property/house-for-sale-at-gurjudhara-kathmandu-9181/,"House for sale at Gurjudhara, Kathmandu",House,Gurjudhara,Kathmandu,"Gurjudhara, Kathmandu","Rs.12,500,000",0-3-1-0,1.5,,5.0,1.0,2021-09-15,12500000,3.25,3846154
99aana.com,https://99aana.com/property/house-for-sale-at-gurjudhara-kathmandu-9190/,"House for sale at Gurjudhara, Kathmandu",House,Gurjudhara,Kathmandu,"Gurjudhara, Kathmandu","Rs.11,500,000",0-3-0-0,1.5,,4.0,1.0,2021-09-15,11500000,3.0,3833333
99aana.com,https://99aana.com/property/house-for-sale-at-tallo-bhangal-budhanilkantha-kathmandu-9191/,"House for sale at Tallo Bhangal, Budhanilkantha, Kathmandu",House,Budhanilkantha,Kathmandu,"Tallo Bhangal, Budhanilkantha, Kathmandu","Rs.15,000,000",0-3-0-3,,,4.0,1.0,2021-09-15,15000000,3.188,4705882
99aana.com,https://99aana.com/property/house-for-sale-at-jyotinagar-ekatabasti-kathmandu-9198/,"House for sale at Jyotinagar, Ekatabasti, Kathmandu",House,Ektabasti,Kathmandu,"Jyotinagar, Ekatabasti, Kathmandu","Rs.41,500,000",0-4-2-0,,,13.0,3.0,2021-09-15,41500000,4.5,9222222
99aana.com,https://99aana.com/property/house-for-sale-at-dhunche-pakha-bhaktapur-9202/,"House for sale at Dhunche pakha, Bhaktapur",House,Dhunche Pakha,Bhaktapur,"Dhunche pakha, Bhaktapur","Rs.26,500,000",0-4-0-0,,,9.0,3.0,2021-09-15,26500000,4.0,6625000
99aana.com,https://99aana.com/property/house-for-sale-at-baneshwor-kathmandu-9205/,"House for sale at Baneshwor, Kathmandu",House,Baneshwor,Kathmandu,"Bhimsengola, Katyeni Chowk, Baneshwor, Kathmandu","Rs.49,000,000",0-4-1-0,2.5,20.0,11.0,,2021-09-16,49000000,4.25,11529412
99aana.com,https://99aana.com/property/house-for-sale-at-sanothimi-bhaktapur-9213/,"House for Sale at Sanothimi, Bhaktapur",House,Sano Thimi,Bhaktapur,"Sanothimi, Bhaktapur","Rs.50,000,000",0-13-2-0,,,,,2021-09-17,50000000,13.5,3703704
99aana.com,https://99aana.com/property/house-for-sale-at-chandragiri-matatirtha-kathmandu-9215/,"House for sale at Chandragiri, Matatirtha, Kathmandu",House,Matatirtha,Kathmandu,"Chandragiri, Matatirtha, Kathmandu","Rs.9,500,000",0-2-2-0,,,,,2021-09-17,9500000,2.5,3800000
99aana.com,https://99aana.com/property/house-for-sale-at-paknajol-16-thamel-kathmandu-9216/,"House for sale at Paknajol-16, Thamel, Kathmandu",House,Thamel,Kathmandu,"Paknajol-16, Thamel, Kathmandu","Rs.72,500,000",0-9-0-0,3.0,,,,2021-09-17,72500000,9.0,8055556
99aana.com,https://99aana.com/property/house-for-sale-at-kadaghari-kathmandu-6-9217/,"House for sale at Kadaghari, Kathmandu",House,Kadaghari,Kathmandu,"Kadaghari, Kathmandu",Rs 2 Crore 22 Lakh,0-3-0-0,,,11.0,,2021-09-17,22200000,3.0,7400000
99aana.com,https://99aana.com/property/house-for-sale-at-ramkot-kathmandu-9218/,"House for sale at Ramkot, Kathmandu",House,Ramkot,Kathmandu,"Ramkot, Kathmandu","Rs.17,000,000",0-4-0-0,,,12.0,3.0,2021-09-19,17000000,4.0,4250000
99aana.com,https://99aana.com/property/house-for-sale-at-jyotinagar-ekatabasti-kathmandu-9222/,"House for sale at Jyotinagar, Ekatabasti, Kathmandu",House,Ektabasti,Kathmandu,"Jyotinagar, Ekatabasti, Kathmandu","Rs.27,000,000",0-3-2-0,,,10.0,3.0,2021-09-19,27000000,3.5,7714286
99aana.com,https://99aana.com/property/house-for-sale-at-padam-colony-ramkot-kathmandu-9228/,"House for sale at Padam Colony, Ramkot, Kathmandu",House,Ramkot,Kathmandu,"Padam Colony, Ramkot, Kathmandu","Rs.35,000,000",0-5-0-0,,,10.0,3.0,2021-09-19,35000000,5.0,7000000
99aana.com,https://99aana.com/property/house-for-sale-at-tikathali-lalitpur-9230/,"House for Sale at Tikathali, Lalitpur",House,Tikathali,Lalitpur,"Tikathali, Lalitpur","Rs.23,000,000",0-3-2-0,2.5,,8.0,3.0,2021-09-19,23000000,3.5,6571429
99aana.com,https://99aana.com/property/house-for-sale-at-chabahil-kathmandu-9233/,"Bungalow for sale at Chabahil, Kathmandu",House,Chabahil,Kathmandu,"Chabahil, Kathmandu",Rs 5 Crore 75 Lakh,0-9-3-3,2.5,13.0,,,2021-09-20,57500000,9.938,5786164
99aana.com,https://99aana.com/property/house-for-sale-at-new-baneshwor-kathmandu-9225/,"House for sale at New Baneshwor, Kathmandu",House,New Baneshwor,Kathmandu,"New Baneshwor, Kathmandu","Rs.43,000,000",0-4-2-2,2.5,12.0,,,2021-09-20,43000000,4.625,9297297
99aana.com,https://99aana.com/property/house-for-sale-at-kapan-kathmandu-9223/,"House for sale at Kapan, Kathmandu",House,Kapan,Kathmandu,"Kapan, Kathmandu","Rs.17,000,000",3 aana,2.5,20.0,,,2021-09-20,17000000,3.0,5666667
99aana.com,https://99aana.com/property/house-for-sale-at-balkot-bhaktapur-9238/,"House for sale at Balkot, Bhaktapur",House,Balkot,Bhaktapur,"Balkot, Bhaktapur","Rs.21,500,000",0-3-1-0,,,9.0,3.0,2021-09-20,21500000,3.25,6615385
99aana.com,https://99aana.com/property/house-for-sale-at-sitapaila-kathmandu-9239/,"House for sale at Sitapaila, Kathmandu",House,Sitapaila,Kathmandu,"Sitapaila, Kathmandu","Rs.24,000,000",0-4-2-0,,,15.0,3.0,2021-09-20,24000000,4.5,5333333
99aana.com,https://99aana.com/property/house-for-sale-at-kapan-budhanilkantha-11-kathmandu-9240/,"House for sale at Kapan, Budhanilkantha-11, Kathmandu",House,Budhanilkantha,Kathmandu,"Kapan, Budhanilkantha-11, Kathmandu","Rs.30,500,000",0-5-0-0,2.5,13.0,10.0,3.0,2021-09-20,30500000,5.0,6100000
99aana.com,https://99aana.com/property/house-for-sale-at-kapan-budhanilkantha-kathmandu-9241/,"House for sale at Kapan, Budhanilkantha, Kathmandu",House,Budhanilkantha,Kathmandu,"Kapan, Budhanilkantha, Kathmandu","Rs.25,500,000",0-3-2-0,2.5,13.0,10.0,4.0,2021-09-20,25500000,3.5,7285714
99aana.com,https://99aana.com/property/house-for-sale-at-hepali-height-kathmandu-9262/,"House for sale at Hepali Height, Kathmandu",House,Hepali Heights,Kathmandu,"Hepali Height, Kathmandu","Rs.130,000,000",1-14-0-0,2.5,,,,2021-09-20,130000000,30.0,4333333
99aana.com,https://99aana.com/property/house-for-sale-at-pepsicola-kathmandu-9261/,"House for sale at Pepsicola, Kathmandu",House,Pepsicola,Kathmandu,"Pepsicola, Kathmandu","Rs.21,000,000",0-3-0-0,,,5.0,2.0,2021-09-20,21000000,3.0,7000000
99aana.com,https://99aana.com/property/house-for-sale-at-matatirtha-kathmandu-9243/,"House for sale at Matatirtha, Kathmandu",House,Matatirtha,Kathmandu,"Matatirtha, Kathmandu",Rs 95 Lakh,2 Aana 2 paisa,2.5,8.0,6.0,,2021-09-21,9500000,2.5,3800000
99aana.com,https://99aana.com/property/house-for-sale-at-jorpati-kathmandu-9245/,"House for sale at Jorpati, Kathmandu",House,Jorpati,Kathmandu,"Jorpati, Kathmandu","Rs.29,500,000",0-3-2-0,,,,,2021-09-22,29500000,3.5,8428571
99aana.com,https://99aana.com/property/house-for-sale-at-banasthali-kathmandu-9246/,"House for Sale at Banasthali, Kathmandu",House,Banasthali,Kathmandu,"Banasthali, Kathmandu","Rs.70,000,000",0-13-2-0,2.5,20.0,,,2021-09-22,70000000,13.5,5185185
99aana.com,https://99aana.com/property/house-for-sale-at-budhanilkantha-kathmandu-9254/,"House for sale at Budhanilkantha, Kathmandu",House,Budhanilkantha,Kathmandu,"Budhanilkantha, Kathmandu","Rs.21,500,000",0-4-0-0,,,11.0,2.0,2021-09-23,21500000,4.0,5375000
99aana.com,https://99aana.com/property/house-for-sale-at-imadol-lalitpur-9254/,"House for sale at Imadol, Lalitpur",House,Imadol,Lalitpur,"Imadol, Lalitpur","Rs.19,000,000",0-3-0-0,,,,,2021-09-23,19000000,3.0,6333333
99aana.com,https://99aana.com/property/house-for-sale-at-tanahun-9263/,House for sale at Tanahun,House,Tanahun,,Tanahun,Rs 1 Crore,1-8-0-0,,,,,2021-09-23,10000000,24.0,416667
99aana.com,https://99aana.com/property/house-for-sale-at-tikathali-lalitpur-9256/,"House for sale at Tikathali, Lalitpur",House,Tikathali,Lalitpur,"Tikathali, Lalitpur","Rs.16,000,000",0-2-0-0,,,,,2021-09-23,16000000,2.0,8000000
99aana.com,https://99aana.com/property/house-for-sale-at-imadol-mahalaxmi-lalitpur-9278/,"House for sale at Imadol, Mahalaxmi, Lalitpur",House,Mahalaxmi,Lalitpur,"Imadol, Mahalaxmi, Lalitpur","Rs.23,000,000",0-3-0-0,,,8.0,3.0,2021-09-23,23000000,3.0,7666667
99aana.com,https://99aana.com/property/house-for-sale-at-kalanki-kathmandu-9281/,"House for sale at Kalanki, Kathmandu",House,Kalanki,Kathmandu,"Kalanki, Kathmandu","Rs.28,500,000",0-3-0-0,,,18.0,8.0,2021-09-23,28500000,3.0,9500000
99aana.com,https://99aana.com/property/house-for-sale-at-samakhusi-kathmandu-9264/,"House for sale at Samakhusi, Kathmandu",House,Samakhusi,Kathmandu,"Samakhusi, Kathmandu","Rs.31,000,000",0-5-1-0,,,15.0,3.0,2021-09-24,31000000,5.25,5904762
99aana.com,https://99aana.com/property/house-for-sale-at-gurjudhara-kathmandu-9276/,"House for sale at Gurjudhara, Kathmandu",House,Gurjudhara,Kathmandu,"Kalanki, Gurjudhara, Kathmandu","Rs.18,500,000",0-3-0-0,2.5,,,,2021-09-27,18500000,3.0,6166667
99aana.com,https://99aana.com/property/house-for-sale-at-bhangal-budhanilkantha-kathmandu-9287/,"House for sale at Bhangal, Budhanilkantha, Kathmandu",House,Budhanilkantha,Kathmandu,"Bhangal, Budhanilkantha, Kathmandu","Rs.28,000,000",0-3-3-0,,,8.0,3.0,2021-09-27,28000000,3.75,7466667
99aana.com,https://99aana.com/property/house-for-sale-at-bojepokhari-chowk-lalitpur-9299/,"House for sale at Bojepokhari Chowk, Lalitpur",House,Bojepokhari Lalitpur,,Bojepokhari Chowk Lalitpur,"Rs.23,000,000",0-3-1-0,,,8.0,3.0,2021-09-27,23000000,3.25,7076923
99aana.com,https://99aana.com/property/house-for-sale-at-kadaghari-kathmandu-9309/,"House for sale at Kadaghari, Kathmandu",House,Kadaghari,Kathmandu,"Kadaghari, Kathmandu","Rs.12,500,000",0-2-2-0,,,9.0,3.0,2021-09-27,12500000,2.5,5000000
99aana.com,https://99aana.com/property/house-for-sale-at-gothatar-kadaghari-kathmandu-9310/,"House for sale at Gothatar, Kadaghari, Kathmandu",House,Kadaghari,Kathmandu,"Gothatar, Kadaghari, Kathmandu","Rs.24,000,000",0-3-2-0,,,10.0,3.0,2021-09-27,24000000,3.5,6857143
99aana.com,https://99aana.com/property/house-for-sale-at-budhanilkantha-kathmandu-9320/,"House for Sale at Budhanilkantha, Kathmandu",House,Budhanilkantha,Kathmandu,"Budhanilkantha, Kathmandu","Rs.35,000,000",0-4-2-0,2.5,13.0,10.0,3.0,2021-09-28,35000000,4.5,7777778
99aana.com,https://99aana.com/property/house-for-sale-at-budhanilkantha-kathmandu-9321/,"House for Sale at Budhanilkantha, Kathmandu",House,Budhanilkantha,Kathmandu,"Budhanilkantha, Kathmandu","Rs.35,000,000",0-4-2-0,2.5,13.0,10.0,3.0,2021-09-28,35000000,4.5,7777778
99aana.com,https://99aana.com/property/house-for-sale-at-lamatar-lalitpur-9303/,"House for sale at Lamatar, Lalitpur",House,Lamatar,Lalitpur,"Lamatar, Lalitpur","Rs.9,500,000",0-3-1-0,,,,,2021-09-29,9500000,3.25,2923077
99aana.com,https://99aana.com/property/house-for-sale-at-kalanki-satungal-kathmandu-9305/,"House for sale at Kalanki, Satungal, Kathmandu",House,Satungal,Kathmandu,"Kalanki, Satungal, Kathmandu","Rs.15,500,000",0-3-0-0,,,,,2021-09-29,15500000,3.0,5166667
99aana.com,https://99aana.com/property/house-for-sale-at-goldhunga-kathmandu-9307/,"House for sale at Goldhunga, Kathmandu",House,Goldhunga,Kathmandu,"Goldhunga, Kathmandu","Rs.11,500,000",0-3-2-0,,,,,2021-09-29,11500000,3.5,3285714
99aana.com,https://99aana.com/property/house-for-sale-at-tikathali-lalitpur-9343/,"House for Sale at Tikathali, Lalitpur",House,Tikathali,Lalitpur,"Tikathali, Lalitpur","Rs.27,000,000",0-3-2-0,2.5,,9.0,3.0,2021-10-02,27000000,3.5,7714286
99aana.com,https://99aana.com/property/house-for-sale-at-kapan-budhanilkantha-kathmandu-9331/,"House for sale at Kapan, Budhanilkantha, Kathmandu",House,Budhanilkantha,Kathmandu,"Kapan, Budhanilkantha, Kathmandu","Rs.26,000,000",0-3-2-0,2.5,13.0,10.0,3.0,2021-09-30,26000000,3.5,7428571
99aana.com,https://99aana.com/property/house-for-sale-at-syuchatar-kalanki-kathmandu-9352/,"House for sale at Syuchatar, Kalanki, Kathmandu",House,Kalanki,Kathmandu,"Syuchatar, Kalanki, Kathmandu","Rs.35,500,000",0-4-0-0,2.5,13.0,,,2021-10-02,35500000,4.0,8875000
99aana.com,https://99aana.com/property/house-for-sale-at-mandikhatar-kathmandu-9354/,"House for Sale at Mandikhatar, Kathmandu",House,Mandikhatar,Kathmandu,"Mandikhatar, Kathmandu","Rs.33,500,000",4 aana,2.5,15.0,10.0,3.0,2021-10-02,33500000,4.0,8375000
99aana.com,https://99aana.com/property/house-for-sale-at-banasthali-kathmandu-9346/,"House for sale at Banasthali, Kathmandu",House,Banasthali,Kathmandu,"Banasthali, Kathmandu",Rs 2 Crore 50 Lakh,0-2-3-1,3.5,12.0,,4.0,2021-10-03,25000000,2.812,8888889
99aana.com,https://99aana.com/property/house-for-sale-at-budhanilkantha-kathmandu-9364/,"House for sale at Budhanilkantha, Kathmandu",House,Budhanilkantha,Kathmandu,"Budhanilkantha, Kathmandu","Rs.75,000,000",0-10-0-0,,,10.0,6.0,2021-10-03,75000000,10.0,7500000
99aana.com,https://99aana.com/property/house-for-sale-at-imadol-lalitpur-9348/,"House for sale at Imadol, Lalitpur",House,Imadol,Lalitpur,"Imadol, Lalitpur","Rs.26,000,000",0-3-2-0,,,,,2021-10-04,26000000,3.5,7428571
99aana.com,https://99aana.com/property/house-for-sale-at-samakhusi-kathmandu-9339/,"House for sale at Samakhusi, Kathmandu",House,Samakhusi,Kathmandu,"Samakhusi, Kathmandu","Rs.26,000,000",0-4-0-0,,,,,2021-10-03,26000000,4.0,6500000
99aana.com,https://99aana.com/property/house-for-sale-at-thankot-chandragiri-kathmandu-9374/,"House for sale at Thankot, Chandragiri, Kathmandu",House,Chandragiri,Kathmandu,"Thankot, Chandragiri, Kathmandu","Rs.16,500,000",0-2-3-0,2.5,,7.0,3.0,2021-10-04,16500000,2.75,6000000
99aana.com,https://99aana.com/property/house-for-sale-at-sano-bharyang-kathmandu-9376/,"House for Sale at Sano Bharyang, Kathmandu",House,Sano Bharyang,Kathmandu,"Sano Bharyang, Kathmandu","Rs.26,000,000",3 Aana 3 paisa,2.5,13.0,10.0,3.0,2021-10-04,26000000,3.75,6933333
99aana.com,https://99aana.com/property/house-for-sale-at-swoyambhu-kathmandu-9358/,"House for sale at Swoyambhu, Kathmandu",House,Swoyambhu,Kathmandu,"Swoyambhu, Kathmandu","Rs.35,000,000",0-4-0-0,,,,,2021-10-05,35000000,4.0,8750000
99aana.com,https://99aana.com/property/house-for-sale-at-morang-9361/,House for sale at Morang,House,,Morang,Morang,"Rs.5,500,000",15 dhur,,,,,2021-10-05,5500000,7.988,688569
99aana.com,https://99aana.com/property/house-for-sale-at-naya-buspark-kathmandu-9368/,"House for sale at Naya Buspark, Kathmandu",House,Naya Buspark,Kathmandu,"Naya Buspark, Kathmandu",Rs 3 Crore 20 Lakh,0-4-2-0,,,14.0,,2021-10-05,32000000,4.5,7111111
99aana.com,https://99aana.com/property/house-for-sale-at-chandragadi-jhapa-9372/,"House for sale at Chandragadi, Jhapa",House,Chandragadi,Jhapa,"Chandragadi, Jhapa","Rs.6,000,000",12 dhur,,,,,2021-10-06,6000000,6.39,938957
99aana.com,https://99aana.com/property/house-for-sale-at-bharatpur-chitwan-9417/,"House for sale at Bharatpur, Chitwan",House,Bharatpur,Chitwan,"Krishnapur, Bharatpur, Chitwan","Rs.18,000,000",12.5 dhur,,,10.0,3.0,2021-10-06,18000000,6.656,2704198
99aana.com,https://99aana.com/property/house-for-sale-at-baghbazar-kathmandu-9418/,"House for sale at Baghbazar, Kathmandu",House,Baghbazar,Kathmandu,"Baghbazar, Kathmandu","Rs.56,000,000",0-3-0-0,,,13.0,3.0,2021-10-06,56000000,3.0,18666667
99aana.com,https://99aana.com/property/house-for-sale-at-mandikatar-kathmandu-9380/,"House for sale at Mandikatar, Kathmandu",House,Mandikhatar,Kathmandu,"Mandikatar, Kathmandu","Rs.17,000,000",0-4-1-0,,,,,2021-10-07,17000000,4.25,4000000
99aana.com,https://99aana.com/property/house-for-sale-at-kapan-budhanilkantha-3-9399/,"House for sale at Kapan, Budhanilkantha",House,Budhanilkantha,Kathmandu,"Kapan, Budhanilkantha",Rs 2 Crore 80 Lakh,0-4-0-0,,,,,2021-10-08,28000000,4.0,7000000
99aana.com,https://99aana.com/property/house-for-sale-at-imadol-lalitpur-9429/,"House for sale at Imadol, Lalitpur",House,Imadol,Lalitpur,"Imadol, Lalitpur","Rs.48,000,000",0-6-0-0,,,9.0,5.0,2021-10-08,48000000,6.0,8000000
99aana.com,https://99aana.com/property/house-for-sale-at-kapan-budhanilkantha-10-kathmandu-9404/,"House for sale at Kapan, Budhanilkantha-10, Kathmandu",House,Budhanilkantha,Kathmandu,"Kapan, Budhanilkantha-10, Kathmandu","Rs.35,000,000",0-3-2-0,,,10.0,3.0,2021-10-06,35000000,3.5,10000000
99aana.com,https://99aana.com/property/house-for-sale-at-tikathali-lalitpur-9437/,"House for sale at Tikathali, Lalitpur",House,Tikathali,Lalitpur,"Tikathali, Lalitpur","Rs.26,000,000",0-3-2-2,,,10.0,4.0,2021-10-10,26000000,3.625,7172414
99aana.com,https://99aana.com/property/house-for-sale-at-ektabasti-kathmandu-9438/,"House for Sale at Ektabasti, Kathmandu",House,Ektabasti,Kathmandu,"Ektabasti, Kathmandu","Rs.35,000,000",4 aana,2.5,13.0,10.0,3.0,2021-10-10,35000000,4.0,8750000
99aana.com,https://99aana.com/property/house-for-sale-at-budhanilkantha-kathmandu-9439/,"House for sale at Budhanilkantha, Kathmandu",House,Budhanilkantha,Kathmandu,"Budhanilkantha, Kathmandu","Rs.31,000,000",0-4-2-0,,,10.0,3.0,2021-10-10,31000000,4.5,6888889
99aana.com,https://99aana.com/property/house-for-sale-at-mandikatar-kathmandu-9411/,"House for sale at Mandikatar, Kathmandu",House,Mandikhatar,Kathmandu,"Mandikatar, Kathmandu","Rs.26,500,000",0-4-2-0,,,,,2021-10-11,26500000,4.5,5888889
99aana.com,https://99aana.com/property/house-for-sale-at-dhapasi-kathmandu-9419/,"House for sale at Dhapasi, Kathmandu",House,Dhapasi,Kathmandu,"Dhapasi, Kathmandu","Rs.38,000,000",0-4-0-0,2.5,13.0,11.0,4.0,2021-10-21,38000000,4.0,9500000
99aana.com,https://99aana.com/property/house-for-sale-at-swoyambhu-kathmandu-9420/,"House for sale at Swoyambhu, Kathmandu",House,Swoyambhu,Kathmandu,"Swoyambhu, Kathmandu","Rs.3,500,000",0-3-0-1,,,,,2021-10-21,3500000,3.062,1142857
99aana.com,https://99aana.com/property/house-for-sale-at-sipadol-bhaktapur-9422/,"House for Sale at Sipadol, Bhaktapur",House,Sipadol,Bhaktapur,"Sipadol, Bhaktapur","Rs.15,000,000",0-4-0-0,1.0,,,,2021-10-21,15000000,4.0,3750000
99aana.com,https://99aana.com/property/house-for-sale-at-sitapaila-kathmandu-9423/,"House for sale at Sitapaila, Kathmandu",House,Sitapaila,Kathmandu,"Sitapaila, Kathmandu","Rs.52,500,000",0-6-0-0,,,,,2021-10-22,52500000,6.0,8750000
99aana.com,https://99aana.com/property/house-for-sale-at-pasikot-kathmandu-9427/,"House for Sale at Pasikot, Kathmandu",House,Pasikot,Kathmandu,"Pasikot, Kathmandu","Rs.16,200,000",2 Aana 3 paisa,2.5,20.0,,2.0,2021-10-24,16200000,2.75,5890909
99aana.com,https://99aana.com/property/house-for-sale-at-balkot-bhaktapur-9428/,"House for Sale at Balkot, Bhaktapur",House,Balkot,Bhaktapur,"Balkot, Bhaktapur","Rs.14,500,000",3 Aana,1.0,10.0,,1.0,2021-10-24,14500000,3.0,4833333
99aana.com,https://99aana.com/property/house-for-sale-at-kadaghari-kathmandu-9429/,"House for sale at Kadaghari, Kathmandu",House,Kadaghari,Kathmandu,"Kadaghari, Kathmandu","Rs.26,500,000",0-4-0-0,,,,,2021-10-24,26500000,4.0,6625000
99aana.com,https://99aana.com/property/house-for-sale-at-kharipati-bhaktapur-9430/,"House for sale at Kharipati, Bhaktapur",House,Kharipati,Bhaktapur,"Kharipati, Bhaktapur","Rs.14,000,000",0-3-0-0,,,,,2021-10-24,14000000,3.0,4666667
99aana.com,https://99aana.com/property/house-for-sale-at-balkot-bhaktapur-9432/,"House for Sale at Balkot, Bhaktapur",House,Balkot,Bhaktapur,"Balkot, Bhaktapur",4 crore,0-5-0-0,3.5,,,,2021-10-25,40000000,5.0,8000000
99aana.com,https://99aana.com/property/house-for-sale-at-chapali-bhangal-budhanilkantha-kathmandu-9436/,"House for sale at Chapali, Budhanilkantha, Kathmandu",House,Budhanilkantha,Kathmandu,"Chapali, Budhanilkantha, Kathmandu","Rs.21,000,000",0-3-0-0,2.5,13.0,,,2021-10-26,21000000,3.0,7000000
99aana.com,https://99aana.com/property/house-for-sale-at-bhangal-budhanilkantha-kathmandu-9437/,"House for sale at Bhangal, Budhanilkantha, Kathmandu",House,Budhanilkantha,Kathmandu,"Bhangal, Budhanilkantha, Kathmandu","Rs.16,800,000",0-3-0-3,,,4.0,,2021-10-26,16800000,3.188,5270588
99aana.com,https://99aana.com/property/house-for-sale-at-goldhunga-kathmandu-9438/,"House for Sale at Goldhunga, Kathmandu",House,Goldhunga,Kathmandu,"Goldhunga, Kathmandu","Rs.20,500,000",0-4-0-0,,,,,2021-10-26,20500000,4.0,5125000
99aana.com,https://99aana.com/property/house-for-sale-at-gothatar-kathmandu-9442/,"House for Sale at Gothatar, Kathmandu",House,Gothatar,Kathmandu,"Gothatar, Kathmandu","Rs.27,500,000",0-3-2-2,2.0,,,,2021-10-27,27500000,3.625,7586207
99aana.com,https://99aana.com/property/house-for-sale-at-gothatar-kathmandu-9440/,"House for sale at Gothatar, Kathmandu",House,Gothatar,Kathmandu,"Gothatar, Kathmandu","Rs.25,000,000",0-3-0-0,,,,,2021-10-27,25000000,3.0,8333333
99aana.com,https://99aana.com/property/house-for-sale-at-imadol-mahalaxmi-3-lalitpur-9435/,"House for sale at Imadol, Mahalaxmi-3, Lalitpur",House,Mahalaxmi,Lalitpur,"Imadol, Mahalaxmi-3, Lalitpur","Rs.23,000,000",0-2-3-0,,,,,2021-10-26,23000000,2.75,8363636
99aana.com,https://99aana.com/property/house-for-sale-at-tikathali-lalitpur-9488/,"House for Sale at Tikathali, Lalitpur",House,Tikathali,Lalitpur,"Tikathali, Lalitpur","Rs.14,200,000",0-3-0-0,,,,,2021-10-29,14200000,3.0,4733333
99aana.com,https://99aana.com/property/house-for-sale-at-jorpati-kathmandu-9477/,"House for sale at Jorpati, Kathmandu",House,Jorpati,Kathmandu,"Jorpati, Kathmandu","Rs.15,000,000",0-4-0-0,,,,,2021-10-29,15000000,4.0,3750000
99aana.com,https://99aana.com/property/house-for-sale-at-budhanilkantha-kathmandu-9452/,"House for sale at Budhanilkantha, Kathmandu",House,Budhanilkantha,Kathmandu,"Budhanilkantha, Kathmandu","Rs.37,500,000",0-5-0-0,,,,,2021-10-31,37500000,5.0,7500000
99aana.com,https://99aana.com/property/house-for-sale-at-samakhusi-kapurdhara-kathmandu-9453/,"Land for sale at Kapurdhara, Samakhusi, Kathmandu",Land,Samakhusi,Kathmandu,"Kapurdhara, Samakhusi, Kathmandu",Rs. 65 lakh per aana,0-10-0-0,,13.0,,,2021-10-31,65000000,10.0,6500000
99aana.com,https://99aana.com/property/house-for-sale-at-lolang-height-kathmandu-9457/,"House for Sale at Lolang Height, Kathmandu",House,Lolang Height,Kathmandu,"Lolang Height, Kathmandu","Rs.13,800,000",0-3-0-0,1.5,13.0,,,2021-11-01,13800000,3.0,4600000
99aana.com,https://99aana.com/property/house-for-sale-at-imadol-lalitpur-9458/,"House for sale at Imadol, Lalitpur",House,Imadol,Lalitpur,"Imadol, Lalitpur","Rs.21,000,000",0-3-0-0,,,,,2021-11-01,21000000,3.0,7000000
99aana.com,https://99aana.com/property/house-for-sale-at-basundhara-kathmandu-9467/,"House for Sale at Basundhara, Kathmandu",House,Basundhara,Kathmandu,"Basundhara, Kathmandu","Rs.42,500,000",0-5-0-0,,,13.0,3.0,2021-11-08,42500000,5.0,8500000
99aana.com,https://99aana.com/property/house-for-sale-at-kadaghari-kathmandu-9473/,"House for sale at Kadaghari, Kathmandu",House,Kadaghari,Kathmandu,"Kadaghari, Kathmandu","Rs.15,200,000",0-3-0-3,,,,,2021-11-09,15200000,3.188,4768627
99aana.com,https://99aana.com/property/house-for-sale-at-mandikhatar-kathmandu-9472/,"House for Sale at Mandikhatar, Kathmandu",House,Mandikhatar,Kathmandu,"Mandikhatar, Kathmandu","Rs.18,500,000",3 aana,2.5,13.0,,,2021-11-09,18500000,3.0,6166667
99aana.com,https://99aana.com/property/house-for-sale-at-balaju-kathmandu-9474/,"House for sale at Balaju, Kathmandu",House,Balaju,Kathmandu,"Balaju, Kathmandu","Rs.9,000,000",0-2-2-0,1.5,,,,2021-11-09,9000000,2.5,3600000
99aana.com,https://99aana.com/property/house-for-sale-at-tokha-kathmandu-9476/,"House for sale at Tokha, Kathmandu",House,Tokha,Kathmandu,"Tokha, Kathmandu","Rs.31,000,000",0-5-0-0,,,,,2021-11-10,31000000,5.0,6200000
99aana.com,https://99aana.com/property/house-for-sale-at-gothatar-kathmandu-9492/,"House for sale at Gothatar, Kathmandu",House,Gothatar,Kathmandu,"Gothatar, Kathmandu","Rs.17,000,000",0-3-0-0,,,,,2021-11-15,17000000,3.0,5666667
99aana.com,https://99aana.com/property/house-for-sale-at-kadaghari-kathmandu-9496/,"House for sale at Kadaghari, Kathmandu",House,Kadaghari,Kathmandu,"Kadaghari, Kathmandu","Rs.22,500,000",0-3-0-0,,,,,2021-11-16,22500000,3.0,7500000
99aana.com,https://99aana.com/property/house-for-sale-at-imadol-lalitpur-9501/,"House for sale at Imadol, Lalitpur",House,Imadol,Lalitpur,"Imadol, Lalitpur","Rs.26,000,000",0-3-2-0,2.5,,,,2021-11-17,26000000,3.5,7428571
99aana.com,https://99aana.com/property/house-for-sale-at-kadaghari-kathmandu-9500/,"House for sale at Kadaghari, Kathmandu",House,Kadaghari,Kathmandu,"Kadaghari, Kathmandu","Rs.30,500,000",0-3-0-0,,,12.0,,2021-11-17,30500000,3.0,10166667
99aana.com,https://99aana.com/property/house-for-sale-at-chabahil-kathmandu-9504/,"House for sale at Chabahil, Kathmandu",House,Chabahil,Kathmandu,"Chabahil, Kathmandu",Rs. 85 lakh,0-1-3-0,2.5,3.0,8.0,,2021-11-18,8500000,1.75,4857143
99aana.com,https://99aana.com/property/house-for-sale-at-budhanilkantha-kathmandu-9943/,"House for sale at Budhanilkantha, Kathmandu",House,Budhanilkantha,Kathmandu,"Budhanilkantha, Kathmandu","Rs.37,800,000",0-5-0-0,,,,,2021-10-28,37800000,5.0,7560000
99aana.com,https://99aana.com/property/house-for-sale-at-mulpani-kathmandu-9508/,"House for sale at Mulpani, Kathmandu",House,Mulpani,Kathmandu,"Mulpani, Kathmandu","Rs.12,700,000",0-3-0-0,,,,,2021-11-18,12700000,3.0,4233333
99aana.com,https://99aana.com/property/house-for-sale-at-samakhusi-kathmandu-9516/,"House for sale at Samakhusi, Kathmandu",House,Samakhusi,Kathmandu,"Samakhusi, Kathmandu","Rs.26,500,000",0-3-1-0,,,,,2021-11-22,26500000,3.25,8153846
99aana.com,https://99aana.com/property/house-for-sale-at-kadaghari-kathmandu-9520/,"House for sale at Kadaghari, Kathmandu",House,Kadaghari,Kathmandu,"Kadaghari, Kathmandu","Rs.28,000,000",0-4-0-0,,,,,2021-11-23,28000000,4.0,7000000
99aana.com,https://99aana.com/property/house-for-sale-at-kadaghari-kathmandu-9524/,"House for sale at Kadaghari, Kathmandu",House,Kadaghari,Kathmandu,"Kadaghari, Kathmandu","Rs.26,500,000",0-3-0-0,,,,,2021-11-24,26500000,3.0,8833333
99aana.com,https://99aana.com/property/house-for-sale-at-gothatar-kathmandu-9530/,"House for sale at Gothatar, Kathmandu",House,Gothatar,Kathmandu,"Gothatar, Kathmandu","Rs.25,500,000",0-4-0-0,,,,,2021-11-25,25500000,4.0,6375000
99aana.com,https://99aana.com/property/house-for-sale-at-tarkeshwor-kathmandu-9532/,"House for sale at Tarkeshwor, Kathmandu",House,Tarkeshwor,Kathmandu,"Tarkeshwor, Kathmandu","Rs.13,500,000",0-2-3-0,,,,,2021-11-25,13500000,2.75,4909091
99aana.com,https://99aana.com/property/house-for-sale-at-basundhara-kathmandu-9084/,"House for Sale at Basundhara, Kathmandu",House,Basundhara,Kathmandu,"Basundhara, Kathmandu","Rs.47,500,000",0-6-0-0,,,,,2021-09-01,47500000,6.0,7916667
99aana.com,https://99aana.com/property/house-for-sale-at-basundhara-kathmandu-9533/,"House for Sale at Basundhara, Kathmandu",House,Basundhara,Kathmandu,"Basundhara, Kathmandu","Rs.36,500,000",0-3-0-0,,,,,2021-11-26,36500000,3.0,12166667
99aana.com,https://99aana.com/property/house-for-sale-at-kadaghari-kathmandu-9537/,"House for sale at Kadaghari, Kathmandu",House,Kadaghari,Kathmandu,"Kadaghari, Kathmandu","Rs.37,000,000",0-3-0-0,,,,,2021-11-28,37000000,3.0,12333333
99aana.com,https://99aana.com/property/house-for-sale-at-balkumari-lalitpur-9542/,"House for sale at Balkumari, Lalitpur",House,Balkumari,Lalitpur,"Balkumari, Lalitpur","Rs.35,000,000",0-7-0-0,,,8.0,2.0,2021-11-29,35000000,7.0,5000000
99aana.com,https://99aana.com/property/house-for-sale-at-thankot-chandragiri-kathmandu-9544/,"House for sale at Thankot, Chandragiri, Kathmandu",House,Chandragiri,Kathmandu,"Thankot, Chandragiri, Kathmandu","Rs.8,200,000",0-1-1-3,3.5,,,,2021-11-29,8200000,1.438,5704348
99aana.com,https://99aana.com/property/house-for-sale-at-jorpati-kathmandu-9546/,"House for sale at Jorpati, Kathmandu",House,Jorpati,Kathmandu,"Jorpati, Kathmandu","Rs.31,000,000",0-4-0-0,,,,,2021-11-30,31000000,4.0,7750000
99aana.com,https://99aana.com/property/house-for-sale-at-budhanilkantha-kathmandu-9550/,"House for sale at Budhanilkantha, Kathmandu",House,Budhanilkantha,Kathmandu,"Budhanilkantha, Kathmandu","Rs.33,500,000",0-4-0-0,3.5,13.0,,,2021-12-01,33500000,4.0,8375000
99aana.com,https://99aana.com/property/house-for-sale-at-kalanki-kathmandu-9555/,"House for sale at Kalanki, Kathmandu",House,Kalanki,Kathmandu,"Kalanki, Kathmandu","Rs.28,500,000",0-4-2-0,,,,,2021-12-02,28500000,4.5,6333333
99aana.com,https://99aana.com/property/house-for-sale-at-lekhnath-pokhara-kaski-9556/,"House for sale at Lekhnath, Pokhara, Kaski",House,Pokhara,Kaski,"Lekhnath, Pokhara, Kaski","Rs.18,500,000",0-4-2-0,,,,,2021-12-02,18500000,4.5,4111111
99aana.com,https://99aana.com/property/house-for-sale-at-jorpati-kathmandu-9553/,"House for sale at Jorpati, Kathmandu",House,Jorpati,Kathmandu,"Jorpati, Kathmandu","Rs.13,500,000",0-4-0-0,,,,,2021-12-02,13500000,4.0,3375000
99aana.com,https://99aana.com/property/house-for-sale-at-budhanilkantha-kathmandu-9573/,"House for sale at Budhanilkantha, Kathmandu",House,Budhanilkantha,Kathmandu,"Budhanilkantha, Kathmandu","Rs.31,500,000",0-4-1-0,,,,,2021-12-07,31500000,4.25,7411765
99aana.com,https://99aana.com/property/house-for-sale-at-banasthali-kathmandu-9581/,"House for sale at Banasthali, Kathmandu",House,Banasthali,Kathmandu,"Banasthali, Kathmandu","Rs.31,500,000",0-4-2-0,,,,,2021-12-09,31500000,4.5,7000000
99aana.com,https://99aana.com/property/house-for-sale-at-tikathali-lalitpur-9586/,"House for Sale at Tikathali, Lalitpur",House,Tikathali,Lalitpur,"Tikathali, Lalitpur","Rs.20,100,000",0-3-0-0,,,10.0,,2021-12-10,20100000,3.0,6700000
99aana.com,https://99aana.com/property/house-for-sale-at-goldhunga-kathmandu-9584/,"House for Sale at Goldhunga, Kathmandu",House,Goldhunga,Kathmandu,"Goldhunga, Kathmandu","Rs.20,500,000",0-3-0-3,,,,,2021-12-10,20500000,3.188,6431373
99aana.com,https://99aana.com/property/house-for-sale-at-kalanki-kathmandu-9561/,"House for sale at Kalanki, Kathmandu",House,Kalanki,Kathmandu,"Kalanki, Kathmandu","Rs.16,000,000",0-3-0-0,,,8.0,2.0,2021-12-03,16000000,3.0,5333333
99aana.com,https://99aana.com/property/house-for-sale-at-kritipur-kathmandu-9589/,"House for Sale at Kritipur, Kathmandu",House,Kritipur,Kathmandu,"Kritipur, Kathmandu","Rs.22,000,000",0-3-0-0,,,8.0,,2021-12-12,22000000,3.0,7333333
99aana.com,https://99aana.com/property/house-for-sale-at-kadaghari-kathmandu-9597/,"House for sale at Kadaghari, Kathmandu",House,Kadaghari,Kathmandu,"Kadaghari, Kathmandu","Rs.24,500,000",0-3-0-0,,,,,2021-12-14,24500000,3.0,8166667
99aana.com,https://99aana.com/property/house-for-sale-at-budhanilkantha-kathmandu-9598/,"House for sale at Budhanilkantha, Kathmandu",House,Budhanilkantha,Kathmandu,"Budhanilkantha, Kathmandu","Rs.28,000,000",0-4-2-0,,,,,2021-12-14,28000000,4.5,6222222
99aana.com,https://99aana.com/property/house-for-sale-at-kalimati-kathmandu-9600/,"House for sale at Kalimati, Kathmandu",House,Kalimati,Kathmandu,"Kalimati, Kathmandu","Rs.25,000,000",0-1-3-2,3.5,,,,2021-12-14,25000000,1.875,13333333
99aana.com,https://99aana.com/property/house-for-sale-at-tinthana-chandragiri-15-kathmandu-9605/,"House for Sale at Tinthana, Chandragiri-15, Kathmandu",House,Chandragiri,Kathmandu,"Tinthana, Chandragiri-15, Kathmandu","Rs.21,000,000",0-3-3-2,,,,4.0,2021-12-16,21000000,3.875,5419355
99aana.com,https://99aana.com/property/house-for-sale-at-budhanilkantha-kathmandu-9615/,"House for sale at Budhanilkantha, Kathmandu",House,Budhanilkantha,Kathmandu,"Budhanilkantha, Kathmandu","Rs.49,500,000",0-6-0-0,2.5,26.0,14.0,2.0,2021-12-19,49500000,6.0,8250000
99aana.com,https://99aana.com/property/house-for-sale-at-kapan-kathmandu-9618/,"House for sale at Kapan, Kathmandu",House,Kapan,Kathmandu,"Kapan, Kathmandu","Rs.16,700,000",0-4-0-0,2.5,13.0,,,2021-12-19,16700000,4.0,4175000
99aana.com,https://99aana.com/property/house-for-sale-at-chapali-budhanilkantha-kathmandu-9619/,"House for sale at Chapali, Budhanilkantha, Kathmandu",House,Budhanilkantha,Kathmandu,"Chapali, Budhanilkantha, Kathmandu","Rs.24,000,000",0-4-1-0,2.5,13.0,,,2021-12-20,24000000,4.25,5647059
99aana.com,https://99aana.com/property/house-for-sale-at-kapan-kathmandu-9620/,"House for sale at Kapan, Kathmandu",House,Kapan,Kathmandu,"Kapan, Kathmandu","Rs.13,300,000",0-3-0-0,,,,,2021-12-20,13300000,3.0,4433333
99aana.com,https://99aana.com/property/house-for-sale-at-budhanilkantha-kathmandu-9623/,"House for sale at Budhanilkantha, Kathmandu",House,Budhanilkantha,Kathmandu,"Budhanilkantha, Kathmandu","Rs.60,000,000",0-5-1-2,,,,,2021-12-21,60000000,5.375,11162791
99aana.com,https://99aana.com/property/house-for-sale-at-boudha-kathmandu-9624/,"House for sale at Boudha, Kathmandu",House,Boudha,Kathmandu,"Boudha, Kathmandu","Rs.25,000,000",0-2-2-0,2.0,16.0,8.0,,2021-12-21,25000000,2.5,10000000
99aana.com,https://99aana.com/property/house-for-sale-at-gothatar-kathmandu-9626/,"House for sale at Gothatar, Kathmandu",House,Gothatar,Kathmandu,"Gothatar, Kathmandu","Rs.33,500,000",0-4-0-0,,,,,2021-12-22,33500000,4.0,8375000
99aana.com,https://99aana.com/property/house-for-sale-at-sanagaun-imadol-lalitpur-9632/,"House for sale at Sanagaun, Imadol, Lalitpur",House,Imadol,Lalitpur,"Sanagaun, Imadol, Lalitpur","Rs.22,000,000",0-3-0-0,,,8.0,,2021-12-23,22000000,3.0,7333333
99aana.com,https://99aana.com/property/house-for-sale-at-budhanilkantha-kathmandu-9633/,"House for sale at Budhanilkantha, Kathmandu",House,Budhanilkantha,Kathmandu,"Budhanilkantha, Kathmandu","Rs.6,200,000",0-2-2-0,,,3.0,1.0,2021-12-23,6200000,2.5,2480000
99aana.com,https://99aana.com/property/house-for-sale-at-bhaktapur-9636/,House for sale at Bhaktapur,House,,Bhaktapur,Bhaktapur,"Rs.14,500,000",0-1-0-0,4.5,20.0,,,2021-12-24,14500000,1.0,14500000
99aana.com,https://99aana.com/property/house-for-sale-at-lalitpur-9639/,House for Sale at Lalitpur,House,,Lalitpur,Lalitpur,"Rs.9,000,000",0-3-2-0,1.0,16.0,,,2021-12-26,9000000,3.5,2571429
99aana.com,https://99aana.com/property/house-for-sale-at-bhangal-budhanilkantha-kathmandu-9642/,"House for sale at Bhangal, Budhanilkantha, Kathmandu",House,Budhanilkantha,Kathmandu,"Bhangal, Budhanilkantha, Kathmandu","Rs.27,500,000",0-4-0-0,,,10.0,3.0,2021-12-27,27500000,4.0,6875000
99aana.com,https://99aana.com/property/house-for-sale-at-lekhnath-pokhara-kaski-9643/,"House for sale at Lekhnath, Pokhara, Kaski",House,Pokhara,Kaski,"Lekhnath, Pokhara, Kaski","Rs.11,000,000",0-4-0-0,,,,,2021-12-27,11000000,4.0,2750000
99aana.com,https://99aana.com/property/house-for-sale-at-sital-height-lalitpur-9649/,"House for Sale at Sital Height, Lalitpur",House,Sital Height,Lalitpur,"Sital Height, Lalitpur","Rs.13,500,000",0-3-0-0,1.0,13.0,,1.0,2021-12-29,13500000,3.0,4500000
99aana.com,https://99aana.com/property/house-for-sale-at-kadaghari-kathmandu-9646/,"House for sale at Kadaghari, Kathmandu",House,Kadaghari,Kathmandu,"Kadaghari, Kathmandu","Rs.15,500,000",0-3-2-0,,,,,2021-12-28,15500000,3.5,4428571
99aana.com,https://99aana.com/property/house-for-sale-at-chitwan-9650/,House for sale at Chitwan,House,,Chitwan,Chitwan,"Rs.5,000,000",1 kattha,,,4.0,1.0,2021-12-29,5000000,10.65,469479
99aana.com,https://99aana.com/property/house-for-sale-at-balkot-bhaktapur-9651/,"House for Sale at Balkot, Bhaktapur",House,Balkot,Bhaktapur,"Balkot, Bhaktapur","Rs.25,000,000",0-3-2-1,2.5,,,,2021-12-29,25000000,3.562,7017544
99aana.com,https://99aana.com/property/house-for-sale-at-bansbari-kathmandu-9653/,"House for Sale at Bansbari, Kathmandu",House,Bansbari,Kathmandu,"Bansbari, Kathmandu","Rs.46,500,000",0-5-0-0,2.5,13.0,12.0,2.0,2021-12-29,46500000,5.0,9300000
99aana.com,https://99aana.com/property/house-for-sale-at-budhanilkantha-kathmandu-9654/,"House for sale at Budhanilkantha, Kathmandu",House,Budhanilkantha,Kathmandu,"Budhanilkantha, Kathmandu",1 crore,0-2-2-0,,,,,2021-12-30,10000000,2.5,4000000
99aana.com,https://99aana.com/property/bungalow-for-sale-at-civil-homes-sunakothi-lalitpur-9657/,"Bungalow for sale at Civil Homes, Sunakothi, Lalitpur",House,Sunakothi,Lalitpur,"Civil Homes, Sunakothi, Lalitpur","Rs.35,000,000",0-5-0-0,,,,,2021-12-30,35000000,5.0,7000000
99aana.com,https://99aana.com/property/house-for-sale-at-swoyambhu-kathmandu-9662/,"House for sale at Swoyambhu, Kathmandu",House,Swoyambhu,Kathmandu,"Swoyambhu, Kathmandu","Rs.13,000,000",0-3-0-0,,,,,2022-01-03,13000000,3.0,4333333
99aana.com,https://99aana.com/property/house-for-sale-at-imadol-lalitpur-9664/,"House for sale at Imadol, Lalitpur",House,Imadol,Lalitpur,"Imadol, Lalitpur","Rs.21,500,000",0-3-0-0,,,,,2022-01-03,21500000,3.0,7166667
99aana.com,https://99aana.com/property/house-for-sale-at-kapan-kathmandu-9669/,"House for sale at Kapan, Kathmandu",House,Kapan,Kathmandu,"Kapan, Kathmandu","Rs.8,700,000",0-1-2-3,,,4.0,,2022-01-04,8700000,1.688,5155556
99aana.com,https://99aana.com/property/house-for-sale-at-imadol-lalitpur-9671/,"House for sale at Imadol, Lalitpur",House,Imadol,Lalitpur,"Imadol, Lalitpur","Rs.23,000,000",0-3-0-0,2.5,,11.0,3.0,2022-01-06,23000000,3.0,7666667
99aana.com,https://99aana.com/property/house-for-sale-at-imadol-lalitpur-9674/,"House for sale at Imadol, Lalitpur",House,Imadol,Lalitpur,"Imadol, Lalitpur","Rs.25,000,000",0-3-1-0,,,,,2022-01-06,25000000,3.25,7692308
99aana.com,https://99aana.com/property/house-for-sale-at-jorpati-kathmandu-9676/,"House for sale at Jorpati, Kathmandu",House,Jorpati,Kathmandu,"Jorpati, Kathmandu","Rs.13,500,000",0-2-0-0,,,4.0,,2022-01-07,13500000,2.0,6750000
99aana.com,https://99aana.com/property/house-for-sale-at-machhapokhari-kathmandu-9677/,"House for Sale at Machhapokhari, Kathmandu",House,Machapokhari,Kathmandu,"Machhapokhari, Kathmandu","Rs.22,000,000",0-3-2-0,,,,,2022-01-07,22000000,3.5,6285714
99aana.com,https://99aana.com/property/house-for-sale-at-imadol-lalitpur-9678/,"House for sale at Imadol, Lalitpur",House,Imadol,Lalitpur,"Imadol, Lalitpur","Rs.19,700,000",0-3-0-0,,,8.0,,2022-01-07,19700000,3.0,6566667
99aana.com,https://99aana.com/property/house-for-sale-at-sitapaila-kathmandu-9680/,"House for sale at Sitapaila, Kathmandu",House,Sitapaila,Kathmandu,"Sitapaila, Kathmandu","Rs.26,500,000",0-4-2-1,,,,,2022-01-07,26500000,4.562,5808219
99aana.com,https://99aana.com/property/house-for-sale-at-katunje-bhaktapur-9681/,"House for Sale at Katunje, Bhaktapur",House,Katunje,Bhaktapur,"Katunje, Bhaktapur","Rs.18,500,000",0-3-0-0,2.5,,,,2022-01-09,18500000,3.0,6166667
99aana.com,https://99aana.com/property/house-for-sale-at-bhangal-budhanilkantha-kathmandu-9682/,"House for sale at Bhangal, Budhanilkantha, Kathmandu",House,Budhanilkantha,Kathmandu,"Bhangal, Budhanilkantha, Kathmandu","Rs.18,000,000",0-3-0-0,,,,,2022-01-09,18000000,3.0,6000000
99aana.com,https://99aana.com/property/house-for-sale-at-banasthali-raniban-kathmandu-9683/,"House for sale at Banasthali, Raniban, Kathmandu",House,Raniban,Kathmandu,"Banasthali, Raniban, Kathmandu","Rs.20,000,000",0-2.80-0-0,,,,,2022-01-09,20000000,2.8,7142857
99aana.com,https://99aana.com/property/house-for-sale-at-matatirtha-kathmandu-9684/,"House for sale at Matatirtha, Kathmandu",House,Matatirtha,Kathmandu,"Matatirtha, Kathmandu","Rs.18,500,000",2 Aana 2 paisa,2.5,8.0,,,2022-01-09,18500000,2.5,7400000
99aana.com,https://99aana.com/property/house-for-sale-at-kapan-kathmandu-9693/,"House for sale at Kapan, Kathmandu",House,Kapan,Kathmandu,"Kapan, Kathmandu","Rs.18,000,000",0-3-0-0,2.5,13.0,,,2022-01-12,18000000,3.0,6000000
99aana.com,https://99aana.com/property/house-for-sale-at-bhangal-budhanilkantha-kathmandu-9695/,"House for sale at Bhangal, Budhanilkantha, Kathmandu",House,Budhanilkantha,Kathmandu,"Bhangal, Budhanilkantha, Kathmandu","Rs.14,000,000",0-3-0-1,,,,,2022-01-12,14000000,3.062,4571429
99aana.com,https://99aana.com/property/house-for-sale-at-tikathali-lalitpur-9702/,"House for Sale at Tikathali, Lalitpur",House,Tikathali,Lalitpur,"Tikathali, Lalitpur","Rs.145,000,000",0-3-0-0,,,,,2022-01-14,145000000,3.0,48333333
99aana.com,https://99aana.com/property/house-for-sale-at-bafal-kathmandu-9712/,"House for sale at Bafal, Kathmandu",House,Bafal,Kathmandu,"Bafal, Kathmandu","Rs.35,000,000",0-5-0-0,,,,,2022-01-17,35000000,5.0,7000000
99aana.com,https://99aana.com/property/house-for-sale-at-gothatar-kathmandu-9713/,"House for sale at Gothatar, Kathmandu",House,Gothatar,Kathmandu,"Gothatar, Kathmandu","Rs.33,500,000",0-4-0-0,,,,,2022-01-18,33500000,4.0,8375000
99aana.com,https://99aana.com/property/house-for-sale-at-gothatar-kathmandu-9715/,"House for sale at Gothatar, Kathmandu",House,Gothatar,Kathmandu,"Gothatar, Kathmandu","Rs.42,500,000",0-10-0-0,,,,,2022-01-18,42500000,10.0,4250000
99aana.com,https://99aana.com/property/house-for-sale-at-budhanilkantha-kathmandu-9718/,"House for sale at Budhanilkantha, Kathmandu",House,Budhanilkantha,Kathmandu,"Budhanilkantha, Kathmandu","Rs.35,000,000",0-5-0-0,,,,,2022-01-19,35000000,5.0,7000000
99aana.com,https://99aana.com/property/house-for-sale-at-sunakothi-lalitpur-9721/,"House for sale at Sunakothi, Lalitpur",House,Sunakothi,Lalitpur,"Sunakothi, Lalitpur","Rs.14,000,000",0-3-0-0,,,,,2022-01-20,14000000,3.0,4666667
99aana.com,https://99aana.com/property/house-for-sale-at-tokha-kathmandu-9723/,"House for sale at Tokha, Kathmandu",House,Tokha,Kathmandu,"Tokha, Kathmandu","Rs.34,000,000",0-6-1-0,,,,,2022-01-20,34000000,6.25,5440000
99aana.com,https://99aana.com/property/house-for-sale-at-machapokhari-kathmandu-9727/,"House for sale at Machapokhari, Kathmandu",House,Machapokhari,Kathmandu,"Machapokhari, Kathmandu","Rs.22,500,000",0-3-0-0,2.5,,,,2022-01-21,22500000,3.0,7500000
99aana.com,https://99aana.com/property/house-for-sale-at-nayabasti-bouddha-kathmandu-9729/,"House for sale at Nayabasti, Bouddha, Kathmandu",House,Boudha,Kathmandu,"Nayabasti, Bouddha, Kathmandu","Rs.36,000,000",0-5-2-0,2.5,10.0,,,2022-01-23,36000000,5.5,6545455
99aana.com,https://99aana.com/property/bungalow-for-sale-at-indreni-khulaltar-kathmandu-9733/,"Bungalow for sale at Indreni, Khulaltar, Kathmandu",House,Khulaltar,Kathmandu,"Indreni, Khulaltar, Kathmandu","Rs.24,000,000",0-4-2-0,2.5,16.0,,,2022-01-23,24000000,4.5,5333333
99aana.com,https://99aana.com/property/house-for-sale-at-lazimpat-ranibari-kathmandu-9735/,"House for sale at Lazimpat, Ranibari, Kathmandu",House,Ranibari,Kathmandu,"Lazimpat, Ranibari, Kathmandu","Rs.52,500,000",0-3-1-1,4.5,,,,2022-01-24,52500000,3.312,15849057
99aana.com,https://99aana.com/property/house-for-sale-at-bansbari-kathmandu-9739/,"House for Sale at Bansbari, Kathmandu",House,Bansbari,Kathmandu,"Bansbari, Kathmandu","Rs.55,500,000",0-6-2-0,2.5,12.0,11.0,2.0,2022-01-25,55500000,6.5,8538462
99aana.com,https://99aana.com/property/house-for-sale-at-tokha-kathmandu-9738/,"House for sale at Tokha, Kathmandu",House,Tokha,Kathmandu,"Tokha, Kathmandu","Rs.16,000,000",0-3-0-0,,,,,2022-01-25,16000000,3.0,5333333
99aana.com,https://99aana.com/property/house-for-sale-at-pepsicola-kathmandu-9741/,"House for Sale at Pepsicola, Kathmandu",House,Pepsicola,Kathmandu,"Pepsicola, Kathmandu","Rs.24,700,000",0-3-0-0,2.5,16.0,,,2022-01-26,24700000,3.0,8233333
99aana.com,https://99aana.com/property/house-for-sale-at-hattigauda-kathmandu-9743/,"House for sale at Hattigauda, Kathmandu",House,Hattigauda,Kathmandu,"Hattigauda, Kathmandu","Rs.44,000,000",0-5-0-0,,,,,2022-01-26,44000000,5.0,8800000
99aana.com,https://99aana.com/property/house-for-sale-at-imadol-lalitpur-9749/,"House for sale at Imadol, Lalitpur",House,Imadol,Lalitpur,"Imadol, Lalitpur","Rs.16,000,000",0-3-0-0,,,,,2022-01-28,16000000,3.0,5333333
99aana.com,https://99aana.com/property/house-for-sale-at-imadol-lalitpur-9758/,"House for sale at Imadol, Lalitpur",House,Imadol,Lalitpur,"Imadol, Lalitpur","Rs.19,000,000",0-3-1-0,,,,,2022-01-31,19000000,3.25,5846154
99aana.com,https://99aana.com/property/house-for-sale-at-kapan-kathmandu-9760/,"House for sale at Kapan, Kathmandu",House,Kapan,Kathmandu,"Kapan, Kathmandu","Rs.38,500,000",0-5-1-1,2.5,,,,2022-01-31,38500000,5.312,7247059
99aana.com,https://99aana.com/property/house-for-sale-at-mhepi-kathmandu-9763/,"House For Sale at Mhepi, Kathmandu",House,Mhepi,Kathmandu,"Mhepi, Kathmandu","Rs.35,000,000",0-4-2-0,,,,,2022-02-01,35000000,4.5,7777778
99aana.com,https://99aana.com/property/house-for-sale-at-tokha-kathmandu-9766/,"House for sale at Tokha, Kathmandu",House,Tokha,Kathmandu,"Tokha, Kathmandu","Rs.73,500,000",0-7-0-0,,,,,2022-02-02,73500000,7.0,10500000
99aana.com,https://99aana.com/property/house-for-sale-at-matatirtha-kathmandu-9769/,"House for sale at Matatirtha, Kathmandu",House,Matatirtha,Kathmandu,"Matatirtha, Kathmandu","Rs.12,200,000",2 Aana 2 paisa,1.5,13.0,4.0,,2022-02-03,12200000,2.5,4880000
99aana.com,https://99aana.com/property/house-for-sale-at-gongabu-new-buspark-kathmandu-9776/,"House for sale at Gongabu, New buspark, Kathmandu",House,New Buspark,Kathmandu,"Gongabu, New buspark, Kathmandu","Rs.23,000,000",0-3-0-0,,,,,2022-02-04,23000000,3.0,7666667
99aana.com,https://99aana.com/property/house-for-sale-at-kapan-kathmandu-9777/,"House for sale at Kapan, Kathmandu",House,Kapan,Kathmandu,"Kapan, Kathmandu","Rs.32,000,000",0-4-0-0,2.5,,,,2022-02-06,32000000,4.0,8000000
99aana.com,https://99aana.com/property/house-for-sale-at-budhanilkantha-kathmandu-9787/,"House for sale at Budhanilkantha, Kathmandu",House,Budhanilkantha,Kathmandu,"Budhanilkantha, Kathmandu","Rs.27,500,000",0-3-0-0,,,,,2022-02-08,27500000,3.0,9166667
99aana.com,https://99aana.com/property/house-for-sale-at-balaju-kathmandu-9793/,"House for sale at Balaju, Kathmandu",House,Balaju,Kathmandu,"Balaju, Kathmandu","Rs.18,900,000",0-4-0-0,3.5,,,,2022-02-11,18900000,4.0,4725000
99aana.com,https://99aana.com/property/house-for-sale-at-mandikhatar-kathmandu-9801/,"House for sale at Mandikhatar, Kathmandu",House,Mandikhatar,Kathmandu,"Mandikhatar, Kathmandu","Rs.37,500,000",5 aana,2.5,13.0,,,2022-02-15,37500000,5.0,7500000
99aana.com,https://99aana.com/property/house-for-sale-at-tikathali-lalitpur-9803/,"House for Sale at Tikathali, Lalitpur",House,Tikathali,Lalitpur,"Tikathali, Lalitpur","Rs.23,000,000",0-3-0-0,,,,,2022-02-15,23000000,3.0,7666667
99aana.com,https://99aana.com/property/house-for-sale-at-baneshwor-kathmandu-9811/,"House for sale at Baneshwor, Kathmandu",House,Baneshwor,Kathmandu,"Baneshwor, Kathmandu","Rs.35,000,000",0-2-3-0,,,,,2022-02-17,35000000,2.75,12727273
99aana.com,https://99aana.com/property/house-for-sale-at-ramkot-kathmandu-9817/,"House for sale at Ramkot, Kathmandu",House,Ramkot,Kathmandu,"Ramkot, Kathmandu","Rs.12,500,000",0-3-2-0,,,,,2022-02-20,12500000,3.5,3571429
99aana.com,https://99aana.com/property/house-for-sale-at-ghattekulo-kathmandu-9818/,"House for Sale at Ghattekulo, Kathmandu",House,Ghattekulo,Kathmandu,"Ghattekulo, Kathmandu","Rs.60,000,000",0-6-1-0,3.5,13.0,,4.0,2022-02-20,60000000,6.25,9600000
99aana.com,https://99aana.com/property/house-for-sale-at-kageshwori-manohara-kathmandu-9822/,"House for Sale at Kageshwori Manohara, Kathmandu",House,Kageshwori Manohara,Kathmandu,"Kageshwori Manohara, Kathmandu","Rs.32,000,000",0-3-2-0,3.5,20.0,,,2022-02-21,32000000,3.5,9142857
99aana.com,https://99aana.com/property/house-for-sale-at-tikathali-lalitpur-9826/,"House for Sale at Tikathali, Lalitpur",House,Tikathali,Lalitpur,"Tikathali, Lalitpur","Rs.24,000,000",0-4-0-2,,,,,2022-02-22,24000000,4.125,5818182
99aana.com,https://99aana.com/property/house-for-sale-at-goldhunga-kathmandu-9828/,"House for Sale at Goldhunga, Kathmandu",House,Goldhunga,Kathmandu,"Goldhunga, Kathmandu","Rs.28,000,000",0-4-3-2,,,,,2022-02-22,28000000,4.875,5743590
99aana.com,https://99aana.com/property/house-for-sale-at-kalimati-kathmandu-9837/,"House for sale at Kalimati, Kathmandu",House,Kalimati,Kathmandu,"Kalimati, Kathmandu","Rs.70,000,000",0-6-0-0,3.5,,,,2022-02-25,70000000,6.0,11666667
99aana.com,https://99aana.com/property/house-for-sale-at-chabahil-kathmandu-9839/,"House for sale at Chabahil, Kathmandu",House,Chabahil,Kathmandu,"Chabahil, Kathmandu","Rs.28,500,000",0-4-0-0,2.5,13.0,,,2022-02-25,28500000,4.0,7125000
99aana.com,https://99aana.com/property/house-for-sale-at-jorpati-kathmandu-9840/,"House for sale at Jorpati, Kathmandu",House,Jorpati,Kathmandu,"Jorpati, Kathmandu","Rs.15,500,000",0-3-0-0,,,,,2022-02-27,15500000,3.0,5166667
99aana.com,https://99aana.com/property/house-for-sale-at-thankot-kathmandu-9842/,"House for sale at Thankot, Kathmandu",House,Thankot,Kathmandu,"Thankot, Kathmandu","Rs.16,000,000",0-4-0-0,2.5,,,,2022-02-27,16000000,4.0,4000000
99aana.com,https://99aana.com/property/house-for-sale-at-basundhara-kathmandu-9871/,"House for sale at Basundhara, Kathmandu",House,Basundhara,Kathmandu,"Basundhara, Kathmandu","Rs.33,500,000",0-4-0-0,2.5,13.0,,,2022-03-09,33500000,4.0,8375000
99aana.com,https://99aana.com/property/house-for-sale-at-matatirtha-kathmandu-9876/,"House for sale at Matatirtha, Kathmandu",House,Matatirtha,Kathmandu,"Matatirtha, Kathmandu","Rs.16,000,000",3 Aana,2.5,13.0,8.0,,2022-03-10,16000000,3.0,5333333
99aana.com,https://99aana.com/property/house-for-sale-at-danchi-kathmandu-9879/,"House for sale at Danchi, Kathmandu",House,Danchhi,Kathmandu,"Danchi, Kathmandu","Rs.11,000,000",0-3-1-0,1.0,,,,2022-03-11,11000000,3.25,3384615
99aana.com,https://99aana.com/property/house-for-sale-at-pasikot-kathmandu-9881/,"House for Sale at Pasikot, Kathmandu",House,Pasikot,Kathmandu,"Pasikot, Kathmandu","Rs.33,500,000",5 Aana,2.5,20.0,,,2022-03-11,33500000,5.0,6700000
99aana.com,https://99aana.com/property/house-for-sale-at-kadaghari-kathmandu-9903/,"House for sale at Kadaghari, Kathmandu",House,Kadaghari,Kathmandu,"Kadaghari, Kathmandu","Rs.20,100,000",0-3-0-0,,,,,2022-03-21,20100000,3.0,6700000
99aana.com,https://99aana.com/property/house-for-sale-at-kalanki-kathmandu-9908/,"House for sale at Kalanki, Kathmandu",House,Kalanki,Kathmandu,"Kalanki, Kathmandu","Rs.22,000,000",0-3-0-0,,,,,2022-03-22,22000000,3.0,7333333
99aana.com,https://99aana.com/property/house-for-sale-at-pasikot-golden-chowk-kathmandu-9540/,"House for sale at Pasikot, Golden chowk, Kathmandu",House,Golden,Kathmandu,"Budhanilkantha, Pasikot, Golden chowk, Kathmandu","Rs.40,000,000",0-5-0-0,,,8.0,2.0,2021-11-28,40000000,5.0,8000000
99aana.com,https://99aana.com/property/house-for-sale-at-suryabinayak-bhaktapur-9979/,"House for sale at Suryabinayak, Bhaktapur",House,Suryabinayak,Bhaktapur,"Suryabinayak, Bhaktapur","Rs.13,500,000",0-3-0-0,,,,,2022-04-13,13500000,3.0,4500000
99aana.com,https://99aana.com/property/house-for-sale-at-mulpani-kathmandu-10010/,"House for sale at Mulpani, Kathmandu",House,Mulpani,Kathmandu,"Mulpani, Kathmandu","Rs.15,500,000",0-3-0-0,,,,,2022-04-25,15500000,3.0,5166667
99aana.com,https://99aana.com/property/house-for-sale-at-imadol-lalitpur-10012/,"House for sale at Imadol, Lalitpur",House,Imadol,Lalitpur,"Imadol, Lalitpur","Rs.23,500,000",0-3-0-0,,,,,2022-04-25,23500000,3.0,7833333
99aana.com,https://99aana.com/property/house-for-sale-at-tikhedewal-lalitpur-10016/,"House for Sale at Tikhedewal, Lalitpur",House,Tikhedewal,Lalitpur,"Tikhedewal, Lalitpur",Rs. 60 Lakh per aana,0-9-2-0,,,,,2022-05-06,57000000,9.5,6000000
99aana.com,https://99aana.com/property/house-for-sale-at-makalbari-kathmandu-10069/,"House for sale at Makalbari, Kathmandu",House,Makalbari,Kathmandu,"Makalbari, Kathmandu","Rs.29,000,000",0-3-2-2,,,,,2022-05-17,29000000,3.625,8000000
99aana.com,https://99aana.com/property/house-for-sale-at-tinthana-kathmandu-10071/,"House for Sale at Tinthana, Kathmandu",House,Tinthana,Kathmandu,"Tinthana, Kathmandu","Rs.12,500,000",0-2-0-0,,,,,2022-05-18,12500000,2.0,6250000
99aana.com,https://99aana.com/property/house-for-sale-at-bansbari-kathmandu-10073/,"House for Sale at Bansbari, Kathmandu",House,Bansbari,Kathmandu,"Bansbari, Kathmandu","Rs.68,500,000",0-6-0-0,2.0,12.0,11.0,2.0,2022-05-18,68500000,6.0,11416667
99aana.com,https://99aana.com/property/house-for-sale-at-matatirtha-kathmandu-10074/,"House for sale at Matatirtha, Kathmandu",House,Matatirtha,Kathmandu,"Matatirtha, Kathmandu","Rs.19,500,000",3 Aana,2.5,13.0,8.0,,2022-05-19,19500000,3.0,6500000
99aana.com,https://99aana.com/property/house-for-sale-at-dhapasi-kathmandu-10110/,"House for sale at Dhapasi, Kathmandu",House,Dhapasi,Kathmandu,"Dhapasi, Kathmandu","Rs.80,000,000",0-14-0-0,2.5,13.0,,,2022-05-31,80000000,14.0,5714286
99aana.com,https://99aana.com/property/house-for-sale-at-thankot-kathmandu-10137/,"House for sale at Thankot, Kathmandu",House,Thankot,Kathmandu,"Thankot, Kathmandu","Rs.18,000,000",0-3-0-0,2.5,,,,2022-06-09,18000000,3.0,6000000
99aana.com,https://99aana.com/property/house-for-sale-at-thankot-kathmandu-10201/,"House for sale at Thankot, Kathmandu",House,Thankot,Kathmandu,"Thankot, Kathmandu","Rs.13,500,000",0-3-0-0,1.0,,,,2022-07-03,13500000,3.0,4500000
99aana.com,https://99aana.com/property/house-for-sale-at-tikathali-lalitpur-10205/,"House for Sale at Tikathali, Lalitpur",House,Tikathali,Lalitpur,"Tikathali, Lalitpur","Rs.15,700,000",0-3-1-0,,,,,2022-07-04,15700000,3.25,4830769
99aana.com,https://99aana.com/property/house-for-sale-at-buddhanagar-new-baneshwor-kathmandu-10513/,"House for Sale at Buddhanagar, New Baneshwor, Kathmandu",House,New Baneshwor,Kathmandu,"Buddhanagar, New Baneshwor, Kathmandu","Rs.40,000,000",0-4-2-2,3.0,8.0,,,2022-11-17,40000000,4.625,8648649
99aana.com,https://99aana.com/property/house-for-sale-at-kadaghari-kathmandu-10383/,"House for sale at Kadaghari, Kathmandu",House,Kadaghari,Kathmandu,"Kadaghari, Kathmandu","Rs.34,500,000",0-4-2-0,,,,,2022-09-14,34500000,4.5,7666667
99aana.com,https://99aana.com/property/house-for-sale-at-basundhara-kathmandu-10686/,"House for Sale at Basundhara, Kathmandu",House,Basundhara,Kathmandu,"Basundhara, Kathmandu","Rs.42,500,000",0-4-2-3,,,,,2023-01-23,42500000,4.688,9066667
99aana.com,https://99aana.com/property/house-for-sale-at-kadaghari-kathmandu-10683/,"House for sale at Kadaghari, Kathmandu",House,Kadaghari,Kathmandu,"Kadaghari, Kathmandu","Rs.19,900,000",0-3-0-0,,,,,2023-01-20,19900000,3.0,6633333
99aana.com,https://99aana.com/property/house-for-sale-at-sanagaun-lalitpur-10682/,"House for sale at Sanagaun, Lalitpur",House,Sanagaun,Lalitpur,"Sanagaun, Lalitpur","Rs.23,500,000",0-3-0-0,,,,,2023-01-19,23500000,3.0,7833333
99aana.com,https://99aana.com/property/house-for-sale-at-naikap-kathmandu-10681/,"House for sale at Naikap, Kathmandu",House,Naikap,Kathmandu,"Naikap, Kathmandu","Rs.23,000,000",0-2-3-0,2.5,13.0,,,2023-01-19,23000000,2.75,8363636
99aana.com,https://99aana.com/property/house-for-sale-at-sanagaun-imadol-lalitpur-10679/,"House for sale at Sanagaun, Imadol, Lalitpur",House,Imadol,Lalitpur,"Sanagaun, Imadol, Lalitpur","Rs.22,500,000",0-3-0-0,,,,,2023-01-19,22500000,3.0,7500000
99aana.com,https://99aana.com/property/house-for-sale-at-sankhu-kathmandu-10671/,"House for Sale at Sankhu, Kathmandu",House,Sankhu,Kathmandu,"Sankhu, Kathmandu","Rs.29,000,000",0-6-2-0,3.0,13.0,8.0,5.0,2023-01-17,29000000,6.5,4461538
99aana.com,https://99aana.com/property/house-for-sale-at-kapan-kathmandu-10668/,"House for sale at Kapan, Kathmandu",House,Kapan,Kathmandu,"Kapan, Kathmandu","Rs.15,500,000",0-3-0-0,2.5,,,,2023-01-16,15500000,3.0,5166667
99aana.com,https://99aana.com/property/house-for-sale-at-pepsicola-kathmandu-10666/,"House for Sale at Pepsicola, Kathmandu",House,Pepsicola,Kathmandu,"Pepsicola, Kathmandu","Rs.17,500,000",0-3-0-0,2.5,11.0,,,2023-01-16,17500000,3.0,5833333
99aana.com,https://99aana.com/property/house-for-sale-at-banepa-kavre-10663/,"House for sale at Banepa, Kavre",House,Banepa,Kavrepalanchok,"Banepa, Kavre","Rs.14,000,000",0-3-0-2,,,,,2023-01-13,14000000,3.125,4480000
99aana.com,https://99aana.com/property/house-for-sale-at-bhangal-budhanilkantha-kathmandu-10665/,"House for sale at Bhangal, Budhanilkantha, Kathmandu",House,Budhanilkantha,Kathmandu,"Bhangal, Budhanilkantha, Kathmandu","Rs.32,500,000",0-4-0-0,,,,,2023-01-13,32500000,4.0,8125000
99aana.com,https://99aana.com/property/house-for-sale-at-hattigauda-kathmandu-10777/,"House for sale at Hattigauda, Kathmandu",House,Hattigauda,Kathmandu,"Hattigauda, Kathmandu","Rs.36,000,000",0-8-0-0,,,,,2023-02-22,36000000,8.0,4500000
99aana.com,https://99aana.com/property/house-for-sale-at-budhanilkantha-kathmandu-10772/,"House for sale at Budhanilkantha, Kathmandu",House,Budhanilkantha,Kathmandu,"Budhanilkantha, Kathmandu","Rs.34,500,000",0-3-2-2,,,,,2023-02-21,34500000,3.625,9517241
99aana.com,https://99aana.com/property/house-for-sale-at-gongabu-kathmandu-10771/,"House for sale at Gongabu, Kathmandu",House,Gongabu,Kathmandu,"Gongabu, Kathmandu","Rs.43,000,000",0-5-2-0,,,,,2023-02-21,43000000,5.5,7818182
99aana.com,https://99aana.com/property/house-for-sale-at-tikathali-lalitpur-10768/,"House for Sale at Tikathali, Lalitpur",House,Tikathali,Lalitpur,"Tikathali, Lalitpur","Rs.20,500,000",0-2-3-0,,,,,2023-02-20,20500000,2.75,7454545
99aana.com,https://99aana.com/property/house-for-sale-at-sipadol-suryabinayak-bhaktapur-10760/,"House for sale at Sipadol, Suryabinayak, Bhaktapur",House,Suryabinayak,Bhaktapur,"Sipadol, Suryabinayak, Bhaktapur",Rs 2 crore 79 lakh 99 thousand,0-3-2-0,,,,,2023-02-17,27999000,3.5,7999714
99aana.com,https://99aana.com/property/house-for-sale-at-sano-bharyang-kathmandu-10758/,"House for Sale at Sano Bharyang, Kathmandu",House,Sano Bharyang,Kathmandu,"Sano Bharyang, Kathmandu","Rs.29,900,000",3 Aana 2 dam,2.5,13.0,10.0,,2023-02-17,29900000,3.125,9568000
99aana.com,https://99aana.com/property/house-for-sale-at-tinkune-kathmandu-10754/,"House for sale at Tinkune, Kathmandu",House,Tinkune,Kathmandu,"Tinkune, Kathmandu",1 crore per aana,0-6-0-0,2.0,20.0,,,2023-02-16,60000000,6.0,10000000
99aana.com,https://99aana.com/property/house-for-sale-at-chandragiri-kathmandu-10674/,"House for sale at Chandragiri, Kathmandu",House,Chandragiri,Kathmandu,"Chandragiri, Kathmandu","Rs.13,000,000",0-3-0-0,,,,,2023-01-17,13000000,3.0,4333333
99aana.com,https://99aana.com/property/house-for-sale-at-kamalbinayak-bhaktapur-10654/,"House for Sale at Kamalbinayak, Bhaktapur",House,Kamalbinayak,Bhaktapur,"Kamalbinayak, Bhaktapur","Rs.26,000,000",0-4-0-0,2.5,20.0,5.0,3.0,2023-01-10,26000000,4.0,6500000
99aana.com,https://99aana.com/property/house-for-sale-at-sitapaila-kathmandu-10642/,"House for sale at Sitapaila, Kathmandu",House,Sitapaila,Kathmandu,"Sitapaila, Kathmandu","Rs.28,000,000",0-4-0-0,,,,,2023-01-04,28000000,4.0,7000000
99aana.com,https://99aana.com/property/house-for-sale-at-duwakot-bhaktapur-10627/,"House for sale at Duwakot, Bhaktapur",House,Duwakot,Bhaktapur,"Duwakot, Bhaktapur","Rs.24,000,000",0-3-2-0,3.5,13.0,,,2022-12-29,24000000,3.5,6857143
99aana.com,https://99aana.com/property/house-for-sale-at-nagarjun-kathmandu-10612/,"House for sale at Nagarjun, Kathmandu",House,Nagarjun,Kathmandu,"Nagarjun, Kathmandu","Rs.15,500,000",0-3-0-0,2.5,,,,2022-12-23,15500000,3.0,5166667
99aana.com,https://99aana.com/property/house-for-sale-at-pepsicola-kathmandu-10609/,"House for Sale at Pepsicola, Kathmandu",House,Pepsicola,Kathmandu,"Pepsicola, Kathmandu","Rs.21,200,000",0-3-0-0,2.5,13.0,,,2022-12-23,21200000,3.0,7066667
99aana.com,https://99aana.com/property/house-for-sale-at-saraswoti-nagar-kathmandu-10608/,"House for sale at Saraswoti Nagar, Kathmandu",House,Saraswoti Nagar,Kathmandu,"Saraswoti Nagar, Kathmandu","Rs.34,500,000",0-5-0-0,3.5,,,,2022-12-22,34500000,5.0,6900000
99aana.com,https://99aana.com/property/house-for-sale-at-kapan-kathmandu-10606/,"House for sale at Kapan, Kathmandu",House,Kapan,Kathmandu,"Kapan, Kathmandu","Rs.26,000,000",0-4-0-2,2.5,,,,2022-12-22,26000000,4.125,6303030
99aana.com,https://99aana.com/property/house-for-sale-at-kadaghari-kathmandu-10605/,"House for sale at Kadaghari, Kathmandu",House,Kadaghari,Kathmandu,"Kadaghari, Kathmandu","Rs.23,200,000",0-3-1-0,,,,,2022-12-21,23200000,3.25,7138462
99aana.com,https://99aana.com/property/house-for-sale-at-old-baneshwor-kathmandu-10599/,"House for sale at Old Baneshwor, Kathmandu",House,Old Baneshwor,Kathmandu,"shantinagar, Old Baneshwor, Kathmandu","Rs.56,000,000",0-4-2-0,,,,,2022-12-20,56000000,4.5,12444444
99aana.com,https://99aana.com/property/house-for-sale-at-sitapaila-kathmandu-10626/,"House for sale at Sitapaila, Kathmandu",House,Sitapaila,Kathmandu,"Sitapaila, Kathmandu","Rs.14,500,000",0-3-0-0,,,,,2022-12-29,14500000,3.0,4833333
99aana.com,https://99aana.com/property/house-for-sale-at-thali-kathmandu-10616/,"House for Sale at Thali, Kathmandu",House,Thali,Kathmandu,"Thali, Kathmandu","Rs.17,500,000",0-3-0-0,2.5,20.0,,,2022-12-26,17500000,3.0,5833333
99aana.com,https://99aana.com/property/house-for-sale-at-sundarbasti-bhangal-kathmandu-10594/,"House for sale at Sundarbasti, Bhangal, Kathmandu",House,Bhangal,Kathmandu,"Sundarbasti, Bhangal, Kathmandu","Rs.38,500,000",0-4-0-0,2.5,13.0,12.0,4.0,2022-12-16,38500000,4.0,9625000
99aana.com,https://99aana.com/property/house-for-sale-at-thasikhel-lalitpur-10591/,"House for Sale at Thasikhel, lalitpur",House,Thasikhel,Lalitpur,"Thasikhel, lalitpur","Rs.35,000,000",0-4-0-0,,,,,2022-12-15,35000000,4.0,8750000
99aana.com,https://99aana.com/property/house-for-sale-at-duwakot-bhaktapur-10589/,"House for sale at Duwakot, Bhaktapur",House,Duwakot,Bhaktapur,"Duwakot, Bhaktapur","Rs.15,400,000",0-5-0-0,1.5,16.0,,,2022-12-15,15400000,5.0,3080000
99aana.com,https://99aana.com/property/house-for-sale-at-chandragiri-kathmandu-10583/,"House for sale at Chandragiri, Kathmandu",House,Chandragiri,Kathmandu,"Chandragiri, Kathmandu","Rs.11,000,000",0-4-1-0,,,,,2022-12-13,11000000,4.25,2588235
99aana.com,https://99aana.com/property/house-for-sale-at-kageshwori-manohara-06-kathmandu-10588/,"House for Sale at Kageshwori Manohara-06, Kathmandu",House,Kageshwori Manohara,Kathmandu,"Kageshwori Manohara-06, Kathmandu","Rs.34,500,000",0-3-2-3,2.5,13.0,,,2022-12-15,34500000,3.688,9355932
99aana.com,https://99aana.com/property/house-for-sale-at-budhanilkantha-kathmandu-10581/,"House for sale at Budhanilkantha, Kathmandu",House,Budhanilkantha,Kathmandu,"Budhanilkantha, Kathmandu","Rs.32,000,000",0-4-0-0,2.5,,,,2022-12-13,32000000,4.0,8000000
99aana.com,https://99aana.com/property/house-for-sale-at-jorpati-kathmandu-10579/,"House for sale at Jorpati, Kathmandu",House,Jorpati,Kathmandu,"Jorpati, Kathmandu","Rs.16,500,000",0-3-0-0,,,,,2022-12-12,16500000,3.0,5500000
99aana.com,https://99aana.com/property/house-for-sale-at-pasikot-kathmandu-10575/,"House for Sale at Pasikot, Kathmandu",House,Pasikot,Kathmandu,"Pasikot, Kathmandu","Rs.26,000,000",0-3-2-0,,,,,2022-12-12,26000000,3.5,7428571
99aana.com,https://99aana.com/property/house-for-sale-at-chandragiri-kathmandu-10573/,"House for sale at Chandragiri, Kathmandu",House,Chandragiri,Kathmandu,"Chandragiri, Kathmandu","Rs.33,000,000",0-5-2-0,,,,,2022-12-09,33000000,5.5,6000000
99aana.com,https://99aana.com/property/house-for-sale-at-manamaiju-kathmandu-10570/,"House for sale at Manamaiju, Kathmandu",House,Manamaiju,Kathmandu,"Manamaiju, Kathmandu","Rs.25,000,000",93.66 sq m,3.5,,,,2022-12-09,25000000,2.946,8487107
99aana.com,https://99aana.com/property/house-for-sale-at-chandragiri-kathmandu-10568/,"House for sale at Chandragiri, Kathmandu",House,Chandragiri,Kathmandu,"Chandragiri, Kathmandu","Rs.17,500,000",0-4-0-0,,,,,2022-12-08,17500000,4.0,4375000
99aana.com,https://99aana.com/property/house-for-sale-at-budhanilkantha-kathmandu-10563/,"House for sale at Budhanilkantha, Kathmandu",House,Budhanilkantha,Kathmandu,"Budhanilkantha, Kathmandu","Rs.28,000,000",0-9-2-0,1.0,,,,2022-12-07,28000000,9.5,2947368
99aana.com,https://99aana.com/property/house-for-sale-at-gothatar-kathmandu-10557/,"House for sale at Gothatar, Kathmandu",House,Gothatar,Kathmandu,"Gothatar, Kathmandu","Rs.18,500,000",0-3-0-0,,,,,2022-12-06,18500000,3.0,6166667
99aana.com,https://99aana.com/property/house-for-sale-at-bhangal-budhanilkantha-kathmandu-10553/,"House for sale at Bhangal, Budhanilkantha, Kathmandu",House,Budhanilkantha,Kathmandu,"Bhangal, Budhanilkantha, Kathmandu","Rs.31,000,000",0-5-0-0,,,,,2022-12-05,31000000,5.0,6200000
99aana.com,https://99aana.com/property/house-for-sale-at-reshamkothi-6-birgunj-parsa-10555/,"House for sale at Reshamkothi-6, Birgunj, Parsa",House,Parsa,,"Reshamkothi-6, Birgunj, Parsa","Rs.34,900,000",8.5 dhur,,,,,2022-12-05,34900000,4.526,7710498
99aana.com,https://99aana.com/property/house-for-sale-at-pasikot-kathmandu-10550/,"House for Sale at Pasikot, Kathmandu",House,Pasikot,Kathmandu,"Pasikot, Kathmandu","Rs.33,500,000",0-4-0-0,,,,,2022-12-02,33500000,4.0,8375000
99aana.com,https://99aana.com/property/house-for-sale-at-pasikot-kathmandu-10701/,"House for Sale at Pasikot, Kathmandu",House,Pasikot,Kathmandu,"Pasikot, Kathmandu","Rs.17,500,000",3 Aana 1 paisa,2.0,20.0,,,2023-01-27,17500000,3.25,5384615
99aana.com,https://99aana.com/property/house-for-sale-at-ichangunarayan-kathmandu-10700/,"House for sale at Ichangunarayan, Kathmandu",House,Ichangunarayan,Kathmandu,"Ichangunarayan, Kathmandu",`17000000,0-4-2-0,,,,,2023-01-27,17000000,4.5,3777778
99aana.com,https://99aana.com/property/house-for-sale-at-hepali-heights-kathmandu-10541/,"House for sale at Hepali Heights, Kathmandu",House,Hepali Heights,Kathmandu,"Hepali Heights, Kathmandu","Rs.33,500,000",0-3-2-0,,,,,2022-11-30,33500000,3.5,9571429
99aana.com,https://99aana.com/property/house-for-sale-at-imadol-mahalaxmi-lalitpur-10537/,"House for sale at Imadol, Mahalaxmi, Lalitpur",House,Imadol,Lalitpur,"Downtown Housing, Imadol, Lalitpur","Rs.42,500,000",0-3-2-3,,,,,2022-11-28,42500000,3.688,11525424
99aana.com,https://99aana.com/property/house-for-sale-at-budhanilkantha-kathmandu-10534/,"House for sale at Budhanilkantha, Kathmandu",House,Budhanilkantha,Kathmandu,"Budhanilkantha, Kathmandu","Rs.26,500,000",0-4-1-0,1.0,,,,2022-11-28,26500000,4.25,6235294
99aana.com,https://99aana.com/property/house-for-sale-at-budhanilkantha-kathmandu-10533/,"House for sale at Budhanilkantha, Kathmandu",House,Budhanilkantha,Kathmandu,"Budhanilkantha, Kathmandu","Rs.42,500,000",0-6-0-2,,,,,2022-11-25,42500000,6.125,6938776
99aana.com,https://99aana.com/property/house-for-sale-at-chandragiri-kathmandu-10749/,"House for Sale at Chandragiri, Kathmandu",House,Chandragiri,Kathmandu,"Chandragiri, Kathmandu","Rs.22,500,000",0-3-1-0,,,,,2023-02-15,22500000,3.25,6923077
99aana.com,https://99aana.com/property/house-for-sale-at-buddhashanti-jhapa-10741/,"House for sale at Buddhashanti, Jhapa",House,Buddhashanti,Jhapa,"Buddhashanti, Jhapa","Rs.17,000,000",5 kattha,1.0,22.0,5.0,,2023-02-10,17000000,53.251,319246
99aana.com,https://99aana.com/property/house-for-sale-at-raniban-kathmandu-10738/,"House for sale at Raniban, Kathmandu",House,Raniban,Kathmandu,"Raniban, Kathmandu","Rs.39,900,000",0-7-0-0,,,,,2023-02-10,39900000,7.0,5700000
99aana.com,https://99aana.com/property/house-for-sale-at-kadaghari-kathmandu-10737/,"House for sale at Kadaghari, Kathmandu",House,Kadaghari,Kathmandu,"Kadaghari, Kathmandu","Rs.30,000,000",0-4-0-0,,,,,2023-02-10,30000000,4.0,7500000
99aana.com,https://99aana.com/property/house-for-sale-at-purano-guhyeshwari-kathmandu-10733/,"House for sale at Purano Guhyeshwari, Kathmandu",House,Purano Guhyeshwari,Kathmandu,"Purano Guhyeshwari, Kathmandu","Rs.18,000,000",3 aana 2 paisa,2.5,8.0,,,2023-02-09,18000000,3.5,5142857
99aana.com,https://99aana.com/property/house-for-sale-at-chandragiri-kathmandu-10722/,"House for Sale at Chandragiri, Kathmandu",House,Chandragiri,Kathmandu,"Chandragiri, Kathmandu","Rs.14,000,000",0-3-1-0,,,,,2023-02-06,14000000,3.25,4307692
99aana.com,https://99aana.com/property/house-for-sale-at-thali-kathmandu-10720/,"House for Sale at Thali, Kathmandu",House,Thali,Kathmandu,"Thali, Kathmandu","Rs.12,500,000",0-3-0-0,,,,,2023-02-03,12500000,3.0,4166667
99aana.com,https://99aana.com/property/house-for-sale-at-chandragiri-kathmandu-10718/,"House for Sale at Chandragiri, Kathmandu",House,Chandragiri,Kathmandu,"Chandragiri, Kathmandu","Rs.22,500,000",0-3-1-0,,,,,2023-02-02,22500000,3.25,6923077
99aana.com,https://99aana.com/property/house-for-sale-at-kapan-kathmandu-10716/,"House for sale at Kapan, Kathmandu",House,Kapan,Kathmandu,"Kapan, Kathmandu","Rs.28,500,000",0-3-2-0,2.5,,,,2023-02-02,28500000,3.5,8142857
99aana.com,https://99aana.com/property/house-for-sale-at-makalbari-kathmandu-10714/,"House for sale at Makalbari, Kathmandu",House,Makalbari,Kathmandu,"Makalbari, Kathmandu","Rs.17,500,000",0-2-2-0,,,,,2023-02-02,17500000,2.5,7000000
99aana.com,https://99aana.com/property/house-for-sale-at-chandragiri-kathmandu-10708/,"House for Sale at Chandragiri, Kathmandu",House,Chandragiri,Kathmandu,"Chandragiri, Kathmandu","Rs.11,500,000",0-3-2-0,,,,,2023-01-31,11500000,3.5,3285714
99aana.com,https://99aana.com/property/house-for-sale-at-dhumbarahi-kathmandu-10707/,"House for sale at Dhumbarahi, Kathmandu",House,Dhumbarahi,Kathmandu,"Dhumbarahi, Kathmandu","Rs.43,000,000",0-6-0-0,,,,,2023-01-31,43000000,6.0,7166667
99aana.com,https://99aana.com/property/house-for-sale-at-sano-thimi-bhaktapur-10706/,"House for Sale at Sano Thimi, Bhaktapur",House,Sano Thimi,Bhaktapur,"Sano Thimi, Bhaktapur","Rs.9,500,000",0-1-3-0,1.0,,,,2023-01-30,9500000,1.75,5428571
99aana.com,https://99aana.com/property/house-for-sale-at-lokanthali-bhaktapur-10705/,"House for sale at Lokanthali, Bhaktapur",House,Lokanthali,Bhaktapur,"Lokanthali, Bhaktapur","Rs.65,000,000",0-8-2-0,,,,,2023-01-30,65000000,8.5,7647059
99aana.com,https://99aana.com/property/house-for-sale-at-imadol-lalitpur-10530/,"House for sale at Imadol, Lalitpur",House,Imadol,Lalitpur,"Imadol, Lalitpur","Rs.24,500,000",0-3-0-0,,,,,2022-11-25,24500000,3.0,8166667
99aana.com,https://99aana.com/property/house-for-sale-at-chasidol-lalitpur-10529/,"House for sale at chasidol, Lalitpur",House,Chasidol,Lalitpur,"chasidol, Lalitpur","Rs.11,500,000",0-2-3-3,2.0,13.0,,,2022-11-24,11500000,2.938,3914894
99aana.com,https://99aana.com/property/house-for-sale-at-mitranagar-kathmandu-10527/,"House for sale at Mitranagar, Kathmandu",House,Mitranagar,Kathmandu,"Mitranagar, Kathmandu","Rs.75,000,000",0-10-0-0,,,,,2022-11-24,75000000,10.0,7500000
99aana.com,https://99aana.com/property/house-for-sale-at-kadaghari-kathmandu-10798/,"House for sale at Kadaghari, Kathmandu",House,Kadaghari,Kathmandu,"Kadaghari, Kathmandu","Rs.32,000,000",0-4-1-0,,,,,2023-03-01,32000000,4.25,7529412
99aana.com,https://99aana.com/property/house-for-sale-at-civil-homes-sunakothi-lalitpur-10805/,"House for sale at Civil Homes, Sunakothi, Lalitpur",House,Sunakothi,Lalitpur,"Civil Homes, Sunakothi, Lalitpur","Rs.26,000,000",0-2-3-0,,,,,2023-03-03,26000000,2.75,9454545
99aana.com,https://99aana.com/property/house-for-sale-at-balkot-bhaktapur-10810/,"House for Sale at Balkot, Bhaktapur",House,Balkot,Bhaktapur,"Balkot, Bhaktapur","Rs.25,500,000",0-3-1-2,2.0,,,,2023-03-07,25500000,3.375,7555556
99aana.com,https://99aana.com/property/house-for-sale-at-budhanilkantha-kathmandu-10816/,"House for sale at Budhanilkantha, Kathmandu",House,Budhanilkantha,Kathmandu,"Budhanilkantha, Kathmandu","Rs.60,000,000",0-6-2-0,,,,,2023-03-09,60000000,6.5,9230769
99aana.com,https://99aana.com/property/house-for-sale-at-kapan-kathmandu-10818/,"House for sale at Kapan, Kathmandu",House,Kapan,Kathmandu,"Kapan, Kathmandu","Rs.51,500,000",0-4-3-0,2.5,13.0,,,2023-03-10,51500000,4.75,10842105
99aana.com,https://99aana.com/property/house-for-sale-at-new-baneshwor-kathmandu-10823/,"House for Sale at New Baneshwor, Kathmandu",House,New Baneshwor,Kathmandu,"New Baneshwor, Kathmandu","Rs.17,000,000",0-3-0-1,3.5,20.0,,,2023-03-13,17000000,3.062,5551020
99aana.com,https://99aana.com/property/house-for-sale-at-kadaghari-kathmandu-10865/,"House for sale at Kadaghari, Kathmandu",House,Kadaghari,Kathmandu,"Kadaghari, Kathmandu","Rs.28,000,000",0-3-2-0,,,,,2023-04-10,28000000,3.5,8000000
99aana.com,https://99aana.com/property/house-for-sale-at-arubari-laligurans-tole-gokarneshwor-kathmandu-10864/,"House for sale at arubari, Laligurans Tole, Gokarneshwor, Kathmandu",House,Gokarneshwor,Kathmandu,"Gokarneshwor, Kathmandu","Rs.24,000,000",0-4-0-0,,,,,2023-04-10,24000000,4.0,6000000
99aana.com,https://99aana.com/property/house-for-sale-at-budhanilkantha-kathmandu-10867/,"House for sale at Budhanilkantha, Kathmandu",House,Budhanilkantha,Kathmandu,"Budhanilkantha, Kathmandu","Rs.13,500,000",0-3-0-0,,,,,2023-04-11,13500000,3.0,4500000
99aana.com,https://99aana.com/property/house-for-sale-at-tikathali-lalitpur-10874/,"House for Sale at Tikathali, Lalitpur",House,Tikathali,Lalitpur,"Tikathali, Lalitpur","Rs.23,700,000",0-3-1-2,,,,,2023-04-12,23700000,3.375,7022222
99aana.com,https://99aana.com/property/house-for-sale-at-dhapasi-kathmandu-10873/,"House for sale at Dhapasi, Kathmandu",House,Dhapasi,Kathmandu,"Dhapasi, Kathmandu","Rs.46,000,000",0-5-0-0,3.5,22.0,,,2023-04-12,46000000,5.0,9200000
99aana.com,https://99aana.com/property/house-for-sale-at-bhangal-kathmandu-10879/,"House for sale at Bhangal, Kathmandu",House,Bhangal,Kathmandu,"Bhangal, Kathmandu",Rs. 2 crore 50 Lakh,0-4-0-0,2.5,13.0,12.0,,2023-04-17,25000000,4.0,6250000
99aana.com,https://99aana.com/property/house-for-sale-at-syuchatar-kalanki-kathmandu-10880/,"House for sale at Syuchatar, Kalanki, Kathmandu",House,Kalanki,Kathmandu,"Syuchatar, Kalanki, Kathmandu","Rs.25,000,000",0-5-0-0,3.0,16.0,,,2023-04-17,25000000,5.0,5000000
99aana.com,https://99aana.com/property/house-for-sale-at-maitidevi-kathmandu-10882/,"House for Sale at Maitidevi, Kathmandu",House,Maitidevi,Kathmandu,"Maitidevi, Kathmandu","Rs.160,000,000",1-4-0-0,2.0,20.0,,5.0,2023-04-18,160000000,20.0,8000000
99aana.com,https://99aana.com/property/house-for-sale-at-pepsicola-kathmandu-10901/,"House for Sale at Pepsicola, Kathmandu",House,Pepsicola,Kathmandu,"Pepsicola, Kathmandu","Rs.24,200,000",0-3-0-0,2.5,13.0,,,2023-04-26,24200000,3.0,8066667
99aana.com,https://99aana.com/property/house-for-sale-at-pokhara-kaski-10906/,"House for sale at Pokhara, Kaski",House,Pokhara,Kaski,"Pokhara, Kaski","Rs.17,000,000",0-4-0-0,2.0,,,,2023-04-27,17000000,4.0,4250000
99aana.com,https://99aana.com/property/house-for-sale-at-mulpani-kathmandu-10908/,"House for sale at Mulpani, Kathmandu",House,Mulpani,Kathmandu,"Mulpani, Kathmandu","Rs.15,500,000",0-2-2-0,,,,,2023-04-28,15500000,2.5,6200000
99aana.com,https://99aana.com/property/house-for-sale-at-goldhunga-kathmandu-10912/,"House for Sale at Goldhunga, Kathmandu",House,Goldhunga,Kathmandu,"Goldhunga, Kathmandu","Rs.25,500,000",0-4-0-0,,,,,2023-04-28,25500000,4.0,6375000
99aana.com,https://99aana.com/property/house-for-sale-at-sano-bharyang-kathmandu-10922/,"House for Sale at Sano Bharyang, Kathmandu",House,Sano Bharyang,Kathmandu,"Sano Bharyang, Kathmandu","Rs.55,000,000",7 Aana,2.5,13.0,,,2023-05-04,55000000,7.0,7857143
99aana.com,https://99aana.com/property/house-for-sale-at-budhanilkantha-kathmandu-10926/,House for sale at Budhanilkantha Kathmandu,House,Budhanilkantha,Kathmandu,"Deuba chowk, Budhanilkantha, Kathmandu","Rs.60,000,000",0-6-0-0,,,,,2023-05-05,60000000,6.0,10000000
99aana.com,https://99aana.com/property/house-for-sale-at-swayambhu-kathmandu-10932/,"House for sale at Swayambhu, Kathmandu",House,Swayambhu,Kathmandu,"Swayambhu, Kathmandu","Rs.28,500,000",0-4-1-1,,,,,2023-05-09,28500000,4.312,6608696
99aana.com,https://99aana.com/property/house-for-sale-at-naikap-kathmandu-10933/,"House for sale at Naikap, Kathmandu",House,Naikap,Kathmandu,"Naikap, Kathmandu","Rs.21,000,000",0-2-3-0,2.5,22.0,,,2023-05-10,21000000,2.75,7636364
99aana.com,https://99aana.com/property/house-for-sale-at-chandragiri-kathmandu-10934/,"House for Sale at Chandragiri, Kathmandu",House,Chandragiri,Kathmandu,"Chandragiri, Kathmandu","Rs.12,800,000",0-3-2-0,,,,,2023-05-10,12800000,3.5,3657143
99aana.com,https://99aana.com/property/house-for-sale-at-pasikot-kathmandu-10943/,"House for Sale at Pasikot, Kathmandu",House,Pasikot,Kathmandu,"Pasikot, Kathmandu","Rs.12,000,000",3 Aana,2.5,5.0,,,2023-05-16,12000000,3.0,4000000
99aana.com,https://99aana.com/property/house-for-sale-at-banasthali-raniban-kathmandu-10945/,"House for sale at Banasthali, Raniban, Kathmandu",House,Raniban,Kathmandu,"Banasthali, Raniban, Kathmandu","Rs.29,500,000",0-3-1-0,,,,,2023-05-16,29500000,3.25,9076923
99aana.com,https://99aana.com/property/house-for-sale-at-battisputali-kathmandu-10964/,"House for sale at Battisputali, Kathmandu",House,Battisputali,Kathmandu,"Battisputali, Kathmandu","Rs.132,500,000",0-12-2-0,,,,,2023-05-25,132500000,12.5,10600000
99aana.com,https://99aana.com/property/house-for-sale-at-suryabinayak-08-bhaktapur-10966/,"House for sale at Suryabinayak-08, Bhaktapur",House,Suryabinayak,Bhaktapur,"Suryabinayak-08, Bhaktapur","Rs.29,500,000",0-4-0-0,,,,,2023-05-25,29500000,4.0,7375000
99aana.com,https://99aana.com/property/house-for-sale-at-imadol-lalitpur-10967/,"House for sale at Imadol, Lalitpur",House,Imadol,Lalitpur,"Imadol, Lalitpur","Rs.27,000,000",0-3-2-2,,,,,2023-05-26,27000000,3.625,7448276
99aana.com,https://99aana.com/property/house-for-sale-at-hattigauda-kathmandu-10972/,"House for sale at Hattigauda, Kathmandu",House,Hattigauda,Kathmandu,"Hattigauda, Kathmandu","Rs.39,000,000",0-4-2-0,,,,,2023-05-29,39000000,4.5,8666667
99aana.com,https://99aana.com/property/house-for-sale-at-odari-bazar-kapilvastu-10973/,"House for sale at odari Bazar, Kapilvastu",House,Kapilvastu,,"odari Bazar, Kapilvastu","Rs.10,500,000",1 kattha 13 dhur,,,,,2023-05-30,10500000,17.573,597518
99aana.com,https://99aana.com/property/house-for-sale-at-tarkeshwor-kathmandu-10974/,"House for sale at Tarkeshwor, Kathmandu",House,Tarkeshwor,Kathmandu,"Tarkeshwor, Kathmandu","Rs.35,500,000",0-4-0-0,,,,,2023-05-30,35500000,4.0,8875000
99aana.com,https://99aana.com/property/house-for-sale-at-budhanilkantha-kathmandu-10983/,"House for sale at Budhanilkantha, Kathmandu",House,Budhanilkantha,Kathmandu,"Budhanilkantha, Kathmandu","Rs.26,500,000",0-3-0-2,,,,,2023-06-02,26500000,3.125,8480000
99aana.com,https://99aana.com/property/house-for-sale-at-gothatar-kathmandu-10989/,"House for sale at Gothatar, Kathmandu",House,Gothatar,Kathmandu,"Gothatar, Kathmandu","Rs.22,000,000",0-3-0-0,,,,,2023-06-04,22000000,3.0,7333333
99aana.com,https://99aana.com/property/house-for-sale-at-chapali-kathmandu-10992/,"House for sale at Chapali, Kathmandu",House,Chapali,Kathmandu,"Chapali, Kathmandu","Rs.27,500,000",0-3-0-0,2.5,13.0,,,2023-06-26,27500000,3.0,9166667
99aana.com,https://99aana.com/property/house-for-sale-at-mahalaxmi-lalitpur-11003/,"House for sale at Mahalaxmi, Lalitpur",House,Mahalaxmi,Lalitpur,"Mahalaxmi, Lalitpur","Rs.35,000,000",0-5-2-0,,,,,2023-11-21,35000000,5.5,6363636
99aana.com,https://99aana.com/property/land-for-sale-at-khairahani-chitwan-7014/,"Land for Sale at Khairahani, Chitwan",Land,Khairahani,Chitwan,"Khairahani, Chitwan",Rs. 1 lakh 45 thousand per dhur,45 Dhur,,20.0,,,2021-01-01,6525000,23.963,272298
99aana.com,https://99aana.com/property/land-for-sale-at-kishwor-tole-bharatpur-mahanagarpalika-7-chitwan-7015/,"Land for sale at Kishwor Tole, Bharatpur Mahanagarpalika-7, Chitwan",Land,Bharatpur,Chitwan,"Kishwor Tole, Bharatpur, Chitwan",Rs. 1 crore 20 lakh per kaththa,6.5 kaththa,,10.0,,,2021-01-01,78000000,69.226,1126749
99aana.com,https://99aana.com/property/land-for-sale-at-harisiddhi-08-lalitpur-7018/,"Land for sale at Harisiddhi, Lalitpur",Land,Harisiddhi,Lalitpur,"Harisiddhi, Lalitpur",Rs. 21 lakh per aana,0-5-1-0,,20.0,,,2021-01-01,11025000,5.25,2100000
99aana.com,https://99aana.com/property/land-for-sale-at-panauti-kavre-7012/,"Land for sale at Panauti, Kavre",Land,Panauti,Kavrepalanchok,"Panauti, Kavre",Rs. 5 lakh 25 thpousand per aana,0-4-0-0,,26.0,,,2021-01-01,2000000,4.0,500000
99aana.com,https://99aana.com/property/land-for-sale-at-keureni-chowk-devchuli-nawalparasi-7006/,"Land for sale at Keureni Chowk, Devchuli, Nawalparasi",Land,Nawalparasi,,"Keureni Chowk, Devchuli, Nawalparasi","Rs.3,000,000",8.75 dhur,,4.0,,,2021-01-03,3000000,4.659,643857
99aana.com,https://99aana.com/property/land-for-sale-at-dhulikhel-08-kavrepalnchok-7007/,"Land for sale at Dhulikhel-08, Kavrepalnchok",Land,Dhulikhel,Kavrepalanchok,"Dhulikhel-08, Kavrepalanchok",10 lakh 50 thousand per ropani,9-0-0-0,,20.0,,,2021-01-03,9450000,144.0,65625
99aana.com,https://99aana.com/property/land-for-sale-at-birtamode-jhapa-7019/,"Land for sale at Birtamode, Jhapa",Land,Birtamode,Jhapa,"Birtamode, Jhapa",Rs.2 lakh 65 thousand per dhur,17 dhur,,20.0,,,2021-01-03,4505000,9.053,497647
99aana.com,https://99aana.com/property/land-for-sale-at-naya-basti-ramkot-kathmandu-7020/,"Land for sale at Naya Basti, Ramkot, Kathmandu",Land,Ramkot,Kathmandu,"Naya Basti, Ramkot, Kathmandu",16 lakh 50 thousand per aana,0-5-0-0,,22.0,,,2021-01-03,8250000,5.0,1650000
99aana.com,https://99aana.com/property/land-for-sale-at-astha-chowk-bharatpur-09-chitwan-7041/,"Land for sale at Astha Chowk, Bharatpur-09, Chitwan",Land,Bharatpur,Chitwan,"Astha Chowk, Bharatpur-09, Chitwan","Rs.7,000,000",8.75 dhur,,6.0,,,2021-01-04,7000000,4.659,1502332
99aana.com,https://99aana.com/property/land-for-sale-at-dhumbarahi-kathmandu-7023/,"Land for sale at Dhumbarahi, Kathmandu",Land,Dhumbarahi,Kathmandu,"Dhumbarahi, Kathmandu",50 lakh per aana,0-4-2-0,,10.0,,,2021-01-03,22500000,4.5,5000000
99aana.com,https://99aana.com/property/land-for-sale-at-kritipur-kathmandu-7043/,"Land for Sale at Kritipur, Kathmandu",Land,Kritipur,Kathmandu,"Kritipur, Kathmandu",Rs. 15 lakh per aana,0-8-0-0,,,,,2021-01-04,12000000,8.0,1500000
99aana.com,https://99aana.com/property/land-for-sale-at-kalanki-kathmandu-7044/,"Land for sale at Kalanki, Kathmandu",Land,Kalanki,Kathmandu,"Kalanki, Kathmandu",Rs. 37 lakh per aana,0-4-0-0,,10.0,,,2021-01-04,14800000,4.0,3700000
99aana.com,https://99aana.com/property/land-for-sale-at-baruwa-bazar-chitwan-7032/,"Land for sale at Baruwa Bazar, Chitwan",Land,Baruwa Bazar,Chitwan,"Baruwa Bazar, Chitwan",14 lakh per kattha,16 kattha 13.5 dhur,,7.0,,,2021-01-04,23345000,177.591,131454
99aana.com,https://99aana.com/property/land-for-sale-at-lele-lalitpur-7033/,"Land for sale at Lele, Lalitpur",Land,Lele,Lalitpur,"Lele, Lalitpur","Rs.5,500,000",0-15-0-0,,14.0,,,2021-01-04,5500000,15.0,366667
99aana.com,https://99aana.com/property/land-for-sale-at-thankot-chandragiri-kathmandu-7035/,"Land for sale at Thankot, Chandragiri, Kathmandu",Land,Chandragiri,Kathmandu,"Thankot, Chandragiri, Kathmandu",Rs.13 lakh per aana,0-4-0-0,,13.0,,,2021-01-04,5200000,4.0,1300000
99aana.com,https://99aana.com/property/land-for-sale-at-kamerotar-bhaktapur-7052/,"Land for sale at Kamerotar, Bhaktapur",Land,Kamerotar,Bhaktapur,"Kamerotar, Bhaktapur",Rs 34 lakh per aana,4 aana,,20.0,,,2021-01-05,13600000,4.0,3400000
99aana.com,https://99aana.com/property/land-for-sale-at-himali-baas-kolhabi-nagarpalika-2-bara-7055/,"Land for sale at Himali Baas, Kolhabi Nagarpalika-2, Bara",Land,Bara,,"Himali Baas, Kolhabi, Bara",6 lakh 50 thousand per kaththa,10 kaththa,,8.0,,,2021-01-05,6500000,106.501,61032
99aana.com,https://99aana.com/property/land-for-sale-at-baguwa-melamchi-sindhupalchowk-7050/,"Land for sale at Baguwa, Melamchi, Sindhupalchowk",Land,Sindhupalchowk,,"Baguwa, Melamchi, Sindhupalchowk",7 lakh per ropani,6-0-0-0,,12.0,,,2021-01-05,4200000,96.0,43750
99aana.com,https://99aana.com/property/land-for-sale-at-duwakot-bhaktapur-7045/,"Land for sale at Duwakot, Bhaktapur",Land,Duwakot,Bhaktapur,"Duwakot, Bhaktapur",16 lakh 50 thousand per aana,0-5-0-0,,20.0,,,2021-01-05,8250000,5.0,1650000
99aana.com,https://99aana.com/property/land-for-sale-at-dandagaun-khairahani-03-chitwan-7046/,"Land for sale at Dandagaun, Khairahani-03, Chitwan",Land,Khairahani,Chitwan,"Dandagaun, Khairahani-03, Chitwan",Rs.23 lakh 50 thousand per kattha.,11 kattha 13 dhur,,8.0,,,2021-01-05,27377500,124.074,220655
99aana.com,https://99aana.com/property/land-for-sale-at-kotihawa-rupandehi-7065/,"Land for sale at Kotihawa, Rupandehi",Land,Kotihawa,Rupandehi,"Kotihawa, Rupandehi",6 lakh 50 thousand per dhur,4.3 kattha,,32.0,,,2021-01-06,55900000,45.795,1220645
99aana.com,https://99aana.com/property/land-for-sale-at-itahari-sunsari-7071/,"Land for sale at Itahari, Sunsari",Land,Itahari,Sunsari,"Itahari, Sunsari",Rs 2 lakh 30 thousand per dhur,10.5 dhur,,16.0,,,2021-01-07,2415000,5.591,431920
99aana.com,https://99aana.com/property/land-for-sale-at-budhanilkantha-kathmandu-7072/,"Land for sale at Budhanilkantha, Kathmandu",Land,Budhanilkantha,Kathmandu,"Budhanilkantha, Kathmandu",Rs 35 lakh per aama,0-6-2-0,,13.0,,,2021-01-07,3500000,6.5,538462
99aana.com,https://99aana.com/property/land-for-sale-at-pipalbot-dhumbarahi-kathmandu-7073/,"Land for sale at Pipalbot, Dhumbarahi, Kathmandu",Land,Dhumbarahi,Kathmandu,"Pipalbot, Dhumbarahi, Kathmandu",Rs 48 lakh per aana,0-4-2-0,,10.0,,,2021-01-07,21600000,4.5,4800000
99aana.com,https://99aana.com/property/land-for-sale-at-gaurigaun-tindhara-kathmandu-7074/,"Land for sale at Gaurigaun, Tindhara, Kathmandu",Land,Tindhara,Kathmandu,"Gaurigaun, Tindhara, Kathmandu",Rs 30 lakh per aana,0-4-2-0,,12.0,,,2021-01-07,13500000,4.5,3000000
99aana.com,https://99aana.com/property/land-for-sale-at-dukuchhap-lalitpur-7076/,Land for sale at Dukuchhap Lalitpur,Land,Dukuchhap,Lalitpur,"Dukuchhap, Lalitpur",Rs 7 lakh per aana,4-11-0-0,,20.0,,,2021-01-07,52500000,75.0,700000
99aana.com,https://99aana.com/property/land-for-sale-at-kailash-chowk-kawasoti-08-nawalpur-7080/,"Land for sale at Kailash Chowk, Kawasoti-08, Nawalpur.",Land,Nawalpur,,"Kailash Chowk, Kawasoti-08, Nawalpur",21 lakh per kattha,24 kattha,,6.0,,,2021-01-07,50400000,255.603,197181
99aana.com,https://99aana.com/property/land-for-sale-at-nayabazar-pokhara/,"Land for sale at Nayabazar, Pokhara",Land,Pokhar,,"Nayabazar, Pokhar",Rs. 6 lakh 65 thousand per haat,1-0-0-0,,20.0,,,2021-01-07,665000,16.0,41562
99aana.com,https://99aana.com/property/land-for-sale-at-bhimdhunga-nagarjun-08-kathmandu-7084/,"Land for sale at Bhimdhunga, Nagarjun-08, Kathmandu",Land,Nagarjun,Kathmandu,"Bhimdhunga, Nagarjun-08, Kathmandu","Rs.10,000,000",3-0-0-0,,12.0,,,2021-01-08,10000000,48.0,208333
99aana.com,https://99aana.com/property/land-for-sale-at-saukhel-kathmandu-7085/,"Land for sale at Saukhel, Kathmandu",Land,Saukhel,Kathmandu,"Saukhel, Kathmandu","Rs.7,600,000",0-8-0-0,,12.0,,,2021-01-08,7600000,8.0,950000
99aana.com,https://99aana.com/property/land-for-sale-at-kavresthali-kathmandu-7086/,"Land for sale at Kavresthali, Kathmandu",Land,Kavresthali,Kathmandu,"Kavresthali, Kathmandu",Rs 12 lakh 50 thousand per aana,0-4-0-0,,12.0,,,2021-01-08,5000000,4.0,1250000
99aana.com,https://99aana.com/property/land-for-sale-at-malta-bagmati-lalitpur-7092/,"Land for sale at Malta, Bagmati, Lalitpur",Land,Bagmati,Lalitpur,"Malta, Bagmati, Lalitpur",1 lakh per aana,2-11-0-0,,6.0,,,2021-01-08,4300000,43.0,100000
99aana.com,https://99aana.com/property/land-for-sale-at-halchowk-kathmandu-7090/,Land for sale at Halchowk Kathmandu,Land,Halchowk,Kathmandu,"Halchowk, Kathmandu",Rs 20 lakh per aana,0-4-2-0,,13.0,,,2021-01-08,9000000,4.5,2000000
99aana.com,https://99aana.com/property/land-for-sale-at-itahari-sunsari-7101/,Land for sale at Itahari Sunsari,Land,Itahari,Sunsari,"Itahari, Sunsari",Rs 25 lakh 50 thousand,10 dhur,,20.0,,,2021-01-08,2550000,5.325,478868
99aana.com,https://99aana.com/property/land-for-sale-at-ramhiti-boudha-kathmandu-7104/,"Land for sale at Ramhiti, Boudha, Kathmandu",Land,Boudha,Kathmandu,"Ramhiti, Boudha, Kathmandu",Rs 55 lakh per aana,0-9-0-0,,12.0,,,2021-01-10,49500000,9.0,5500000
99aana.com,https://99aana.com/property/land-for-sale-at-thankot-checkpost-kathmandu-7105/,"Land for sale at Thankot checkpost, Kathmandu",Land,Thankot Checkpost,Kathmandu,"Thankot Checkpost, Kathmandu",Rs 16 lakh per aana,0-3-0-0,,10.0,,,2021-01-10,4800000,3.0,1600000
99aana.com,https://99aana.com/property/land-for-sale-at-sankhu-shankharapur-nagarpalika-9-kathmandu/,"Land for Sale at Sankhu, Shankharapur Nagarpalika-9, Kathmandu",Land,Shankharapur,Kathmandu,"Sankhu, Shankharapur, Kathmandu",Rs. 13 lakh per aana,0-4-1-0,,12.0,,,2021-01-10,5525000,4.25,1300000
99aana.com,https://99aana.com/property/land-for-sale-at-jimdar-chowk-kamal-jhapa-7112/,"Land for sale at Jimdar Chowk, Kamal, Jhapa",Land,Kamal,Jhapa,"Jimdar Chowk, Kamal, Jhapa",Rs 1 lakh 70 thousand per dhur,10 dhur,,20.0,,,2021-01-10,1700000,5.325,319246
99aana.com,https://99aana.com/property/land-for-sale-at-bhaisepati-lalitpur-7113/,"Land for sale at Bhaisepati, Lalitpur",Land,Bhaisepati,Lalitpur,"Bhaisepati, Lalitpur",Rs 50 lakh per aana,0-10-1-0,,20.0,,,2021-01-10,51250000,10.25,5000000
99aana.com,https://99aana.com/property/land-for-sale-at-dadhikot-bhaktapur-7114/,"Land for sale at Dadhikot, Bhaktapur",Land,Dadhikot,Bhaktapur,"Dadhikot, Bhaktapur",23 lakh 50 thousand per aana,0-4-2-2,,12.0,,,2021-01-10,10868750,4.625,2350000
99aana.com,https://99aana.com/property/land-for-sale-at-narayan-chowk-harisiddhi-lalitpur-7127/,"Land for sale at Narayan Chowk, Harisiddhi, Lalitpur",Land,Harisiddhi,Lalitpur,"Narayan Chowk, Harisiddhi, Lalitpur",Rs 26 lakh per aana,0-3-2-0,,12.0,,,2021-01-11,9100000,3.5,2600000
99aana.com,https://99aana.com/property/land-for-sale-at-dumri-chowk-ratnanagar-14-chitwan-7119/,"Land for sale at Dumri chowk, Ratnanagar-14, Chitwan",Land,Ratnanagar,Chitwan,"Dumri chowk, Ratnanagar-14, Chitwan",40 lakh per kaththa,5 Kaththa 12 dhur,,,,,2021-01-11,22400000,59.641,375583
99aana.com,https://99aana.com/property/land-for-sale-at-manamaiju-height-kathmandu-7122/,"Land for sale at Manamaiju height, Kathmandu",Land,Manamaiju Height,Kathmandu,"Manamaiju height, Kathmandu",Rs. 20 lakh per aana,0-3-2-0,,10.0,,,2021-01-11,7000000,3.5,2000000
99aana.com,https://99aana.com/property/land-for-sale-at-indrayani-kathmandu-7129/,"Land for sale at Indrayani, Kathmandu",Land,Indrayani,Kathmandu,"Indrayani, Kathmandu",Rs 15 lakh 50 thousand per aana,0-6-0-0,,12.0,,,2021-01-12,9300000,6.0,1550000
99aana.com,https://99aana.com/property/land-for-sale-at-damadhunga-jivanpur-dhunibesi-dhading-7131/,"Land for sale at Damadhunga, Jivanpur, Dhunibesi, Dhading",Land,Dhading,,"Damadhunga, Jivanpur, Dhunibesi, Dhading",Rs 9 lakh 50 thousand per ropani,16-0-0-0,,8.0,,,2021-01-12,15200000,256.0,59375
99aana.com,https://99aana.com/property/land-for-sale-at-dhunchepakha-bhaktapur-7140/,"Land for sale at Dhunchepakha, Bhaktapur",Land,Dhunche Pakha,Bhaktapur,"Dhunchepakha, Bhaktapur",Rs.23 lakh per aana,0-3-1-1,,20.0,,,2021-01-12,7618750,3.312,2300000
99aana.com,https://99aana.com/property/land-for-sale-at-sanepa-lalitpur-7141/,"Land for sale at Sanepa, Lalitpur",Land,Sanepa,Lalitpur,"Sanepa, Lalitpur",Rs.45 lakh per aana,0-6-0-0,,15.0,,,2021-01-12,27000000,6.0,4500000
99aana.com,https://99aana.com/property/land-for-sale-at-aadarsha-chowk-chitwan-7142/,"Land for sale at Aadarsha Chowk, Chitwan",Land,Aadarsha,Chitwan,"Aadarsha Chowk, Chitwan","Rs.4,300,000",6 dhur,,15.0,,,2021-01-12,4300000,3.195,1345839
99aana.com,https://99aana.com/property/land-for-sale-at-mulpani-kathmandu-7153/,"Land for sale at Mulpani, Kathmandu",Land,Mulpani,Kathmandu,"Mulpani, Kathmandu","Rs.4,500,000",0-3-3-0,,,,,2021-01-13,4500000,3.75,1200000
99aana.com,https://99aana.com/property/land-for-sale-at-tarakeshwor-kathmandu-7154/,"Land for sale at Tarakeshwor, Kathmandu",Land,Tarkeshwor,Kathmandu,"Tarakeshwor, Kathmandu",14 lakh per aana,0-5-0-0,,,,,2021-01-13,7000000,5.0,1400000
99aana.com,https://99aana.com/property/land-for-sale-at-pragati-tole-manamaiju-kathmandu-7157/,"Land for sale at Pragati Tole, Manamaiju, Kathmandu",Land,Manamaiju,Kathmandu,"Pragati Tole, Manamaiju, Kathmandu",33 lakh per aana,0-4-0-1,,,,,2021-01-13,13406250,4.062,3300000
99aana.com,https://99aana.com/property/land-for-sale-at-sangla-tarkeshwor-1-kathmandu-7150/,"Land for sale at Sangla, Tarkeshwor – 1, Kathmandu",Land,Tarkeshwor,Kathmandu,"Sangla, Tarkeshwor, Kathmandu",Rs. 19 lakh per aana,0-4-0-0,,20.0,,,2021-01-13,7600000,4.0,1900000
99aana.com,https://99aana.com/property/land-for-sale-at-gokarna-kathmandu-7151/,"Land for sale at Gokarna, Kathmandu",Land,Gokarna,Kathmandu,"Gokarna, Kathmandu",Rs. 12 lakh per aana,0-12-0-0,,32.0,,,2021-01-13,14400000,12.0,1200000
99aana.com,https://99aana.com/property/land-for-sale-at-duwakot-bhaktapur-7160/,"Land for sale at Duwakot, Bhaktapur",Land,Duwakot,Bhaktapur,"Duwakot, Bhaktapur",Rs 12 lakh per aana,0-6-0-0,,,,,2021-01-14,7200000,6.0,1200000
99aana.com,https://99aana.com/property/land-for-sale-at-jhulpokhari-chandragiri-kathmandu-7166/,"Land for sale at Jhulpokhari, Chandragiri, Kathmandu",Land,Chandragiri,Kathmandu,"Jhulpokhari, Chandragiri, Kathmandu",Rs 18 lakh per aana,0-7-0-0,,,,,2021-01-14,12600000,7.0,1800000
99aana.com,https://99aana.com/property/land-for-sale-at-gachhiya-chowk-morang-7167/,"Land for sale at Gachhiya Chowk, Morang",Land,Gachhiya,Morang,"Gachhiya Chowk, Morang",Rs 4 lakh 50 thousand per dhur,11 dhur,,,,,2021-01-14,4950000,5.858,845062
99aana.com,https://99aana.com/property/land-for-sale-at-chirpani-jaimini-02-baglung-7173/,"Land for sale at Chirpani, Jaimini-02, Baglung",Land,Baglung,,"Chirpani, Jaimini-02, Baglung",Rs 50 thousand per ropani,33-0-0-0,,,,,2021-01-15,1650000,528.0,3125
99aana.com,https://99aana.com/property/land-for-sale-at-barauliya-tilottama-rupandehi-7183/,"Land for sale at Barauliya, Tilottama, Rupandehi",Land,Tilottama,Rupandehi,"Barauliya, Tilottama, Rupandehi","Rs.1,400,000",7.75 dhur,,,,,2021-01-15,1400000,4.127,339236
99aana.com,https://99aana.com/property/land-for-sale-at-sallaghari-suryabinayak-nagarpalika-5-bhaktapur-7177/,"Land for sale at Sallaghari, Suryabinayak Nagarpalika-5, Bhaktapur",Land,Suryabinayak,Bhaktapur,"Sallaghari, Suryabinayak, Bhaktapur",Rs. 32 lakh Per Aana,0-4-3-1,,,,,2021-01-15,15400000,4.812,3200000
99aana.com,https://99aana.com/property/land-for-sale-at-balkot-bhaktapur-7212/,"Land for sale at Balkot, Bhaktapur",Land,Balkot,Bhaktapur,"Balkot, Bhaktapur",Rs 23 lakh per aana,0-5-0-0,,13.0,,,2021-01-18,11500000,5.0,2300000
99aana.com,https://99aana.com/property/land-for-sale-at-seruwa-murgiya-rupandehi-7201/,"Land for sale at Seruwa, Murgiya, Rupandehi",Land,Murgiya,Rupandehi,"Seruwa, Murgiya, Rupandehi",Rs 2 lakh per dhur,8.25 dhur,,20.0,,,2021-01-18,1650000,4.393,375583
99aana.com,https://99aana.com/property/land-for-sale-at-adhikari-tole-balkot-bhaktapur-7202/,"Land for sale at Adhikari Tole, Balkot, Bhaktapur",Land,Balkot,Bhaktapur,"Adhikari Tole, Balkot, Bhaktapur",Rs 27 lakh per aana,0-3-1-0,,13.0,,,2021-01-18,8775000,3.25,2700000
99aana.com,https://99aana.com/property/land-for-sale-at-halgada-itahari-sunsari-7203/,"Land for sale at Halgada, Itahari, Sunsari",Land,Itahari,Sunsari,"Halgada, Itahari, Sunsari",Rs 6 lakh per dhur,10 dhur,,20.0,,,2021-01-18,6000000,5.325,1126749
99aana.com,https://99aana.com/property/land-for-sale-at-lanku-bharatpur-04-chitwan-7204/,"Land for sale at Lanku, Bharatpur-04, Chitwan",Land,Bharatpur,Chitwan,"Lanku, Bharatpur-04, Chitwan",Rs. 80 lakh per kaththa,2 katha 8 dhur,,12.0,,,2021-01-18,19200000,25.56,751166
99aana.com,https://99aana.com/property/land-for-sale-at-tathali-bhaktapur-7048/,"Land for sale at Tathali, Bhaktapur",Land,Tathali,Bhaktapur,"Tathali, Bhaktapur",Rs 6 lakh per aana,0-13-0-0,,3.0,,,2021-01-05,7800000,13.0,600000
99aana.com,https://99aana.com/property/land-for-sale-at-thankot-kharibot-kathmandu-7222/,"Land for sale at Thankot Kharibot, Kathmandu",Land,Thankot Kharibot,Kathmandu,"Thankot Kharibot, Kathmandu",Rs.16 lakh 50 thousand per aana,0-4-0-0,,13.0,,,2021-01-19,6600000,4.0,1650000
99aana.com,https://99aana.com/property/land-for-sale-at-tathali-bhaktapur-7224/,"Land for sale at Tathali, Bhaktapur",Land,Tathali,Bhaktapur,"Tathali, Bhaktapur",Rs 15 lakh 50 thousand per aana,0-3-1-0,,20.0,,,2021-01-19,5037500,3.25,1550000
99aana.com,https://99aana.com/property/land-for-sale-at-gauriganj-chitwan-7226/,"Land for sale at Gauriganj, Chitwan",Land,Gauriganj,Chitwan,"Gauriganj, Chitwan","Rs.5,500,000",10 dhur,,,,,2021-01-19,5500000,5.325,1032853
99aana.com,https://99aana.com/property/land-for-sale-at-amar-tole-biratnagar-morang-7217/,"Land for sale at Amar Tole, Biratnagar, Morang",Land,Biratnagar,Morang,"Amar Tole, Biratnagar, Morang",Rs 4 lakh 50 thousand per dhur,11 dhur,,20.0,,,2021-01-19,4950000,5.858,845062
99aana.com,https://99aana.com/property/land-for-sale-at-gokarneshwor-kathmandu-7219/,"Land for sale at Gokarneshwor, Kathmandu",Land,Gokarneshwor,Kathmandu,"Gokarneshwor, Kathmandu",Rs. 19 lakh per aana,0-8-0-0,,13.0,,,2021-01-19,15200000,8.0,1900000
99aana.com,https://99aana.com/property/land-for-sale-at-manohara-planning-kathmandu-7206/,"Land for sale at Manohara Planning, Kathmandu",Land,Manohara Planning,Kathmandu,"Manohara Planning, Kathmandu",Rs. 67 lakh per aana,0-8-2-3,,,,,2021-01-18,58206250,8.688,6700000
99aana.com,https://99aana.com/property/land-for-sale-at-satdobato-lalitpur-7236/,"Land for sale at Satdobato, Lalitpur",Land,Satdobato,Lalitpur,"Satdobato, Lalitpur",Rs 35 lakh per aana,5-0-0-0,,13.0,,,2021-01-20,280000000,80.0,3500000
99aana.com,https://99aana.com/property/land-for-sale-at-dhumbarahi-kathmandu-7231/,"Land for sale at Dhumbarahi, Kathmandu",Land,Dhumbarahi,Kathmandu,"Dhumbarahi, Kathmandu",Rs 75 lakh per aana,1-0-0-0,,,,,2021-01-20,120000000,16.0,7500000
99aana.com,https://99aana.com/property/land-for-sale-at-balambu-chandragiri-09-kathmandu-7205/,"Land for sale at Balambu, Chandragiri-09, Kathmandu",Land,Chandragiri,Kathmandu,"Balambu, Chandragiri-09, Kathmandu",Rs. 26 lakh per aana,0-3-1-3,,,,,2021-01-18,8937500,3.438,2600000
99aana.com,https://99aana.com/property/land-for-sale-at-itahari-05-sunsari-7250/,"Land for sale at Itahari-05, Sunsari",Land,Itahari,Sunsari,"Itahari-05, Sunsari","Rs.3,200,000",10 dhur,,20.0,,,2021-01-21,3200000,5.325,600933
99aana.com,https://99aana.com/property/land-for-sale-at-sisuwa-pokhara-kaski-7252/,"Land for sale at Sisuwa, Pokhara, Kaski",Land,Pokhara,Kaski,"Sisuwa, Pokhara, Kaski","Rs.7,000,000",0-8-0-0,,20.0,,,2021-01-21,7000000,8.0,875000
99aana.com,https://99aana.com/property/land-for-sale-at-harkalal-marg-birtamode-jhapa-7255/,"Land for sale at Harkalal Marg, Birtamode, Jhapa",Land,Birtamode,Jhapa,"Harkalal Marg, Birtamode, Jhapa",Rs 4 lakh per dhur,1 kattha 3 dhur,,16.0,,,2021-01-21,9200000,12.248,751166
99aana.com,https://99aana.com/property/land-for-sale-at-khaireni-chowk-dharan-05-sunsari-7244/,"Land for sale at Khaireni Chowk, Dharan-05, Sunsari",Land,Dharan,Sunsari,"Khaireni Chowk, Dharan-05, Sunsari",Rs 3 lakh 60 thousand per dhur,17 dhur,,,,,2021-01-21,6120000,9.053,676049
99aana.com,https://99aana.com/property/land-for-sale-at-gokarna-kathmandu-7243/,"Land for sale at Gokarna, Kathmandu",Land,Gokarna,Kathmandu,"Gokarna, Kathmandu",Rs.15 lakh per aana,0-7-0-0,,20.0,,,2021-01-21,10500000,7.0,1500000
99aana.com,https://99aana.com/property/land-for-sale-at-manamiju-kathmandu-7264/,"Land for sale at Manamiju, Kathmandu",Land,Manamaiju,Kathmandu,"Manamiju, Kathmandu",Rs.25 lakh per aana,0-4-2-0,,15.0,,,2021-01-22,11250000,4.5,2500000
99aana.com,https://99aana.com/property/land-for-sale-at-bhagawati-shuklagandaki-tanahun-7267/,"Land for sale at Bhagawati, Shuklagandaki, Tanahun",Land,Tanahun,,"Bhagawati, Shuklagandaki, Tanahun","Rs.6,000,000",20-0-0-0,,10.0,,,2021-01-22,6000000,320.0,18750
99aana.com,https://99aana.com/property/land-for-sale-at-chapali-height-budhanilkantha-03-kathmandu-7260/,"Land for sale at Chapali height, Budhanilkantha-03, Kathmandu",Land,Budhanilkantha,Kathmandu,"Chapali height, Budhanilkantha-03, Kathmandu",Rs 35 lakh per aana,0-5-0-0,,20.0,,,2021-01-22,17500000,5.0,3500000
99aana.com,https://99aana.com/property/land-for-sale-at-kalyanpur-bharatpur-chitwan-7279/,"Land for sale at Kalyanpur, Bharatpur, Chitwan",Land,Bharatpur,Chitwan,"Kalyanpur, Bharatpur, Chitwan","Rs.3,000,000",10 dhur,,6.0,,,2021-01-24,3000000,5.325,563374
99aana.com,https://99aana.com/property/land-for-sale-at-pasikot-budhanilkantha-kathmandu-7283/,"Land for sale at Pasikot, Budhanilkantha, Kathmandu",Land,Budhanilkantha,Kathmandu,"Pasikot, Budhanilkantha, Kathmandu",Rs 27 lakh per aana,0-15-0-0,,22.0,,,2021-01-24,40500000,15.0,2700000
99aana.com,https://99aana.com/property/land-for-sale-at-budhanilkantha-03-kathmandu-7271/,"Land for sale at Budhanilkantha-03, Kathmandu",Land,Budhanilkantha,Kathmandu,"Budhanilkantha-03, Kathmandu",Rs 37 lakh per aana,2-0-0-0,,14.0,,,2021-01-24,118400000,32.0,3700000
99aana.com,https://99aana.com/property/land-for-sale-at-malepatan-pokhara-32-kaski-7273/,"Land for sale at Malepatan, Pokhara-32, Kaski",Land,Pokhara,Kaski,"Malepatan, Pokhara-32, Kaski",Rs 6 lakh 50 thousand per aana,1-6-0-0,,32.0,,,2021-01-24,14300000,22.0,650000
99aana.com,https://99aana.com/property/land-for-sale-at-thankot-chandragiri-kathmandu-7284/,"Land for sale at Thankot, Chandragiri, Kathmandu",Land,Chandragiri,Kathmandu,"Thankot, Chandragiri, Kathmandu",Rs.12 lakh 50 thousand per aana,0-4-0-0,,13.0,,,2021-01-25,5000000,4.0,1250000
99aana.com,https://99aana.com/property/land-for-sale-at-chitapol-chyamasing-bhaktapur-7292/,"Land for sale at Chitapol, Chyamasing, Bhaktapur",Land,Chyamasing,Bhaktapur,"Chitapol, Chyamasing, Bhaktapur",Rs 5 lakh per aana,0-5-0-0,,3.0,,,2021-01-25,2500000,5.0,500000
99aana.com,https://99aana.com/property/land-for-sale-at-motipur-butwal-18-rupandehi-7293/,"Land for sale at Motipur, Butwal-18, Rupandehi",Land,Butwal,Rupandehi,"Motipur, Butwal-18, Rupandehi","Rs.7,000,000",1 kattha,,30.0,,,2021-01-25,7000000,10.65,657270
99aana.com,https://99aana.com/property/land-for-sale-at-shantinagar-hetauda-05-makwanpur-7296/,"Land for sale at Shantinagar, Hetauda-05, Makwanpur",Land,Hetauda,Makwanpur,"Shantinagar, Hetauda-05, Makwanpur",Rs.4 lakh 50 thousand per dhur,9.25 dhur,,4.0,,,2021-01-25,4162500,4.926,845062
99aana.com,https://99aana.com/property/land-for-sale-at-lolang-height-kathmandu-7300/,"Land for sale at Lolang Height, Kathmandu",Land,Lolang Height,Kathmandu,"Lolang Height, Kathmandu",Rs.17 lakh per aana,0-3-2-0,,10.0,,,2021-01-26,5950000,3.5,1700000
99aana.com,https://99aana.com/property/land-for-sale-at-lolang-height-kathmandu-7299/,"Land for sale at Lolang Height, Kathmandu",Land,Lolang Height,Kathmandu,"Lolang height, Kathmandu",Rs 17 lakh per aana,0-3-0-0,,13.0,,,2021-01-26,5100000,3.0,1700000
99aana.com,https://99aana.com/property/land-for-sale-at-changathali-lalitpur-7301/,"Land for Sale at Changathali, Lalitpur",Land,Changathali,Lalitpur,"Changathali, Lalitpur",Rs. 22 lakh per aana,0-3-3-0,,10.0,,,2021-01-26,8250000,3.75,2200000
99aana.com,https://99aana.com/property/land-for-sale-at-mudavaar-rapti-06-chitwan-7302/,"Land for sale at Mudavaar Rapti-06, Chitwan",Land,Mudavaar Rapti,Chitwan,"Mudavaar Rapti-06, Chitwan","Rs.10,000,000",9 kattha,,6.0,,,2021-01-26,10000000,95.851,104329
99aana.com,https://99aana.com/property/land-for-sale-at-biratnagar-morang-7306/,"Land for sale at Biratnagar, Morang",Land,Biratnagar,Morang,"Biratnagar, Morang",Rs 6 lakh 50 thousand per dhur,11 dhur,,20.0,,,2021-01-26,7150000,5.858,1220645
99aana.com,https://99aana.com/property/land-for-sale-at-halgada-chowk-itahari-sunsari-7307/,"Land for sale at Halgada Chowk, Itahari, Sunsari",Land,Itahari,Sunsari,"Halgada Chowk, Itahari, Sunsari",Rs.2 lakh 70 thousand per dhur,10 dhur,,20.0,,,2021-01-26,2700000,5.325,507037
99aana.com,https://99aana.com/property/land-for-sale-at-salyan-taar-manahari-makwanpur-7309/,"Land for sale at Salyan Taar, Manahari, Makwanpur",Land,Manahari,Makwanpur,"Salyan Taar, Manahari, Makwanpur",Rs.8 lakh 50 thousand,1 kattha,,20.0,,,2021-01-26,850000,10.65,79811
99aana.com,https://99aana.com/property/land-for-sale-at-balkot-bhaktapur-7329/,"Land for sale at Balkot, Bhaktapur",Land,Balkot,Bhaktapur,"Balkot, Bhaktapur",26 lakh 50 thousand per aana,0-5-0-0,,13.0,,,2021-01-26,13250000,5.0,2650000
99aana.com,https://99aana.com/property/land-for-sale-at-ujjwal-tole-devnagar-bharatpur-06-chitwan-7314/,"Land for sale at Ujjwal Tole, Devnagar, Bharatpur-06, Chitwan",Land,Bharatpur,Chitwan,"Ujjwal Tole, Devnagar, Bharatpur-06, Chitwan","Rs.3,600,000",1 kattha 4 dhur,,8.0,,,2021-01-27,3600000,12.78,281687
99aana.com,https://99aana.com/property/land-for-sale-at-thankot-chandragiri-kathmandu-7315/,"Land for sale at Thankot, Chandragiri, Kathmandu",Land,Chandragiri,Kathmandu,"Thankot, Chandragiri, Kathmandu",Rs.22 lakh per aana,0-3-3-0,,13.0,,,2021-01-27,8250000,3.75,2200000
99aana.com,https://99aana.com/property/land-for-sale-at-thankot-checkpost-kathmandu-7324/,"Land for sale at Thankot checkpost, Kathmandu",Land,Thankot Checkpost,Kathmandu,"Thankot checkpost, Kathmandu",Rs 21 lakh per aana,0-8-0-0,,10.0,,,2021-01-27,16800000,8.0,2100000
99aana.com,https://99aana.com/property/land-for-sale-at-changathali-lalitpur-7326/,"Land for Sale at Changathali, Lalitpur",Land,Changathali,Lalitpur,"Changathali, Lalitpur",Rs 20 lakh per aana,0-3-0-0,,13.0,,,2021-01-27,6000000,3.0,2000000
99aana.com,https://99aana.com/property/land-for-sale-at-halchowk-nagarjun-03-kathmandu-7317/,"Land for sale at Halchowk, Nagarjun-03, Kathmandu",Land,Nagarjun,Kathmandu,"Halchowk, Nagarjun-03, Kathmandu",Rs 23 lakh per aana,0-3-1-0,,13.0,,,2021-01-27,7475000,3.25,2300000
99aana.com,https://99aana.com/property/land-for-sale-at-kapan-kathmandu-7349/,"Land for sale at Kapan, Kathmandu",Land,Kapan,Kathmandu,"Kapan, Kathmandu",30 lakh per aana,0-5-0-0,,13.0,,,2021-01-27,15000000,5.0,3000000
99aana.com,https://99aana.com/property/land-for-sale-at-pasikot-budhanilkantha-kathmandu-7341/,"Land for sale at Pasikot, Budhanilkantha, Kathmandu",Land,Budhanilkantha,Kathmandu,"Pasikot, Budhanilkantha, Kathmandu",Rs 21 lakh per aana,0-3-1-0,,20.0,,,2021-01-28,6825000,3.25,2100000
99aana.com,https://99aana.com/property/land-for-sale-at-satdobato-lalitpur-7344/,"Land for sale at Satdobato, Lalitpur",Land,Satdobato,Lalitpur,"Satdobato, Lalitpur",Rs 35 lakh per aana,0-4-1-1,,10.0,,,2021-01-28,15093750,4.312,3500000
99aana.com,https://99aana.com/property/land-for-sale-at-pyutar-bagmati-lalitpur-7345/,"Land for sale at Pyutar, Bagmati, Lalitpur",Land,Bagmati,Lalitpur,"Pyutar, Bagmati, Lalitpur",Rs 4 lakh 50 thousand per ropani,33 ropani,,20.0,,,2021-01-28,14850000,528.0,28125
99aana.com,https://99aana.com/property/land-for-sale-at-indreni-sanagaun-kathmandu-7334/,"Land for sale at Indreni, Sanagaun, Kathmandu",Land,Sanagaun,Kathmandu,"Indreni, Sanagaun, Kathmandu",Rs. 14 lakhs 50 thousand/aana,4 aana 1 paisa,,,,,2021-01-28,6162500,4.25,1450000
99aana.com,https://99aana.com/property/land-for-sale-at-dahachok-kathmandu-7359/,"Land for sale at Dahachok, Kathmandu",Land,Dahachok,Kathmandu,"Dahachok, Kathmandu",Rs.1 lakh per ropani,17-0-0-0,,8.0,,,2021-01-29,1700000,272.0,6250
99aana.com,https://99aana.com/property/land-for-sale-at-chaughada-hetauda-06-makwanpur-7360/,"Land for sale at Chaughada, Hetauda-06, Makwanpur",Land,Hetauda,Makwanpur,"Chaughada, Hetauda-06, Makwanpur",Rs.3 lakh per dhur,14 dhur,,4.0,,,2021-01-29,4200000,7.455,563374
99aana.com,https://99aana.com/property/land-for-sale-at-yerawat-tole-hattiban-lalitpur-7354/,"Land for sale at Yerawat Tole, Hattiban, Lalitpur",Land,Hattiban,Lalitpur,"Yerawat Tole, Hattiban, Lalitpur",Rs 27 lakh per aana,0-8-0-0,,13.0,,,2021-01-29,21600000,8.0,2700000
99aana.com,https://99aana.com/property/land-for-sale-at-kapan-kathmandu-7371/,"Land for sale at Kapan, Kathmandu",Land,Kapan,Kathmandu,"Kapan, Kathmandu",23 lakh per aana,0-8-0-0,,13.0,,,2021-01-29,18400000,8.0,2300000
99aana.com,https://99aana.com/property/land-for-sale-at-nayabasti-gokarneshwor-kathmandu-7355/,"Land for sale at Nayabasti, Gokarneshwor, Kathmandu",Land,Gokarneshwor,Kathmandu,"Nayabasti, Gokarneshwor, Kathmandu",Rs.12 lakh per aana,13-0-0-0,,26.0,,,2021-01-29,249600000,208.0,1200000
99aana.com,https://99aana.com/property/land-for-sale-at-dadhikot-bhaktapur-7379/,"Land for sale at Dadhikot, Bhaktapur",Land,Dadhikot,Bhaktapur,"Dadhikot, Bhaktapur",Rs 12 lakh per aana,2-0-0-0,,6.0,,,2021-01-31,38400000,32.0,1200000
99aana.com,https://99aana.com/property/land-for-sale-at-balkot-bhaktapur-7394/,"Land for sale at Balkot, Bhaktapur",Land,Balkot,Bhaktapur,"Balkot, Bhaktapur",29 lakh per aana,0-5-0-0,,13.0,,,2021-01-31,14500000,5.0,2900000
99aana.com,https://99aana.com/property/land-for-sale-at-deurali-danda-palungtar-gorkha-7382/,"Land for sale at Deurali Danda, Palungtar, Gorkha",Land,Gorkha,,"Deurali Danda, Palungtar, Gorkha","Rs. 1,00,000 per ropani",200-0-0-0,,,,,2021-02-01,20000000,3200.0,6250
99aana.com,https://99aana.com/property/land-for-sale-at-bhandara-rapti-03-chitwan-7385/,"Land for sale at Bhandara, Rapti-03, Chitwan",Land,Rapti,Chitwan,"Bhandara, Rapti-03, Chitwan",Rs 3 lakh 50 thousand per dhur,"56 dhur (10 dhur, 12 dhur, 14 dhur and 20 dhur)",,6.0,,,2021-02-01,39200000,59.641,657270
99aana.com,https://99aana.com/property/land-for-sale-at-bharatpur-chitwan-7387/,"Land for sale at Bharatpur, Chitwan",Land,Bharatpur,Chitwan,"Bharatpur, Chitwan","Rs.3,000,000",6 dhur,,4.0,,,2021-02-01,3000000,3.195,938957
99aana.com,https://99aana.com/property/land-for-sale-at-birendrachok-kathmandu-7408/,"Land for sale at Birendrachok, Kathmandu",Land,Birendrachok,Kathmandu,"Birendrachok, Kathmandu",35 lakh per aana,0-4-2-0,,20.0,,,2021-02-01,15750000,4.5,3500000
99aana.com,https://99aana.com/property/land-for-sale-at-tikathali-lalitpur-7409/,"Land for sale at Tikathali, Lalitpur",Land,Tikathali,Lalitpur,"Tikathali, Lalitpur",32 lakh per aana,0-4-2-0,,20.0,,,2021-02-01,14400000,4.5,3200000
99aana.com,https://99aana.com/property/land-for-sale-at-pharping-kathmandu-7187/,"Land for sale at Pharping, Kathmandu",Land,Pharping,Kathmandu,"Pharping, Kathmandu",Rs 6 lakh 50 thousand per aana,0-4-3-0,,,,,2021-01-17,3087500,4.75,650000
99aana.com,https://99aana.com/property/land-for-sale-at-suknadigi-kanchankawal-jhapa-7402/,"Land for sale at Suknadigi, Kanchankawal, Jhapa",Land,Kanchankawal,Jhapa,"Suknadigi, Kanchankawal, Jhapa",10 lakh per kattha,16 kattha,,32.0,,,2021-02-02,16000000,170.402,93896
99aana.com,https://99aana.com/property/land-for-sale-at-dallu-kathmandu/,"Land for sale at Dallu, Kathmandu",Land,Dallu,Kathmandu,"Dallu, Kathmandu",Rs. 85 lakh per aana,0-2-2-2,,20.0,,,2021-02-01,22312500,2.625,8500000
99aana.com,https://99aana.com/property/land-for-sale-at-kalika-chitwan-7410/,"Land for sale at Kalika, Chitwan",Land,Kalika,Chitwan,"Kalika, Chitwan","Rs.5,500,000",2 kattha,,10.0,,,2021-02-02,5500000,21.3,258213
99aana.com,https://99aana.com/property/land-for-sale-at-machapokhari-kathmandu-7411/,"Land for sale at Machapokhari, Kathmandu",Land,Machapokhari,Kathmandu,"Machapokhari, Kathmandu",Rs.40 lakh per aana,0-4-0-0,,10.0,,,2021-02-02,16000000,4.0,4000000
99aana.com,https://99aana.com/property/land-for-sale-at-tokha-kathmandu-7412/,"Land for sale at Tokha, Kathmandu",Land,Tokha,Kathmandu,"Tokha, Kathmandu",Rs.26 lakh per aana,3-2-0-0,,13.0,,,2021-02-02,130000000,50.0,2600000
99aana.com,https://99aana.com/property/land-for-sale-at-kakrabari-bhaktapur-7413/,"Land for sale at Kakrabari, Bhaktapur",Land,Kakrabari,Bhaktapur,"Kakrabari, Bhaktapur",Rs 6 lakh per aana,0-11-0-0,,26.0,,,2021-02-02,6600000,11.0,600000
99aana.com,https://99aana.com/property/land-for-sale-at-hetauda-01-makwanpur-7319/,"Land for sale at Hetauda-01, Makwanpur",Land,Hetauda,Makwanpur,"Hetauda-01, Makwanpur",Rs.6 lakh 50 thousand per dhur,9.25 dhur,,6.0,,,2021-02-03,6012500,4.926,1220645
99aana.com,https://99aana.com/property/land-for-sale-at-jorpati-kathmandu-7418/,"Land for sale at Jorpati, Kathmandu",Land,Jorpati,Kathmandu,"Jorpati, Kathmandu",Rs 30 lakh per aana,0-6-0-0,,13.0,,,2021-02-03,18000000,6.0,3000000
99aana.com,https://99aana.com/property/land-for-sale-at-gwarko-lalitpur-7428/,"Land for sale at Gwarko, Lalitpur",Land,Gwarko,Lalitpur,"Gwarko, Lalitpur",Rs 36 lakh per aana,0-3-1-1,,13.0,,,2021-02-03,11925000,3.312,3600000
99aana.com,https://99aana.com/property/land-for-sale-at-sankhu-kathmandu-7429/,"Land for sale at Sankhu, Kathmandu",Land,Sankhu,Kathmandu,"Sankhu, Kathmandu",Rs 12 lakh per aana,0-4-0-0,,20.0,,,2021-02-03,4800000,4.0,1200000
99aana.com,https://99aana.com/property/land-for-sale-at-sedi-lakeside-pokhara-kaski-7430/,"Land for sale at Sedi, Lakeside Pokhara, Kaski",Land,Lakeside Pokhara,Kaski,"Sedi, Lakeside Pokhara, Kaski","Rs.15,000,000",0-4-2-0,,13.0,,,2021-02-03,15000000,4.5,3333333
99aana.com,https://99aana.com/property/land-for-sale-at-baluwakhani-kapan-kathmandu-7424/,"Land for sale at Baluwakhani, Kapan, Kathmandu",Land,Kapan,Kathmandu,"Baluwakhani, Kapan, Kathmandu",Rs.30 lakh per aana,0-5-0-0,,13.0,,,2021-02-04,15000000,5.0,3000000
99aana.com,https://99aana.com/property/land-for-sale-at-sallaghari-bhaktapur-7422/,"Land for sale at Sallaghari, Bhaktapur",Land,Sallaghari,Bhaktapur,"Sallaghari, Bhaktapur",Rs.23 lakh per aana,0-13-0-0,,10.0,,,2021-02-04,29900000,13.0,2300000
99aana.com,https://99aana.com/property/land-for-sale-at-kapan-kathmandu-7426/,"Land for sale at Kapan, Kathmandu",Land,Kapan,Kathmandu,"Kapan, Kathmandu",Rs. 26 lakh 25 thousand per aana,0-3-1-1,,13.0,,,2021-02-05,8695312,3.312,2625000
99aana.com,https://99aana.com/property/land-for-sale-at-sirutar-bhaktapur-7436/,"Land for sale at Sirutar, Bhaktapur",Land,Sirutar,Bhaktapur,"Sirutar, Bhaktapur",Rs.25 lakh per aana,0-12-0-0,,20.0,,,2021-02-05,30000000,12.0,2500000
99aana.com,https://99aana.com/property/land-for-sale-at-balkot-bhaktapur-7434/,"Land for sale at Balkot, Bhaktapur",Land,Balkot,Bhaktapur,"Balkot, Bhaktapur",Rs. 27 lakh per aana,0-3-2-0,,13.0,,,2021-02-05,9450000,3.5,2700000
99aana.com,https://99aana.com/property/land-for-sale-at-lubhu-lalitpur-7438/,"Land for sale at Lubhu, Lalitpur",Land,Lubhu,Lalitpur,"Lubhu, Lalitpur",Rs.18 lakh 50 thousand per aana,0-4-0-0,,13.0,,,2021-02-05,7400000,4.0,1850000
99aana.com,https://99aana.com/property/land-for-sale-at-hemja-kaski-7439/,"Land for sale at Hemja, Kaski",Land,Hemja,Kaski,"Hemja, Kaski","Rs.6,300,000",0-4-0-0,,8.0,,,2021-02-05,6300000,4.0,1575000
99aana.com,https://99aana.com/property/land-for-sale-at-bharatpur-13-chitwan-7440/,"Land for sale at Bharatpur-13, Chitwan",Land,Bharatpur,Chitwan,"Bharatpur-13, Chitwan",Rs.32 lakh per kattha,7 kattha,,30.0,,,2021-02-05,22400000,74.551,300466
99aana.com,https://99aana.com/property/land-for-sale-at-paiyatar-kathmandu-7451/,"Land for sale at Paiyatar, Kathmandu",Land,Paiyatar,Kathmandu,"Paiyatar, Kathmandu",Rs.21 lakh per aana,0-3-0-0,,10.0,,,2021-02-05,6300000,3.0,2100000
99aana.com,https://99aana.com/property/land-for-sale-at-gaurigaun-kapan-kathmandu-7452/,"Land for sale at Gaurigaun, Kapan, Kathmandu",Land,Kapan,Kathmandu,"Gaurigaun, Kapan, Kathmandu",Rs.23 lakh per aana,0-4-0-0,,13.0,,,2021-02-05,9200000,4.0,2300000
99aana.com,https://99aana.com/property/land-for-sale-at-adhikari-tole-balkot-bhaktapur-7444/,"Land for sale at Adhikari Tole, Balkot, Bhaktapur",Land,Balkot,Bhaktapur,"Adhikari Tole, Balkot, Bhaktapur",Rs 25 lakh per aana,0-5-2-0,,13.0,,,2021-02-07,13750000,5.5,2500000
99aana.com,https://99aana.com/property/land-for-sale-at-pasikot-budhanilkantha-kathmandu-7445/,"Land for sale at Pasikot, Budhanilkantha, Kathmandu",Land,Budhanilkantha,Kathmandu,"Pasikot, Budhanilkantha, Kathmandu",Rs.23 lakh per aana,0-4-0-0,,20.0,,,2021-02-07,9200000,4.0,2300000
99aana.com,https://99aana.com/property/land-for-sale-at-hetauda-7-makwanpur-7465/,"Land for sale at Hetauda-7, Makwanpur",Land,Hetauda,Makwanpur,"Hetauda-7, Makwanpur",Rs. 4 lakh 50 thousand per dhur,10 dhur,,6.0,,,2021-02-08,4500000,5.325,845062
99aana.com,https://99aana.com/property/land-for-sale-at-pharping-kathmandu-7475/,"Land for sale at Pharping, Kathmandu",Land,Pharping,Kathmandu,"Pharping, Kathmandu",Rs 7 lakh 50 thousand per aana,0-4-3-0,,30.0,,,2021-02-09,3562500,4.75,750000
99aana.com,https://99aana.com/property/land-for-sale-at-thankot-chandragiri-kathmandu-7476/,"Land for sale at Thankot, Chandragiri, Kathmandu",Land,Chandragiri,Kathmandu,"Thankot, Chandragiri, Kathmandu",Rs.13 lakh per aana,0-4-0-0,,13.0,,,2021-02-09,5200000,4.0,1300000
99aana.com,https://99aana.com/property/land-for-sale-at-kalanki-kathmandu-7477/,"Land for sale at Kalanki, Kathmandu",Land,Kalanki,Kathmandu,"Kalanki, Kathmandu","Rs.5,500,000",0-3-0-0,,13.0,,,2021-02-10,5500000,3.0,1833333
99aana.com,https://99aana.com/property/land-for-sale-at-kawasoti-nawalpur-7470/,"Land for sale at Kawasoti, Nawalpur",Land,Nawalpur,,"Kawasoti, Nawalpur",23 lakh per kattha,5 kattha 1 dhur,,6.0,,,2021-02-10,11615000,53.783,215960
99aana.com,https://99aana.com/property/land-for-sale-at-pharping-kathmandu-7415/,"Land for sale at Pharping, Kathmandu",Land,Pharping,Kathmandu,"Pharping, Kathmandu",Rs 4 lakh 50 thousand per aana,0-8-0-0,,,,,2021-02-03,3600000,8.0,450000
99aana.com,https://99aana.com/property/land-for-sale-at-kapan-kathmandu/,"Land for sale at Kapan, Kathmandu",Land,Kapan,Kathmandu,"Kapan, Kathmandu",Rs. 20 lakh per aana,0-3-0-0,,13.0,,,2021-02-10,6000000,3.0,2000000
99aana.com,https://99aana.com/property/land-for-sale-at-dhapakhel-lalitpur-24-7502/,"Land for sale at Dhapakhel, Lalitpur-24",Land,Dhapakhel,Lalitpur,"Dhapakhel, Lalitpur-24",Rs 17 lakh per aana,plotted land 3 aana-4 aana,,20.0,,,2021-02-12,11900000,7.0,1700000
99aana.com,https://99aana.com/property/land-for-sale-at-nayabasti-kathmandu-7501/,"Land for sale at Nayabasti, Kathmandu",Land,Nayabasti,Kathmandu,"Nayabasti, Kathmandu",Rs 22 lakh per aana,0-4-2-0,,13.0,,,2021-02-12,9900000,4.5,2200000
99aana.com,https://99aana.com/property/land-for-sale-at-maharajgunj-kathmandu-7497/,"Land for sale at Maharajgunj, Kathmandu",Land,Maharajgunj,Kathmandu,"Maharajgunj, Kathmandu",Rs. 45 lakh per aana,0-5-0-0,,13.0,,,2021-02-12,22500000,5.0,4500000
99aana.com,https://99aana.com/property/land-for-sale-at-dhakal-chowk-ratnanagar-chitwan-7513/,"Land for sale at Dhakal Chowk, Ratnanagar, Chitwan",Land,Ratnanagar,Chitwan,"Dhakal Chowk, Ratnanagar, Chitwan","Rs.2,000,000",10 dhur,,6.0,,,2021-02-14,2000000,5.325,375583
99aana.com,https://99aana.com/property/land-for-sale-at-halgada-itahari-sunsari-7522/,"Land for sale at Halgada, Itahari, Sunsari",Land,Itahari,Sunsari,"Halgada, Itahari, Sunsari",4 lakh 50 thousand per dhur,"27 dhur (10 dhur, 9 dhur, 8 dhur)",,16.0,,,2021-02-15,24300000,28.755,845062
99aana.com,https://99aana.com/property/land-for-sale-at-biratnagar-morang-7517/,"Land for sale at Biratnagar, Morang",Land,Biratnagar,Morang,"Biratnagar, Morang",Rs. 34 lakh,17.5 dhur,,20.0,,,2021-02-15,3400000,9.319,364852
99aana.com,https://99aana.com/property/land-for-sale-at-chabahil-kathmandu-7525/,"Land for Sale at Chabahil, Kathmandu",Land,Chabahil,Kathmandu,"Chabahil, Kathmandu",Rs. 35 Lakh per Aana,0-12-1-0,,13.0,,,2021-02-16,42875000,12.25,3500000
99aana.com,https://99aana.com/property/land-for-sale-at-sunakothi-lalitpur-7518/,"Land for Sale at Sunakothi, Lalitpur",Land,Sunakothi,Lalitpur,"Sunakothi, Lalitpur",Rs. 22 lakhs 50 thousand per aana,5-0-0-0,,,,,2021-02-17,180000000,80.0,2250000
99aana.com,https://99aana.com/property/land-for-sale-at-hattigauda-budhanilkantha-kathmandu-7532/,"Land for sale at Hattigauda, Budhanilkantha, Kathmandu",Land,Budhanilkantha,Kathmandu,"Hattigauda, Budhanilkantha, Kathmandu",Rs. 35 lakh per aana,0-12-2-0,,13.0,,,2021-02-17,43750000,12.5,3500000
99aana.com,https://99aana.com/property/land-for-sale-at-pukulachi-height-sankhu-kathamndu-7216/,"Land for sale at Pukulachi height, Sankhu, Kathmandu",Land,Kathamandu,,"Pukulachi height, Sankhu, Kathamndu",Rs 11 lakh 25 thousand per aana,0-3-3-0,,20.0,,,2021-01-19,4218750,3.75,1125000
99aana.com,https://99aana.com/property/land-for-sale-at-kritipur-kathmandu-7534/,"Land for Sale at Kritipur, Kathmandu",Land,Kritipur,Kathmandu,"Kritipur, Kathmandu",22 lakh per aana,5 aana & 6 aana,,,,,2021-02-17,24200000,11.0,2200000
99aana.com,https://99aana.com/property/land-for-sale-at-nikoshera-madhyapur-thimi-nagarpalika-6-bhaktapur/,"Land for sale at Nikoshera, Madhyapur Thimi Nagarpalika-6, Bhaktapur",Land,Madhyapur Thimi,Bhaktapur,"Nikoshera, Madhyapur Thimi, Bhaktapur",Rs. 27 Lakh per Aana,0-5-0-0,,20.0,,,2021-01-20,13500000,5.0,2700000
99aana.com,https://99aana.com/property/land-for-sale-at-badikhel-02-lalitpur-7552/,"Land for sale at Badikhel-02, Lalitpur",Land,Badikhel,Lalitpur,"Badikhel-02, Lalitpur","Rs. 9,50,000 per aana",1-13-0-0,,,,,2021-02-19,27550000,29.0,950000
99aana.com,https://99aana.com/property/land-for-sale-at-sankhu-kathmandu-7560/,"Land for sale at Sankhu, Kathmandu",Land,Sankhu,Kathmandu,"Sankhu, Kathmandu",Rs.8 lakh per aana,9 aana-10aana,,20.0,,,2021-02-21,15200000,19.0,800000
99aana.com,https://99aana.com/property/land-for-sale-at-ramdhuni-sunsari-7563/,"Land for sale at Ramdhuni, Sunsari",Land,Ramdhuni,Sunsari,"Ramdhuni, Sunsari",Rs 1 lakh per dhur,"20 dhur, 15 dhur, 10 dhur, 9 dhur, 8 dhur, 7 dhur",,30.0,,,2021-02-22,6900000,36.743,187791
99aana.com,https://99aana.com/property/land-for-sale-at-itahari-05-sunsari-7564/,"Land for sale at Itahari-05, Sunsari",Land,Itahari,Sunsari,"Itahari-05, Sunsari",Rs 3 lakh 20 thousand per dhur,6.5 dhur,,16.0,,,2021-02-22,2080000,3.461,600933
99aana.com,https://99aana.com/property/land-for-sale-at-kalanki-kathmandu-7565/,"Land for sale at Kalanki, Kathmandu",Land,Kalanki,Kathmandu,"Kalanki, Kathmandu",Rs. 19 lakh per aana,0-4-1-0,,13.0,,,2021-02-23,8075000,4.25,1900000
99aana.com,https://99aana.com/property/land-for-sale-at-bharatpur-11-chitwan-7566/,"Land for sale at Bharatpur-11, Chitwan",Land,Bharatpur,Chitwan,"Bharatpur-11, Chitwan",Rs.66 lakh,14.5 dhur,,6.0,,,2021-02-23,6600000,7.721,854775
99aana.com,https://99aana.com/property/land-for-sale-at-dhalmale-banepa-kavrepalanchok-7568/,"Land for sale at Dhalmale, Banepa, Kavrepalanchok",Land,Banepa,Kavrepalanchok,"Dhalmale, Banepa, Kavrepalanchok",Rs 7 lakh 50 thousand per aana,25-0-0-0,,20.0,,,2021-02-23,300000000,400.0,750000
99aana.com,https://99aana.com/property/land-for-sale-at-nala-banepa-kavrepalanchok-7569/,"Land For Sale at Nala, Banepa, Kavrepalanchok",Land,Banepa,Kavrepalanchok,"Nala, Banepa, Kavrepalanchok",Rs 6 lakh per aana,5-0-0-0,,16.0,,,2021-02-23,48000000,80.0,600000
99aana.com,https://99aana.com/property/land-for-sale-at-danchi-bhadrabas-kathmandu-7570/,"Land for sale at Danchi, Bhadrabas, Kathmandu",Land,Bhadrabas,Kathmandu,"Danchi, Bhadrabas, Kathmandu",Rs 14 lakh per aana,44-0-0-0,,20.0,,,2021-02-23,985600000,704.0,1400000
99aana.com,https://99aana.com/property/land-for-sale-at-changunarayan-bhaktapur-7577/,"Land for sale at Changunarayan, Bhaktapur",Land,Changunarayan,Bhaktapur,"Changunarayan, Bhaktapur",Rs.21 lakh per aana,0-3-2-0,,20.0,,,2021-02-24,7350000,3.5,2100000
99aana.com,https://99aana.com/property/land-for-sale-at-chapagaun-lalitpur-7579/,"Land for sale at Chapagaun, Lalitpur",Land,Chapagaun,Lalitpur,"Chapagaun, Lalitpur",Rs.10 lakh per aana,0-3-3-0,,13.0,,,2021-02-25,3750000,3.75,1000000
99aana.com,https://99aana.com/property/land-for-sale-at-godawari-lalitpur-7580/,"Land for sale at Godawari, Lalitpur",Land,Godawari,Lalitpur,"Godawari, Lalitpur",Rs. 20 lakh per aana,0-6-2-0,,17.0,,,2021-02-25,13000000,6.5,2000000
99aana.com,https://99aana.com/property/land-for-sale-at-banasthali-raniban-kathmandu-7581/,"Land for sale at Banasthali, Raniban, Kathmandu",Land,Raniban,Kathmandu,"Banasthali, Raniban, Kathmandu",Rs. 33 lakh per aana,0-3-2-0,,,,,2021-02-25,11550000,3.5,3300000
99aana.com,https://99aana.com/property/land-for-sale-at-tokha-3-kathmandu-7582/,"Land for sale at Tokha-3, Kathmandu",Land,Tokha,Kathmandu,"Tokha-3, Kathmandu",Rs. 29 Lakhs per aana,0-3-2-0,,,,,2021-02-25,10150000,3.5,2900000
99aana.com,https://99aana.com/property/land-for-sale-at-gokarna-kathmandu-7584/,"Land for sale at Gokarna, Kathmandu",Land,Gokarna,Kathmandu,"Gokarna, Kathmandu",Rs.23 lakh per aana,0-3-2-0,,20.0,,,2021-02-25,8050000,3.5,2300000
99aana.com,https://99aana.com/property/land-for-sale-at-dhobikhola-corridor-kapan-kathmandu-7588/,"Land for sale at Dhobikhola Corridor, Kapan, Kathmandu",Land,Kapan,Kathmandu,"Dhobikhola Corridor, Kapan, Kathmandu",Rs.34 lakh per aana,0-9-0-0,,20.0,,,2021-02-25,30600000,9.0,3400000
99aana.com,https://99aana.com/property/land-for-sale-at-sudal-bhaktapur-7589/,"Land for sale at Sudal, Bhaktapur",Land,Sudal,Bhaktapur,"Sudal, Bhaktapur",Rs.18 lakh 50 thousand per aana,0-4-0-0,,20.0,,,2021-02-25,7400000,4.0,1850000
99aana.com,https://99aana.com/property/land-for-sale-at-nangkhel-bhaktapur-7148/,"Land for sale at Nangkhel, Bhaktapur",Land,Nangkhel,Bhaktapur,"Nangkhel, Bhaktapur",16 lakh per aana,0-3-2-0,,,,,2021-01-12,5600000,3.5,1600000
99aana.com,https://99aana.com/property/land-for-sale-at-narayanghat-chitwan-7594/,"Land for sale at Narayanghat, Chitwan",Land,Narayanghat,Chitwan,"Narayanghat, Chitwan",Rs. 9 lakh per Katha,5 Katha,,20.0,,,2021-02-28,4500000,53.251,84506
99aana.com,https://99aana.com/property/land-for-sale-at-chapagaun-lalitpur-7601/,"Land for sale at Chapagaun, Lalitpur",Land,Chapagaun,Lalitpur,"Chapagaun, Lalitpur",Rs.10 lakh per aana,4-0-0-0,,13.0,,,2021-03-01,64000000,64.0,1000000
99aana.com,https://99aana.com/property/land-for-sale-at-thankot-chandragiri-kathmandu-7606/,"Land for sale at Thankot, Chandragiri, Kathmandu",Land,Chandragiri,Kathmandu,"Thankot, Chandragiri, Kathmandu",Rs.21 lakh per aana,0-4-0-2,,13.0,,,2021-03-01,8662500,4.125,2100000
99aana.com,https://99aana.com/property/land-for-sale-at-budauli-khairahani-05-chitwan-7607/,"Land for sale at Budauli, Khairahani-05, Chitwan",Land,Khairahani,Chitwan,"Budauli, Khairahani-05, Chitwan",Rs.20 lakh per kattha,28 kattha,,8.0,,,2021-03-01,56000000,298.203,187791
99aana.com,https://99aana.com/property/land-for-sale-at-balkot-bhaktapur-7608/,"Land for sale at Balkot, Bhaktapur",Land,Balkot,Bhaktapur,"Balkot, Bhaktapur",Rs 35 lakh 50 thousand per aana,0-3-1-0,,12.0,,,2021-03-01,11537500,3.25,3550000
99aana.com,https://99aana.com/property/land-for-sale-at-machhegaun-chandragiri-09-kathmandu-7605/,"Land for sale at Machhegaun, Chandragiri-09, Kathmandu",Land,Chandragiri,Kathmandu,"Machhegaun, Chandragiri-09, Kathmandu",Rs.17 lakh 50 thousand per aana,0-5-0-1,,17.0,,,2021-03-01,8859375,5.062,1750000
99aana.com,https://99aana.com/property/land-for-sale-at-alpot-06-kathmandu-7614/,"Land for sale at Alpot-06, Kathmandu",Land,Alpot,Kathmandu,"Alpot-06, Kathmandu",Rs 9 lakh 50 thousand per aana,19-0-0-0,,20.0,,,2021-03-02,288800000,304.0,950000
99aana.com,https://99aana.com/property/land-for-sale-at-changunarayan-04-bhaktapur-7615/,"Land for sale at Changunarayan-04, Bhaktapur",Land,Changunarayan,Bhaktapur,"Changunarayan-04, Bhaktapur",Rs 11 lakh per aana,1-8-0-0,,32.0,,,2021-03-02,26400000,24.0,1100000
99aana.com,https://99aana.com/property/land-for-sale-at-bhojad-bharatpur-11-chitwan-7621/,"Land for sale at Bhojad, Bharatpur-11, Chitwan",Land,Bharatpur,Chitwan,"Bhojad, Bharatpur-11, Chitwan","Rs.5,200,000",8 dhur,,6.0,,,2021-03-03,5200000,4.26,1220645
99aana.com,https://99aana.com/property/land-for-sale-at-lubhu-lalitpur-7624/,"Land for sale at Lubhu, Lalitpur",Land,Lubhu,Lalitpur,"Lubhu, Lalitpur",Rs 14 lakh per aana,0-13-0-0,,20.0,,,2021-03-03,18200000,13.0,1400000
99aana.com,https://99aana.com/property/land-for-sale-at-bramhakhel-kathmandu-7618/,"Land for sale at Bramhakhel, kathmandu",Land,Bramhakhel,Kathmandu,"Bramhakhel, kathmandu",Rs.10 lakh per aana,0-3-0-0,,10.0,,,2021-03-03,3000000,3.0,1000000
99aana.com,https://99aana.com/property/land-for-sale-at-manigram-rupandehi-7619/,"Land for Sale at Manigram, Rupandehi",Land,Manigram,Rupandehi,"Manigram, Rupandehi",30 lakh,10 dhur,,,,,2021-03-03,3000000,5.325,563374
99aana.com,https://99aana.com/property/land-for-sale-at-hepali-kathmandu-7620/,"Land for Sale at Hepali, Budhanilkantha, Kathmandu",Land,Budhanilkantha,Kathmandu,"Hepali, Budhanilkantha, Kathmandu",Rs. 27 lakh 50 thousand per aana,17-0-0-0,,13.0,,,2021-03-03,748000000,272.0,2750000
99aana.com,https://99aana.com/property/land-for-sale-at-dulegaunda-tanahun-7632/,"Land for sale at Dulegaunda, Tanahun",Land,Tanahun,,"Dulegaunda, Tanahun",Rs.7 lakh per ropani,5-0-0-0,,6.0,,,2021-03-04,3500000,80.0,43750
99aana.com,https://99aana.com/property/land-for-sale-at-bhotey-camp-tanahun-7633/,"Land for sale at Bhotey Camp, Tanahun",Land,Tanahun,,"Bhotey Camp, Tanahun",Rs.35 lakh per ropani,20-0-0-0,,6.0,,,2021-03-04,70000000,320.0,218750
99aana.com,https://99aana.com/property/land-for-sale-at-hetauda-07-makwanpur-7551/,"Land for sale at Hetauda-07, Makwanpur",Land,Hetauda,Makwanpur,"Hetauda-07, Makwanpur","Rs.2,500,000",8.25 dhur,,4.0,,,2021-02-19,2500000,4.393,569065
99aana.com,https://99aana.com/property/land-for-sale-at-kamane-hetauda-08-makwanpur-7639/,"Land for sale at Kamane, Hetauda-08, Makwanpur",Land,Hetauda,Makwanpur,"Kamane, Hetauda-08, Makwanpur",Rs 3 lakh 60 thousand per dhur,10 dhur,,14.0,,,2021-03-05,3600000,5.325,676049
99aana.com,https://99aana.com/property/land-for-sale-at-farline-hetauda-makwanpur-7640/,"Land for sale at Farline, Hetauda, Makwanpur",Land,Hetauda,Makwanpur,"Farline, Hetauda, Makwanpur",Rs 2 lakh 25 thousand per dhur,12.75 dhur,,6.0,,,2021-03-05,2868750,6.789,422531
99aana.com,https://99aana.com/property/land-for-sale-at-kamane-hetauda-07-makwanpur-7641/,"Land for sale at Kamane, Hetauda-07, Makwanpur",Land,Hetauda,Makwanpur,"Kamane, Hetauda-07, Makwanpur",Rs 3 lakh per dhur,9 dhur,,18.0,,,2021-03-05,2700000,4.793,563374
99aana.com,https://99aana.com/property/land-for-sale-at-mulpani-kageshwori-manohara-kathmandu-7634/,"Land for sale at Mulpani, Kageshwori Manohara, Kathmandu",Land,Kageshwori Manohara,Kathmandu,"Mulpani, Kageshwori Manohara, Kathmandu",Rs. 27 lakh 10 thousand per aana,0-7-0-0,,13.0,,,2021-03-05,18970000,7.0,2710000
99aana.com,https://99aana.com/property/land-for-sale-at-baniyatar-kathmandu-7636/,"Land for sale at Baniyatar, Kathmandu",Land,Baniyatar,Kathmandu,"Baniyatar, Kathmandu",Rs. 27-31 lakh per aana.,3.5 aana to 4 aana,,12.0,,,2021-03-05,23250000,7.5,3100000
99aana.com,https://99aana.com/property/land-for-sale-at-kalanki-kathmandu-7645/,"Land for sale at Kalanki, Kathmandu",Land,Kalanki,Kathmandu,"Kalanki, Kathmandu",Rs. 29 Lakh per aana,0-3-2-0,,13.0,,,2021-03-07,10150000,3.5,2900000
99aana.com,https://99aana.com/property/land-for-sale-at-bhangal-budhanilkantha-kathmandu-7546/,"Land for Sale at Bhangal, Budhanilkantha, Kathmandu",Land,Budhanilkantha,Kathmandu,"Bhangal, Budhanilkantha, Kathmandu",Rs. 26 lakh per aana,0-6-0-0,,13.0,,,2021-03-07,15600000,6.0,2600000
99aana.com,https://99aana.com/property/land-for-sale-at-jharuwarasi-godawari-lalitpur-7649/,"Land for Sale at Jharuwarasi, Godawari, Lalitpur",Land,Godawari,Lalitpur,"Jharuwarasi, Godawari, Lalitpur",15 lakh per aana,0-3-0-0,,20.0,,,2021-03-07,4500000,3.0,1500000
99aana.com,https://99aana.com/property/land-for-sale-at-chabahil-kathmandu-7638/,Land for Sale at Gokarneshwor Kathmandu,Land,Gokarneshwor,Kathmandu,"Gokarneshwor, Kathmandu",Rs. 21 lakh per aana,2-6-0-0,,20.0,,,2021-03-08,79800000,38.0,2100000
99aana.com,https://99aana.com/property/land-for-sale-at-chardobato-bhaktapur-7662/,"Land for sale at Chardobato, Bhaktapur",Land,Chardobato,Bhaktapur,"Chardobato, Bhaktapur",Rs.33 lakh 50 thousand per aana,0-7-1-2,,13.0,,,2021-03-09,24706250,7.375,3350000
99aana.com,https://99aana.com/property/land-for-sale-at-taukhel-chapagaun-lalitpur-7664/,"Land for sale at Taukhel, Chapagaun, Lalitpur",Land,Chapagaun,Lalitpur,"Chapagaun, Lalitpur",Rs 28 lakh per aana,0-4-0-0,,4.0,,,2021-03-09,11200000,4.0,2800000
99aana.com,https://99aana.com/property/land-for-sale-at-jharuwarasi-lalitpur-7665/,"Land for sale at Jharuwarasi, Lalitpur",Land,Jharuwarasi,Lalitpur,"Jharuwarasi, Lalitpur",Rs 21 lakh per aana,0-2-2-0,,10.0,,,2021-03-09,5250000,2.5,2100000
99aana.com,https://99aana.com/property/land-for-sale-at-thapagaun-banepa-%e2%80%8ekavrepalanchok-7669/,"Land for sale at Thapagaun, Banepa, ‎Kavrepalanchok",Land,Banepa,Kavrepalanchok,"Thapagaun, Banepa, ‎Kavrepalanchok",Rs. 12 lakh 50 thousand per aana,0-4-0-0,,,,,2021-03-10,5000000,4.0,1250000
99aana.com,https://99aana.com/property/land-for-sale-at-nanglebhare-shankharapur-01-kathmandu-7670/,"Land for sale at Nanglebhare, Shankharapur-01, Kathmandu",Land,Shankharapur,Kathmandu,"Nanglebhare, Shankharapur-01, Kathmandu",Rs. 1 lakh per aana,10-7-0-0,,,,,2021-03-10,16700000,167.0,100000
99aana.com,https://99aana.com/property/land-for-sale-at-lolang-height-tarkeshwor-kathmandu-7677/,"Land For Sale at Lolang Height, Tarkeshwor, Kathmandu",Land,Tarkeshwor,Kathmandu,"Lolang Height, Tarkeshwor, Kathmandu",Rs. 19 lakh per aana,0-3-0-0,,,,,2021-03-12,5700000,3.0,1900000
99aana.com,https://99aana.com/property/land-for-sale-at-budhanilkantha-kathmandu-7696/,"Land for sale at Budhanilkantha, Kathmandu",Land,Budhanilkantha,Kathmandu,"Budhanilkantha, Kathmandu",Rs.35 lakh per aana,0-12-3-0,,13.0,,,2021-03-16,44625000,12.75,3500000
99aana.com,https://99aana.com/property/land-for-sale-at-nagarik-chowk-dhulabari-jhapa-7697/,"Land for sale at Nagarik Chowk, Dhulabari, Jhapa",Land,Dhulabari,Jhapa,"Nagarik Chowk, Dhulabari, Jhapa",Rs 1 lakh 60 thousand per dhur,1 kattha,,20.0,,,2021-03-16,3200000,10.65,300466
99aana.com,https://99aana.com/property/land-for-sale-at-jorpati-makalbari-kathmandu-7698/,"Land for sale at Jorpati, Makalbari, Kathmandu",Land,Makalbari,Kathmandu,"Jorpati, Makalbari, Kathmandu",Rs.41 lakh per aana,0-5-2-0,,32.0,,,2021-03-16,22550000,5.5,4100000
99aana.com,https://99aana.com/property/land-for-sale-at-bharatpur-chitwan-7699/,"Land for sale at Bharatpur, Chitwan",Land,Bharatpur,Chitwan,"Bharatpur, Chitwan","Rs.5,400,000",18 dhur,,6.0,,,2021-03-16,5400000,9.585,563374
99aana.com,https://99aana.com/property/land-for-sale-at-thulobharyang-kathmandu-7693/,"Land for sale at Thulobharyang, Kathmandu",Land,Thulobharyang,Kathmandu,"Thulobharyang, Kathmandu",Rs.37 lakh per aana,0-6-0-0,,13.0,,,2021-03-16,22200000,6.0,3700000
99aana.com,https://99aana.com/property/land-for-sale-at-khumaltar-lalitpur-15-7701/,"Land for sale at Khumaltar, Lalitpur-15",Land,Khumaltar,Lalitpur,"Khumaltar, Lalitpur-15",Rs.53 lakh per aana,3 aana to 4 aana,,13.0,,,2021-03-16,37100000,7.0,5300000
99aana.com,https://99aana.com/property/land-for-sale-at-subidhanagar-kharipati-bhaktapur-7710/,"Land for sale at Subidhanagar, Kharipati, Bhaktapur",Land,Kharipati,Bhaktapur,"Subidhanagar, Kharipati, Bhaktapur",Rs. 14 Lakh per Aana,9 Aana,,13.0,,,2021-03-17,12600000,9.0,1400000
99aana.com,https://99aana.com/property/land-for-sale-at-urlabari-05-morang-7709/,"Land for sale at Urlabari-05, Morang",Land,Urlabari,Morang,"Urlabari-05, Morang",Rs.4 lakh 50 thousand per dhur,1 kattha,,20.0,,,2021-03-17,9000000,10.65,845062
99aana.com,https://99aana.com/property/land-for-sale-at-khadka-gaun-kalanki-kathmandu-7707/,"Land for sale at Khadka Gaun, Kalanki, Kathmandu",Land,Kalanki,Kathmandu,"Khadka Gaun, Kalanki, Kathmandu",Rs. 27 Lakh per Aana,4 Aana 3 paisa,,13.0,,,2021-03-17,12825000,4.75,2700000
99aana.com,https://99aana.com/property/land-for-sale-at-lainchaur-kathmandu-7721/,"Land for sale at Lainchaur, Kathmandu",Land,Lainchaur,Kathmandu,"Lainchaur, Kathmandu",Rs. 34 Lakh per aana,1-2-0-0,,26.0,,,2021-03-19,61200000,18.0,3400000
99aana.com,https://99aana.com/property/land-for-sale-at-gundu-bhaktapur-7726/,"Land for Sale at Gundu, Bhaktapur",Land,Gundu,Bhaktapur,"Gundu, Bhaktapur",Rs. 15 lakh per aana,0-8-2-2,,,,,2021-03-21,12937500,8.625,1500000
99aana.com,https://99aana.com/property/land-for-sale-at-kritipur-kathmandu-7717/,"Land for Sale at Kritipur, Kathmandu",Land,Kritipur,Kathmandu,"Kritipur, Kathmandu",Rs. 14 lakh per aana,0-6-0-0,,,,,2021-03-19,8400000,6.0,1400000
99aana.com,https://99aana.com/property/land-for-sale-at-manakamana-tole-budhanilkantha-kathmandu-7735/,"Land for sale at Manakamana Tole, Budhanilkantha Kathmandu",Land,Budhanilkantha,Kathmandu,"Manakamana Tole, Budhanilkantha, Kathmandu",Rs. 36 Lakh per aana,0-3-0-0,,,,,2021-03-23,10800000,3.0,3600000
99aana.com,https://99aana.com/property/land-for-sale-at-friends-colony-budhanilkantha-kathmandu/,"Land for sale at Friends` Colony, Budhanilkantha, Kathmandu",Land,Budhanilkantha,Kathmandu,"Friends` Colony, Budhanilkantha, Kathmandu",Rs. 34 lakh per aana,0-5-0-0,,13.0,,,2021-03-23,17000000,5.0,3400000
99aana.com,https://99aana.com/property/land-for-sale-at-chandragiri-kathmandu-7739/,"Land for sale at Chandragiri, Kathmandu",Land,Chandragiri,Kathmandu,"Chandragiri, Kathmandu","Rs.6,300,000",0-4-0-3,,10.0,,,2021-03-23,6300000,4.188,1504478
99aana.com,https://99aana.com/property/land-for-sale-at-lokaha-kawasoti-11-nawalpur-7742/,"Land for sale at Lokaha, Kawasoti-11, Nawalpur",Land,Nawalpur,,"Lokaha, Kawasoti-11, Nawalpur","Rs.13,500,000",1 kattha 10 dhur,,6.0,,,2021-03-23,13500000,15.975,845062
99aana.com,https://99aana.com/property/land-for-sale-at-ichangunarayan-kathmandu-7743/,"Land for sale at Ichangunarayan, Kathmandu",Land,Ichangunarayan,Kathmandu,"Ichangunarayan, Kathmandu",Rs. 28 lakh per aana,0-3-0-0,,,,,2021-03-24,8400000,3.0,2800000
99aana.com,https://99aana.com/property/land-for-sale-at-thaiba-lalitpur-7744/,"Land for Sale at Thaiba, Lalitpur",Land,Thaiba,Lalitpur,"Thaiba, Lalitpur",Rs. 20 lakh per aana,0-5-0-0,,,,,2021-03-24,10000000,5.0,2000000
99aana.com,https://99aana.com/property/land-for-sale-at-nayapati-gokarneshwor-kathmandu-7746/,"Land for sale at Nayapati, Gokarneshwor, Kathmandu",Land,Gokarneshwor,Kathmandu,"Nayapati, Gokarneshwor, Kathmandu",Rs. 12 lakh 50 thousand per aana,0-3-0-1,,10.0,,,2021-03-24,3828125,3.062,1250000
99aana.com,https://99aana.com/property/land-for-sale-at-sitapaila-ramkot-kathmandu-7747/,"Land for sale at Sitapaila, Ramkot, Kathmandu",Land,Ramkot,Kathmandu,"Sitapaila, Ramkot, Kathmandu",Rs.20 lakh 35 thousand per aana,0-4-0-0,,13.0,,,2021-03-24,8140000,4.0,2035000
99aana.com,https://99aana.com/property/land-for-sale-at-sipadol-bhaktapur-7750/,"Land for sale at Sipadol, Bhaktapur",Land,Sipadol,Bhaktapur,"Sipadol, Bhaktapur",Rs.23 lakh per aana,0-4-3-2,,20.0,,,2021-03-24,11212500,4.875,2300000
99aana.com,https://99aana.com/property/land-for-sale-at-hattigauda-kathmandu-7754/,"Land for Sale at Hattigauda, Kathmandu",Land,Hattigauda,Kathmandu,"Hattigauda, Kathmandu",Rs. 24 lakh per aana,0-4-0-0,,13.0,,,2021-03-25,9600000,4.0,2400000
99aana.com,https://99aana.com/property/land-for-sale-at-changunarayan-bhaktapur-7755/,"Land for Sale at Changunarayan Fat, Bhaktapur",Land,Changunarayan Fat,Bhaktapur,"Changunarayan Fat, Bhaktapur",Rs. 18 lakh,0-3-3-0,,,,,2021-03-25,1800000,3.75,480000
99aana.com,https://99aana.com/property/land-for-sale-at-jarankhu-kathmandu-7757/,"Land for sale at Jarankhu, Kathmandu",Land,Jarankhu,Kathmandu,"Jarankhu, Kathmandu",Rs.25 lakh per aana,0-3-0-0,,13.0,,,2021-03-25,7500000,3.0,2500000
99aana.com,https://99aana.com/property/land-for-sale-at-lamichhane-tole-mathillo-bhangal-budhanilkantha-kathmandu-7758/,"Land for sale at Lamichhane Tole, Mathillo Bhangal, Budhanilkantha, Kathmandu",Land,Budhanilkantha,Kathmandu,"Lamichhane Tole, Mathillo Bhangal, Budhanilkantha, Kathmandu",Rs.29 lakh per aana,0-5-0-0,,16.0,,,2021-03-25,14500000,5.0,2900000
99aana.com,https://99aana.com/property/land-for-sale-at-singhabahini-chowk-itahari-sunsari-7760/,"Land for sale at Singhabahini Chowk, Itahari, Sunsari",Land,Itahari,Sunsari,"Singhabahini Chowk, Itahari, Sunsari",Rs. 1 Lakh 75 Thousand per Dhur,7.75 Dhur,,20.0,,,2021-03-25,1356250,4.127,328635
99aana.com,https://99aana.com/property/land-for-sale-at-jhaukhel-bhaktapur-7756/,"Land for sale at Jhaukhel, Bhaktapur",Land,Jhaukhel,Bhaktapur,"Jhaukhel, Bhaktapur",19 lakh per aana,0-4-0-0,,20.0,,,2021-03-25,7600000,4.0,1900000
99aana.com,https://99aana.com/property/land-for-sale-at-syuchatar-kalanki-kathmandu-7767/,"Land for sale at Syuchatar, Kalanki, Kathmandu",Land,Kalanki,Kathmandu,"Syuchatar, Kalanki, Kathmandu",Rs. 28 Lakh per aana,0-5-2-0,,13.0,,,2021-03-26,15400000,5.5,2800000
99aana.com,https://99aana.com/property/land-for-sale-at-shanti-chowk-itahari-sunsari-7775/,"Land for sale at Shanti Chowk, Itahari, Sunsari",Land,Itahari,Sunsari,"Shantichowk, Itahari, Sunsari",3 lakh 50 thousand per dhur,12.75 dhur,,20.0,,,2021-03-29,4462500,6.789,657270
99aana.com,https://99aana.com/property/land-for-sale-at-tinthana-kathmandu-7774/,"Land for sale at Tinthana, Kathmandu",Land,Tinthana,Kathmandu,"Tinthana, Kathmandu",Rs. 22 Lakh per aana,0-3-0-0,,13.0,,,2021-03-29,6600000,3.0,2200000
99aana.com,https://99aana.com/property/land-for-sale-at-tokha-kathmandu-7780/,"Land for sale at Tokha, Kathmandu",Land,Tokha,Kathmandu,"Tokha, Kathmandu",Rs.28 lakh per aana,0-5-0-0,,13.0,,,2021-03-30,14000000,5.0,2800000
99aana.com,https://99aana.com/property/land-for-sale-at-sitapaila-kathmandu-7776/,"Land for sale at Sitapaila, Kathmandu",Land,Sitapaila,Kathmandu,"Sitapaila, Kathmandu",Rs. 31 lakh per aana,0-3-0-0,,,,,2021-03-30,9300000,3.0,3100000
99aana.com,https://99aana.com/property/land-for-sale-at-godawari-lalitpur-7785/,"Land for Sale at Godawari-9, Lalitpur",Land,Godawari,Lalitpur,"Godawari-9, Lalitpur",Rs. 6 lakh per aana,1-4-0-0,,,,,2021-03-31,12000000,20.0,600000
99aana.com,https://99aana.com/property/land-for-sale-at-mathillo-bhangal-budhanilkantha-kathmandu-7791/,"Land for sale at Mathillo Bhangal, Budhanilkantha, Kathmandu",Land,Budhanilkantha,Kathmandu,"Mathillo Bhangal, Budhanilkantha, Kathmandu",Rs.27 lakh per aana,0-3-0-0,,13.0,,,2021-03-31,8100000,3.0,2700000
99aana.com,https://99aana.com/property/land-for-sale-at-bhatkepati-kirtipur-kathmandu-7719/,"Land for sale at Bhatkepati, Kirtipur, Kathmandu",Land,Kirtipur,Kathmandu,"Bhatkepati, Kirtipur, Kathmandu",Rs. 18 lakh per aana,4 aana,,22.0,,,2021-04-01,7200000,4.0,1800000
99aana.com,https://99aana.com/property/land-for-sale-at-mathillo-bhangal-budhanilkantha-kathmandu-7796/,"Land for sale at Mathillo Bhangal, Budhanilkantha, Kathmandu",Land,Budhanilkantha,Kathmandu,"Mathillo Bhangal, Budhanilkantha, Kathmandu",Rs.38 lakh per aana,0-5-1-0,,26.0,,,2021-04-01,19950000,5.25,3800000
99aana.com,https://99aana.com/property/land-for-sale-at-sipadol-bhaktapur-7797/,"Land for sale at Sipadol, Bhaktapur",Land,Sipadol,Bhaktapur,"Sipadol, Bhaktapur",Rs.14 lakh per aana,3 aana-4 aana,,16.0,,,2021-04-01,9800000,7.0,1400000
99aana.com,https://99aana.com/property/land-for-sale-at-lubhu-lalitpur-7800/,"Land for sale at Lubhu, Lalitpur",Land,Lubhu,Lalitpur,"Lubhu, Lalitpur",Rs. 16 lakh per aana,0-6-0-3,,13.0,,,2021-04-02,9900000,6.188,1600000
99aana.com,https://99aana.com/property/land-for-sale-at-sudal-bhaktapur-7812/,"Land for sale at Sudal, Bhaktapur",Land,Sudal,Bhaktapur,"Sudal, Bhaktapur","Rs.3,500,000",0-3-0-0,,20.0,,,2021-04-04,3500000,3.0,1166667
99aana.com,https://99aana.com/property/land-for-sale-at-budhanilkantha-kathmandu-7813/,"Land for sale at Budhanilkantha, Kathmandu",Land,Budhanilkantha,Kathmandu,"Budhanilkantha, Kathmandu",Rs.40 lakh per aana,0-4-2-0,,13.0,,,2021-04-04,18000000,4.5,4000000
99aana.com,https://99aana.com/property/land-for-sale-at-naubise-dhading-7820/,"Land for sale at Naubise, Dhading",Land,Dhading,,"Naubise, Dhading",Rs.4 lakh 50 thousand per ropani,11-14-0-0,,20.0,,,2021-04-05,5343750,190.0,28125
99aana.com,https://99aana.com/property/land-for-sale-at-darjeeling-height-bhaktapur-7821/,"Land for sale at Darjeeling Height, Bhaktapur",Land,Darjeeling Height,Bhaktapur,"Darjeeling Height, Bhaktapur",Rs. 35 lakh per aana,0-3-0-1,,13.0,,,2021-04-05,10718750,3.062,3500000
99aana.com,https://99aana.com/property/land-for-sale-at-ichangunarayan-kathmandu-7816/,"Land for sale at Ichangunarayan, Kathmandu",Land,Ichangunarayan Kathmandu,,Ichangunarayan Kathmandu,Rs. 84 lakh,0-3-0-0,,13.0,,,2021-04-05,8400000,3.0,2800000
99aana.com,https://99aana.com/property/land-for-sale-at-chitwan/,Land for sale at Chitwan,Land,,Chitwan,Chitwan,Rs. 26 lakh per katha,28 katha,,,,,2021-04-05,72800000,298.203,244129
99aana.com,https://99aana.com/property/land-for-sale-at-jarankhu-kathmandu-7823/,"Land For Sale at Jarankhu, Kathmandu",Land,Jarankhu,Kathmandu,"Jarankhu, Kathmandu",Rs. 16 lakh per aana,4 aana,,,,,2021-04-06,6400000,4.0,1600000
99aana.com,https://99aana.com/property/land-for-sale-at-changunarayan-bhaktapur-7828/,"Land for sale at Changunarayan, Bhaktapur",Land,Changunarayan,Bhaktapur,"Changunarayan, Bhaktapur",Rs.10 lakh per aana,0-8-0-0,,13.0,,,2021-04-06,8000000,8.0,1000000
99aana.com,https://99aana.com/property/land-for-sale-at-nayabasti-harisiddhi-lalitpur-7831/,"Land for sale at Nayabasti, Harisiddhi, Lalitpur",Land,Harisiddhi,Lalitpur,"Nayabasti, Harisiddhi, Lalitpur",Rs 18 lakh per aana,0-9-2-0,,20.0,,,2021-04-06,17100000,9.5,1800000
99aana.com,https://99aana.com/property/land-for-sale-at-budhanilkantha-kathmandu-7832/,"Land for sale at Budhanilkantha, Kathmandu",Land,Budhanilkantha,Kathmandu,"Budhanilkantha, Kathmandu",Rs.38 lakh per aana,0-6-0-0,,16.0,,,2021-04-06,22800000,6.0,3800000
99aana.com,https://99aana.com/property/land-for-sale-at-sundarijal-kathmandu-7825/,"Land for sale at Sundarijal, Kathmandu",Land,Sundarijal,Kathmandu,"Sundarijal, Kathmandu",Rs. 8 lakhs 50 thousand/aana,0-12-0-0,,,,,2021-04-06,10200000,12.0,850000
99aana.com,https://99aana.com/property/land-for-sale-at-gundu-bhaktapur-7824/,"Land for Sale at Gundu, Bhaktapur",Land,Gundu,Bhaktapur,"Gundu, Bhaktapur",Rs. 7 lakh per aana,12-0-0-0,,,,,2021-04-06,134400000,192.0,700000
99aana.com,https://99aana.com/property/land-for-sale-at-sainamaina-11-rupandehi-7838/,"Land for sale at Sainamaina-11, Rupandehi",Land,Sainamaina,Rupandehi,"Sainamaina-11, Rupandehi",Rs. 18 lakh per kattha,8 kattha 7 dhur,,32.0,,,2021-04-07,15030000,88.928,169012
99aana.com,https://99aana.com/property/land-for-sale-at-janagal-banepa-kavrepalanchok-7839/,"Land for sale at Janagal, Banepa, Kavrepalanchok",Land,Banepa,Kavrepalanchok,"Janagal, Banepa, Kavrepalanchok",Rs 4 lakh per aana,1-0-0-0,,20.0,,,2021-04-07,6400000,16.0,400000
99aana.com,https://99aana.com/property/land-for-sale-at-tathali-bhaktapur-7844/,"Land for sale at Tathali, Bhaktapur",Land,Tathali,Bhaktapur,"Tathali, Bhaktapur",Rs. 15 Lakh per aana,0-3-2-0,,,,,2021-04-08,5250000,3.5,1500000
99aana.com,https://99aana.com/property/land-for-sale-at-sankhu-kathmandu-7845/,"Land for sale at Sankhu, Kathmandu",Land,Sankhu,Kathmandu,"Sankhu, Kathmandu",Rs. 10 lakh 50 thousand per aana,0-4-3-0,,,,,2021-04-08,4987500,4.75,1050000
99aana.com,https://99aana.com/property/land-for-sale-at-hansposa-itahari-01-sunsari-7850/,"Land for sale at Hansposa, Itahari-01, Sunsari",Land,Itahari,Sunsari,"Hansposa, Itahari-01, Sunsari",Rs.2 lakh per dhur,9 dhur,,20.0,,,2021-04-08,1800000,4.793,375583
99aana.com,https://99aana.com/property/land-for-sale-at-gokarna-kathmandu-7853/,"Land for sale at Gokarna, Kathmandu",Land,Gokarna,Kathmandu,"Gokarna, Kathmandu",Rs. 17 lakh per aana,0-4-3-0,,,,,2021-04-09,8075000,4.75,1700000
99aana.com,https://99aana.com/property/land-for-sale-at-karki-gaun-mulpani-kathmandu-7857/,"Land for sale at Karki Gaun, Mulpani, Kathmandu",Land,Mulpani,Kathmandu,"Karki Gaun, Mulpani, Kathmandu",Rs 35 lakh per aana,0-4-2-0,,20.0,,,2021-04-09,15750000,4.5,3500000
99aana.com,https://99aana.com/property/land-for-sale-at-panauti-kavrepalanchok-7843/,"Land for sale at Kushadevi, Panauti-02, Kavrepalanchok",Land,Panauti,Kavrepalanchok,"Kushadevi, panauti-02, Kavrepalanchok",Rs 3 lakh per aana,3 ropani 14 aana,,,,,2021-04-08,18600000,62.0,300000
99aana.com,https://99aana.com/property/land-for-sale-at-gokarna-kathmandu-7861/,"Land for sale at Gokarna, kathmandu",Land,Gokarna,Kathmandu,"Gokarna, kathmandu",Rs. 21 lakh 50 thousand per aana,0-4-0-0,,,,,2021-04-11,8600000,4.0,2150000
99aana.com,https://99aana.com/property/land-for-sale-at-badikhel-godawari-lalitpur-7869/,"Land for sale at Badikhel, Godawari, Lalitpur",Land,Godawari,Lalitpur,"Badikhel, Godawari, Lalitpur",Rs. 11 lakh per aana,3 aana-4 aana,,15.0,,,2021-04-12,7700000,7.0,1100000
99aana.com,https://99aana.com/property/land-for-sale-at-sanga-banepa-kavrepalanchok-7870/,"Land for sale at Sanga, Banepa, Kavrepalanchok",Land,Banepa,Kavrepalanchok,"Sanga, Banepa, Kavrepalanchok","Rs.4,500,000",0-5-0-0,,13.0,,,2021-04-12,4500000,5.0,900000
99aana.com,https://99aana.com/property/land-for-sale-at-kamane-hetauda-7868/,"Land for sale at Kamane, Hetauda, Makwanpur",Land,Hetauda,Makwanpur,"Kamane, Hetauda, Makwanpur",Rs. 4 lakh 75 thousand dhur,20 dhur,,,,,2021-04-12,475000,10.65,44600
99aana.com,https://99aana.com/property/land-for-sale-at-kalanki-kathmandu-7873/,"Land for sale at Kalanki, Kathmandu",Land,Kalanki,Kathmandu,"Kalanki, Kathmandu","Rs.3,200,000",0-3-0-0,,12.0,,,2021-04-13,3200000,3.0,1066667
99aana.com,https://99aana.com/property/land-for-sale-at-kalanki-kathmandu-7877/,"Land for sale at Kalanki, Kathmandu",Land,Kalanki,Kathmandu,"Kalanki, Kathmandu",Rs 23 lakh per aana,0-3-1-0,,13.0,,,2021-04-13,7475000,3.25,2300000
99aana.com,https://99aana.com/property/land-for-sale-at-dibyashwori-bhaktapur-7881/,"Land for sale at Dibyashwori, Bhaktapur",Land,Dibyashwori,Bhaktapur,"Dibyashwori, Bhaktapur",Rs.47 lakh per aana,0-3-2-0,,,,,2021-04-15,16450000,3.5,4700000
99aana.com,https://99aana.com/property/land-for-sale-at-shanti-stupa-marg-machhegaun-kathmandu-7885/,"Land for sale at Shanti Stupa Marg, Machhegaun, Kathmandu",Land,Machhegaun,Kathmandu,"Shanti Stupa Marg, Machhegaun, Kathmandu",Rs.12 lakh 50 thousand per aana,0-6-0-0,,20.0,,,2021-04-15,7500000,6.0,1250000
99aana.com,https://99aana.com/property/land-for-sale-at-nangkhel-bhaktapur-7886/,"Land for sale at Nangkhel, Bhaktapur",Land,Nangkhel,Bhaktapur,"Nangkhel, Bhaktapur","Rs.5,000,000",0-3-2-1,,20.0,,,2021-04-15,5000000,3.562,1403509
99aana.com,https://99aana.com/property/land-for-sale-at-bhairahawa-parasi-road-rupandehi-7887/,"Land for sale at Bhairahawa-Parasi Road, Rupandehi",Land,Bhairahawa-Parasi,Rupandehi,"Bhairahawa-Parasi Road, Rupandehi",Rs.2 lakh 50 thousand per dhur,10 kattha,,32.0,,,2021-04-15,50000000,106.501,469479
99aana.com,https://99aana.com/property/land-for-sale-at-kharipati-bhaktapur-7883/,"Land for sale at Kharipati, Bhaktapur",Land,Kharipati,Bhaktapur,"Kharipati, Bhaktapur",Rs. 3 lakh 75 thousand per aana,1-6-0-0,,10.0,,,2021-04-15,8250000,22.0,375000
99aana.com,https://99aana.com/property/land-for-sale-at-party-chowk-kalanki-kathmandu-7893/,"Land for sale at Party Chowk, Kalanki, Kathmandu",Land,Kalanki,Kathmandu,"Party Chowk, Kalanki, Kathmandu",Rs. 36 Lakh per aana,0-6-0-0,,13.0,,,2021-04-16,21600000,6.0,3600000
99aana.com,https://99aana.com/property/land-for-sale-at-pokhara-kaski-7891/,"Land for sale at Pokhara, Kaski",Land,Pokhara,Kaski,"Pokhara, Kaski",Rs. 40 lakh,0-4-0-0,,,,,2021-04-16,4000000,4.0,1000000
99aana.com,https://99aana.com/property/land-for-sale-at-lubhu-lalitpur-7899/,"Land for sale at Lubhu, Lalitpur",Land,Lubhu,Lalitpur,"Lubhu, Lalitpur",Rs. 22 lakh 50 thousand per aana,0-4-0-0,,,,,2021-04-18,9000000,4.0,2250000
99aana.com,https://99aana.com/property/land-for-sale-at-sitapaila-kathmandu-7905/,"Land for sale at Sitapaila, Kathmandu",Land,Sitapaila,Kathmandu,"Sitapaila, Kathmandu",Rs.34 lakh per aana,0-5-1-0,,13.0,,,2021-04-18,17850000,5.25,3400000
99aana.com,https://99aana.com/property/land-for-sale-at-neupane-gaun-chapagaun-lalitpur-7900/,"Land for Sale at Neupane Gaun, Chapagaun, Lalitpur",Land,Chapagaun,Lalitpur,"Neupane Gaun, Chapagaun, Lalitpur",Rs. 14 lakh 50 thousand per aana,0-4-0-0,,,,,2021-04-18,5800000,4.0,1450000
99aana.com,https://99aana.com/property/land-for-sale-at-kalanki-kathmandu-7912/,"Land for sale at Kalanki, Kathmandu",Land,Kalanki,Kathmandu,"Kalanki, Kathmandu",Rs. 33 Lakh per aana,0-6-0-0,,13.0,,,2021-04-19,19800000,6.0,3300000
99aana.com,https://99aana.com/property/land-for-sale-at-mulpani-kathmandu-7907/,"Land for sale at Mulpani, Kathmandu",Land,Mulpani,Kathmandu,"Mulpani, Kathmandu",Rs. 22 lakh per aana,0-4-0-0,,,,,2021-04-19,8800000,4.0,2200000
99aana.com,https://99aana.com/property/land-for-sale-at-dhumbarahi-kathmandu-7915/,"Land for sale at Dhumbarahi, Kathmandu",Land,Dhumbarahi,Kathmandu,"Dhumbarahi, Kathmandu",Rs. 73 lakh per aana,0-7-2-0,,10.0,,,2021-04-21,54750000,7.5,7300000
99aana.com,https://99aana.com/property/land-for-sale-at-bhatkepati-bhaktapur-7933/,"Land for Sale at Bhatkepati, Bhaktapur",Land,Bhatkepati,Bhaktapur,"Bhatkepati, Bhaktapur",Rs. 19 lakh 50 thousand per aana,0-4-0-0,,,,,2021-04-22,7800000,4.0,1950000
99aana.com,https://99aana.com/property/land-for-sale-at-meghauli-bharatpur-26-chitwan-7935/,"Land for sale at Meghauli, Bharatpur-26, Chitwan",Land,Bharatpur,Chitwan,"Meghauli, Bharatpur-26, Chitwan",Rs 18 lakh 50 thousand per kattha,3 bigha,,6.0,,,2021-04-22,111000000,639.007,173707
99aana.com,https://99aana.com/property/land-for-sale-at-baghmara-ratnanagar-09-chitwan-7941/,"Land for sale at Baghmara, Ratnanagar-09, Chitwan",Land,Ratnanagar,Chitwan,"Baghmara, Ratnanagar-09, Chitwan",Rs.30 lakh per kattha,5 kattha 3 dhur,,6.0,,,2021-04-23,15450000,54.848,281687
99aana.com,https://99aana.com/property/land-for-sale-at-banepa-kavrepalanchok-7939/,"Land for sale at Banepa, Kavrepalanchok",Land,Banepa,Kavrepalanchok,"Banepa, Kavrepalanchok",Rs. 4 lakh per aana,5-0-0-0,,,,,2021-04-23,32000000,80.0,400000
99aana.com,https://99aana.com/property/land-for-sale-at-chhaling-bhaktapur-7940/,"Land For Sale at Chhaling, Bhaktapur",Land,Chhaling,Bhaktapur,"Chhaling, Bhaktapur",Rs. 11 lakh per aana,1-7-0-0,,,,,2021-04-23,25300000,23.0,1100000
99aana.com,https://99aana.com/property/land-for-sale-at-chapagaun-lalitpur-7946/,"Land for Sale at Chapagaun, Lalitpur",Land,Chapagaun,Lalitpur,"Chapagaun, Lalitpur",Rs. 35 lakh,0-3-0-0,,,,,2021-04-25,3500000,3.0,1166667
99aana.com,https://99aana.com/property/land-for-sale-at-budhanilkantha-kathmandu-7948/,"Land for sale at Budhanilkantha, Kathmandu",Land,Budhanilkantha,Kathmandu,"Budhanilkantha, Kathmandu",Rs.33 lakh per aana,0-3-0-0,,13.0,,,2021-04-25,9900000,3.0,3300000
99aana.com,https://99aana.com/property/land-for-sale-at-kalanki-kathmandu-7949/,"Land for sale at Kalanki, Kathmandu",Land,Kalanki,Kathmandu,"Kalanki, Kathmandu",Rs. 46 Lakh per aana,0-4-0-0,,16.0,,,2021-04-25,18400000,4.0,4600000
99aana.com,https://99aana.com/property/land-for-sale-at-balkot-bhaktapur-7951/,"Land for sale at Balkot, Bhaktapur",Land,Balkot,Bhaktapur,"Balkot, Bhaktapur",Rs.25 lakh 50 thousand per aana,0-3-2-0,,13.0,,,2021-04-25,8925000,3.5,2550000
99aana.com,https://99aana.com/property/land-for-sale-at-itahara-morang-7817/,"Land for Sale at Itahara, Morang",Land,Itahara,Morang,"Itahara, Morang",Rs. 17 lakh per bigha,7 bigha,,,,,2021-04-05,11900000,1491.015,7981
99aana.com,https://99aana.com/property/land-for-sale-at-dhumbarahi-kathmandu-7953/,"Land for sale at Dhumbarahi, Kathmandu",Land,Dhumbarahi,Kathmandu,"Dhumbarahi, Kathmandu",Rs. 70 lakh per aana,1-0-0-0,,,,,2021-04-26,112000000,16.0,7000000
99aana.com,https://99aana.com/property/land-for-sale-at-lele-lalitpur-7954/,"Land for sale at Lele, Lalitpur",Land,Lele,Lalitpur,"Lele, Lalitpur",Rs. 6 lakh 25 thousand per aana,1-8-0-0,,20.0,,,2021-04-26,15000000,24.0,625000
99aana.com,https://99aana.com/property/land-for-sale-at-bhadrapur-jhapa-7955/,"Land for Sale at Bhadrapur, Jhapa",Land,Bhadrapur,Jhapa,"Bhadrapur, Jhapa","Rs.19,000,000",5 bigha,,20.0,,,2021-04-26,19000000,1065.011,17840
99aana.com,https://99aana.com/property/land-for-sale-at-hattigauda-kathmandu-7957/,"Land for Sale at Hattigauda, Kathmandu",Land,Hattigauda,Kathmandu,"Hattigauda, Kathmandu",Rs 27 lakh per aana,0-8-0-0,,16.0,,,2021-04-26,21600000,8.0,2700000
99aana.com,https://99aana.com/property/land-for-sale-at-itahara-morang-7964/,"Land for Sale at Itahara, Morang",Land,Itahara,Morang,"Itahara, Morang",Rs. 17 lakh per bigha,7 bigha,,20.0,,,2021-04-27,11900000,1491.015,7981
99aana.com,https://99aana.com/property/land-for-sale-at-machapokhari-kathmandu-7965/,"Land for sale at Machapokhari, Kathmandu",Land,Machapokhari,Kathmandu,"Machapokhari, Kathmandu","Rs.6,500,000",0-3-3-1.36,,4.0,,,2021-04-27,6500000,3.835,1694915
99aana.com,https://99aana.com/property/land-for-sale-at-myanglung-terhathum-7971/,"Land for sale at Myanglung, Terhathum",Land,[Phone],,[phone],"Rs.1,000,000",67-0-0-0,,20.0,,,2021-04-28,1000000,1072.0,933
99aana.com,https://99aana.com/property/land-for-sale-at-bansbari-kathmandu-7970/,"Land for sale at Bansbari, Kathmandu",Land,Bansbari,Kathmandu,"Bansbari, Kathmandu",Rs. 65 lakh per aana,0-6-2-0,,13.0,,,2021-04-28,42250000,6.5,6500000
99aana.com,https://99aana.com/property/land-for-sale-at-kushadevi-kavrepalanchok-7972/,"Land for sale at Kushadevi, Kavrepalanchok",Land,Kushadevi,Kavrepalanchok,"Kushadevi, Kavrepalanchok","Rs.14,500,000",3-9-0-0,,20.0,,,2021-04-28,14500000,57.0,254386
99aana.com,https://99aana.com/property/land-for-sale-at-sankhu-kathmandu-7978/,"Land for sale at Sankhu, Kathmandu",Land,Sankhu,Kathmandu,"Sankhu, Kathmandu",Rs 37 lakh per aana,0-3-0-2,,18.0,,,2021-04-29,11562500,3.125,3700000
99aana.com,https://99aana.com/property/land-for-sale-at-narayantar-jorpati-kathmandu-7980/,"Land for sale at Narayantar, Jorpati, Kathmandu",Land,Jorpati,Kathmandu,"Narayantar, Jorpati, Kathmandu",Rs 35 lakh per aana,0-4-2-0,,10.0,,,2021-04-29,15750000,4.5,3500000
99aana.com,https://99aana.com/property/land-for-sale-at-itahara-morang-7982/,"Land for Sale at Itahara, Morang",Land,Itahara,Morang,"Itahara, Morang",17 lakh per bigha,7 bigha,,20.0,,,2021-04-30,11900000,1491.015,7981
99aana.com,https://99aana.com/property/land-for-sale-at-budhanilkantha-kathmandu-7994/,"Land for sale at Budhanilkantha, Kathmandu",Land,Budhanilkantha,Kathmandu,"Budhanilkantha, Kathmandu",Rs 45 lakh per aana,0-5-0-0,,13.0,,,2021-05-02,22500000,5.0,4500000
99aana.com,https://99aana.com/property/land-for-sale-at-itahara-morang-7874/,"Land for Sale at Itahara, Morang",Land,Itahara,Morang,"Itahara, Morang",Rs. 2 lakh 50 thousand per katha,17 katha,,,,,2021-04-13,4250000,181.052,23474
99aana.com,https://99aana.com/property/land-for-sale-at-amardaha-morang-8002/,"Land for sale at Amardaha, Morang",Land,Amardaha,Morang,"Amardaha, Morang",Rs.3 lakh 25 thousand per kattha,30 kattha,,25.0,,,2021-05-03,9750000,319.503,30516
99aana.com,https://99aana.com/property/land-for-sale-at-bhaunne-belbari-morang-8010/,"Land for sale at Bhaunne, Belbari, Morang",Land,Belbari,Morang,"Bhaunne, Belbari, Morang","Rs.2,600,000",21 dhur,,20.0,,,2021-05-04,2600000,11.183,232504
99aana.com,https://99aana.com/property/land-for-sale-at-sitapaila-kathmandu-8013/,"Land for sale at Sitapaila, Kathmandu",Land,Sitapaila,Kathmandu,"Sitapaila, Kathmandu",Rs 36 lakh 50 thousand per aana,0-3-0-0,,13.0,,,2021-05-04,10950000,3.0,3650000
99aana.com,https://99aana.com/property/land-for-sale-at-sitapaila-kathmandu-8009/,"Land for sale at Sitapaila, Kathmandu",Land,Sitapaila,Kathmandu,"Sitapaila, Kathmandu",Rs. 9 lakh per aana,0-11-0-0,,13.0,,,2021-05-04,9900000,11.0,900000
99aana.com,https://99aana.com/property/land-for-sale-at-bharatpur-chitwan-8006/,"Land for sale at Bharatpur, Chitwan",Land,Bharatpur,Chitwan,"Bharatpur, Chitwan",Rs. 17 lakh per dhur,10 dhur,,6.0,,,2021-05-04,17000000,5.325,3192455
99aana.com,https://99aana.com/property/land-for-sale-at-sombare-ratuwamai-morang-8020/,"Land for sale at Sombare, Ratuwamai, Morang",Land,Ratuwamai,Morang,"Sombare, Ratuwamai, Morang",Rs 3 lakh 55 thousand per kattha,3 bigha,,20.0,,,2021-05-05,21300000,639.007,33333
99aana.com,https://99aana.com/property/land-for-sale-at-budhanilkantha-kathmandu-8029/,"Land for sale at Budhanilkantha, Kathmandu",Land,Budhanilkantha,Kathmandu,"Budhanilkantha, Kathmandu",Rs 34 lakh per aana,0-5-0-0,,13.0,,,2021-05-06,17000000,5.0,3400000
99aana.com,https://99aana.com/property/land-for-sale-at-dhakdhai-rupandehi/,"Land for sale at Dhakdhai, Rupandehi",Land,Dhakdhai,Rupandehi,"Dhakdhai, Rupandehi",Rs. 2 lakh 75 thousand per dhur,3 kattha,,32.0,,,2021-05-07,16500000,31.95,516427
99aana.com,https://99aana.com/property/land-for-sale-at-lalitpur-8030/,Land for sale at Lalitpur,Land,,Lalitpur,Lalitpur,Rs. 3 lakh per Ropani,25-0-0-0,,,,,2021-05-07,7500000,400.0,18750
99aana.com,https://99aana.com/property/land-for-sale-at-nagarjun-kathmandu-8039/,"Land for sale at Nagarjun, Kathmandu",Land,Nagarjun,Kathmandu,"Nagarjun, Kathmandu",Rs. 17 Lakh per aana,0-3-0-0,,8.0,,,2021-05-09,5100000,3.0,1700000
99aana.com,https://99aana.com/property/land-for-sale-at-chandragiri-kathmandu-8042/,"Land for sale at Chandragiri, Kathmandu",Land,Chandragiri,Kathmandu,"Chandragiri, Kathmandu","Rs.7,800,000",0-3-2-0,,10.0,,,2021-05-09,7800000,3.5,2228571
99aana.com,https://99aana.com/property/land-for-sale-at-semara-rupandehi-8045/,"Land for sale at Semara, Rupandehi",Land,Semara,Rupandehi,"Semara, Rupandehi",Rs 14 lakh 50 thousand per kattha,7 bigha,,32.0,,,2021-05-09,203000000,1491.015,136149
99aana.com,https://99aana.com/property/land-for-sale-at-dhungepatan-pokhara-30-kaski-8050/,"Land for sale at Dhungepatan, Pokhara-30, Kaski",Land,Pokhara,Kaski,"Dhungepatan, Pokhara-30, Kaski","Rs.6,500,000",0-7-0-0,,15.0,,,2021-05-10,6500000,7.0,928571
99aana.com,https://99aana.com/property/land-for-sale-at-balkot-bhaktapur-8052/,"Land for sale at Balkot, Bhaktapur",Land,Balkot,Bhaktapur,"Balkot, Bhaktapur",Rs 28 lakh per aana,0-4-0-0,,13.0,,,2021-05-10,11200000,4.0,2800000
99aana.com,https://99aana.com/property/land-for-sale-at-bhimsengola-baneshwor-kathmandu-8049/,"Land for sale at Bhimsengola, Baneshwor, Kathmandu",Land,Baneshwor,Kathmandu,"Bhimsengola, Baneshwor, Kathmandu",Rs. 60 Lakh per aana,0-8-0-0,,,,,2021-05-11,48000000,8.0,6000000
99aana.com,https://99aana.com/property/land-for-sale-at-hetauda-makwanpur-8069/,"Land for sale at Hetauda, Makwanpur",Land,Hetauda,Makwanpur,"Hetauda, Makwanpur",Rs. 1 lakh 50 per dhur,27 dhur,,20.0,,,2021-05-13,2700000,14.378,187791
99aana.com,https://99aana.com/property/land-for-sale-at-sipadol-bhaktapur-8070/,"Land for sale at Sipadol, Bhaktapur",Land,Sipadol,Bhaktapur,"Sipadol, Bhaktapur","Rs.2,000,000",0-6-0-0,,20.0,,,2021-05-13,2000000,6.0,333333
99aana.com,https://99aana.com/property/land-for-sale-at-itahari-sunsari-8073/,"Land for sale at Itahari, Sunsari",Land,Itahari,Sunsari,"Itahari, Sunsari","Rs.5,500,000",9.5 dhur,,20.0,,,2021-05-13,5500000,5.059,1087214
99aana.com,https://99aana.com/property/land-for-sale-at-tilottama-11-rupandehi-8075/,"Land for sale at Tilottama-11, Rupandehi",Land,Tilottama,Rupandehi,"Tilottama-11, Rupandehi",Rs. 24 lakh 50 thousand per katha,24 katha 12 dhur,,32.0,,,2021-05-14,60270000,261.993,230045
99aana.com,https://99aana.com/property/land-for-sale-at-dhapasi-kathmandu-8095/,"Land for sale at Dhapasi, Kathmandu",Land,Dhapasi,Kathmandu,"Dhapasi, Kathmandu",Rs 45 lakh per aana,0-7-0-0,,16.0,,,2021-05-17,31500000,7.0,4500000
99aana.com,https://99aana.com/property/land-for-sale-at-lokanthali-bhaktapur-8091/,"Land for sale at Lokanthali, Bhaktapur",Land,Lokanthali,Bhaktapur,"Lokanthali, Bhaktapur",Rs. 70 lakh per aana,0-5-2-0,,20.0,,,2021-05-17,38500000,5.5,7000000
99aana.com,https://99aana.com/property/land-for-sale-at-dhadingbesi-dhading-8100/,"Land for sale at Dhadingbesi, Dhading",Land,Dhading,,"Dhadingbesi, Dhading",Rs. 4 lakh 15 thousand per ropani,18-0-0-0,,20.0,,,2021-05-17,7470000,288.0,25938
99aana.com,https://99aana.com/property/land-for-sale-at-naubise-dhading-8104/,"Land for sale at Naubise, Dhading",Land,Dhading,,"Naubise, Dhading",Rs. 16 lakh per Ropani,4-12-0-0,,20.0,,,2021-05-18,7600000,76.0,100000
99aana.com,https://99aana.com/property/land-for-sale-at-dandathok-lubhu-lamatar-lalitpur-8107/,"Land for sale at Dandathok, Lubhu Lamatar, Lalitpur",Land,Lubhu Lamatar,Lalitpur,"Dandathok, Lubhu Lamatar, Lalitpur",Rs 15 lakh per aana,0-3-0-0,,12.0,,,2021-05-18,4500000,3.0,1500000
99aana.com,https://99aana.com/property/land-for-sale-at-narayantar-kathmandu-8117/,"Land for sale at Narayantar, Kathmandu",Land,Narayantar,Kathmandu,"Narayantar, Kathmandu",Rs. 35 lakh per aana,0-3-2-1,,13.0,,,2021-05-19,12468750,3.562,3500000
99aana.com,https://99aana.com/property/land-for-sale-at-jorpati-kathmandu-8115/,"Land for sale at Jorpati, Kathmandu",Land,Jorpati,Kathmandu,"Jorpati, Kathmandu",Rs 47 lakh per aana,0-5-0-2,,24.0,,,2021-05-19,24087500,5.125,4700000
99aana.com,https://99aana.com/property/land-for-sale-at-thali-kathmandu-8122/,"Land for sale at Thali, Kathmandu",Land,Thali,Kathmandu,"Thali, Kathmandu",Rs.50 lakh,0-3-2-0,,13.0,,,2021-05-20,5000000,3.5,1428571
99aana.com,https://99aana.com/property/land-for-sale-at-budhanilkantha-chunikhel-kathmandu-8124/,"Land for sale at Budhanilkantha, Chunikhel, Kathmandu",Land,Chunikhel,Kathmandu,"Budhanilkantha, Chunikhel, Kathmandu",Rs. 22 lakh 50 Thousand per aana,0-3-2-0,,30.0,,,2021-05-20,7875000,3.5,2250000
99aana.com,https://99aana.com/property/land-for-sale-at-sitapaila-kathmandu-8136/,"Land for sale at Sitapaila, Kathmandu",Land,Sitapaila,Kathmandu,"Sitapaila, Kathmandu",Rs 27 lakh per aana,0-4-0-0,,12.0,,,2021-05-21,10800000,4.0,2700000
99aana.com,https://99aana.com/property/land-for-sale-at-pharping-kathmandu-8130/,"Land for sale at Pharping, Kathmandu",Land,Pharping,Kathmandu,"Pharping, Kathmandu",Rs. 8 lakh 50 thousand per aana,0-4-3-0,,13.0,,,2021-05-21,4037500,4.75,850000
99aana.com,https://99aana.com/property/land-for-sale-at-sitapaila-kathmandu-8144/,"Land for sale at Sitapaila, Kathmandu",Land,Sitapaila,Kathmandu,"Sitapaila, Kathmandu",Rs 22 lakh per aana,3 aana 2 paisa-6 aana,,10.0,,,2021-05-23,20900000,9.5,2200000
99aana.com,https://99aana.com/property/land-for-sale-at-sitapaila-kathmandu-8145/,"Land for sale at Sitapaila, Kathmandu",Land,Sitapaila,Kathmandu,"Sitapaila, Kathmandu",Rs 31 lakh per aana,0-13-0-0,,13.0,,,2021-05-23,40300000,13.0,3100000
99aana.com,https://99aana.com/property/land-for-sale-at-thali-kathmandu-8157/,Land for sale at Thali Kathmandu,Land,Thali,Kathmandu,"Thali, Kathmandu","Rs.3,500,000",0-2-2-0,,4.0,,,2021-05-24,3500000,2.5,1400000
99aana.com,https://99aana.com/property/land-for-sale-at-sitapaila-kathmandu-8168/,"Land for sale at Sitapaila, Kathmandu",Land,Sitapaila,Kathmandu,"Sitapaila, Kathmandu",Rs 26 lakh per aana,0-4-1-1,,13.0,,,2021-05-25,11212500,4.312,2600000
99aana.com,https://99aana.com/property/land-for-sale-at-ramkot-kathmandu-8170/,"Land for sale at Ramkot, Kathmandu",Land,Ramkot,Kathmandu,"Ramkot, Kathmandu",Rs 20 lakh per aana,0-4-0-0,,20.0,,,2021-05-25,8000000,4.0,2000000
99aana.com,https://99aana.com/property/land-for-sale-at-khairahani-chitwan-8165/,"Land for sale at Khairehani, Chitwan",Land,Khairahani,Chitwan,"Khairahani, Chitwan",Rs. 4 lakh per Katha,16 kattha,,6.0,,,2021-05-25,6400000,170.402,37558
99aana.com,https://99aana.com/property/land-for-sale-at-kshetrapur-bharatpur-chitwan-8194/,"Land for sale at Kshetrapur, Bharatpur, Chitwan",Land,Bharatpur,Chitwan,"Kshetrapur, Bharatpur, Chitwan","Rs.9,000,000",7 dhur,,4.0,,,2021-05-26,9000000,3.728,2414462
99aana.com,https://99aana.com/property/land-for-sale-at-sitapaila-kathmandu-8208/,"Land for sale at Sitapaila, Kathmandu",Land,Sitapaila,Kathmandu,"Sitapaila, Kathmandu",Rs 30 lakh per aana,3 aana-5 aana,,13.0,,,2021-05-27,24000000,8.0,3000000
99aana.com,https://99aana.com/property/land-for-sale-at-sitapaila-kathmandu-8207/,"Land for sale at Sitapaila, Kathmandu",Land,Sitapaila,Kathmandu,"Sitapaila, Kathmandu",Rs 35 lakh per aana,0-3-2-0,,13.0,,,2021-05-27,12250000,3.5,3500000
99aana.com,https://99aana.com/property/land-for-sale-at-khairahani-01-chitwan-8209/,"Land for sale at Khairahani-01, Chitwan",Land,Khairahani,Chitwan,"Khairahani-01, Chitwan","Rs.4,700,000",17 dhur,,6.0,,,2021-05-27,4700000,9.053,519188
99aana.com,https://99aana.com/property/land-for-sale-at-khairahani-01-chitwan-8210/,"Land for sale at Khairahani-01, Chitwan",Land,Khairahani,Chitwan,"Khairahani-01, Chitwan","Rs.7,500,000",9.6 kattha,,6.0,,,2021-05-27,7500000,102.241,73356
99aana.com,https://99aana.com/property/land-for-sale-at-budhanilkantha-height-kathmandu-8211/,"Land for sale at Budhanilkantha height, Kathmandu",Land,Budhanilkantha Height,Kathmandu,"Budhanilkantha height, Kathmandu",Rs 32 lakh per aana,0-12-0-0,,13.0,,,2021-05-27,38400000,12.0,3200000
99aana.com,https://99aana.com/property/land-for-sale-at-sitapaila-kathmandu-8222/,"Land for sale at Sitapaila, Kathmandu",Land,Sitapaila,Kathmandu,"Sitapaila, Kathmandu",Rs 33 lakh per aana,0-4-0-0,,13.0,,,2021-05-28,13200000,4.0,3300000
99aana.com,https://99aana.com/property/land-for-sale-at-purano-gaun-chandragiri-kathmandu-8219/,"Land for sale at Purano Gaun, Chandragiri, Kathmandu",Land,Chandragiri,Kathmandu,"Purano Gaun, Chandragiri, Kathmandu",Rs. 25 lakh 50 thousand per aana,0-12-0-2,,30.0,,,2021-05-28,30918750,12.125,2550000
99aana.com,https://99aana.com/property/land-for-sale-at-tokha-kathmandu-8229/,"Land for sale at Tokha, Kathmandu",Land,Tokha,Kathmandu,"Tokha, Kathmandu",Rs.36 lakh per aana,0-4-3-0,,13.0,,,2021-05-30,17100000,4.75,3600000
99aana.com,https://99aana.com/property/land-for-sale-at-bagdol-lalitpur-8238/,"Land for sale at Bagdol, Lalitpur",Land,Bagdol,Lalitpur,"Bagdol, Lalitpur",Rs 30 Lakh Per aana,0-7-0-0,,20.0,,,2021-05-30,21000000,7.0,3000000
99aana.com,https://99aana.com/property/land-for-sale-at-bashbari-kathmandu-8237/,"Land for sale at Bashbari, Kathmandu",Land,Bansbari,Kathmandu,"Bashbari, Kathmandu",Rs 40 lakh per aana,1-0-0-0,,13.0,,,2021-05-30,64000000,16.0,4000000
99aana.com,https://99aana.com/property/land-for-sale-at-kadaghari-kathmandu-8228/,"Land for sale at Kadaghari, Kathmandu",Land,Kadaghari,Kathmandu,"Kadaghari, Kathmandu",Rs. 27 lakh 50 thousand per aana,0-4-0-0,,16.0,,,2021-05-30,11000000,4.0,2750000
99aana.com,https://99aana.com/property/land-for-sale-at-padsari-rupandehi-8231/,"Land for sale at Padsari, Rupandehi",Land,Padsari,Rupandehi,"Padsari, Rupandehi","Rs.6,000,000",1 kattha,,20.0,,,2021-05-30,6000000,10.65,563374
99aana.com,https://99aana.com/property/land-for-sale-at-kotihawa-rupandehi-8232/,"Land for sale at Kotihawa, Rupandehi",Land,Kotihawa,Rupandehi,"Kotihawa, Rupandehi",6 lakh 50 thousand per dhur,4.3 kattha,,32.0,,,2021-05-30,55900000,45.795,1220645
99aana.com,https://99aana.com/property/land-for-sale-at-pithuwa-ratnanagar-chitwan-8234/,"Land for sale at Pithuwa, Ratnanagar, Chitwan",Land,Ratnanagar,Chitwan,"Pithuwa, Ratnanagar, Chitwan",25 lakh per kattha,4 kattha,,6.0,,,2021-05-30,10000000,42.6,234739
99aana.com,https://99aana.com/property/land-for-sale-at-damak-jhapa-8233/,"Land for sale at Damak, Jhapa",Land,Damak,Jhapa,"Damak, Jhapa","Rs.950,000",9 dhur,,20.0,,,2021-05-30,950000,4.793,198224
99aana.com,https://99aana.com/property/land-for-sale-at-kanepokhari-morang-8243/,"Land for sale at Kanepokhari, Morang",Land,Kanepokhari,Morang,"Kanepokhari, Morang",Rs 35 lakh per bigha,5 bigha,,32.0,,,2021-05-31,17500000,1065.011,16432
99aana.com,https://99aana.com/property/land-for-sale-at-tarkeshwor-kathmandu-8246/,"Land for sale at Tarkeshwor, Kathmandu",Land,Tarkeshwor,Kathmandu,"Tarkeshwor, Kathmandu",Rs 16 lakh per aana,0-4-0-0,,13.0,,,2021-05-31,6400000,4.0,1600000
99aana.com,https://99aana.com/property/land-for-sale-at-mulpani-kathmandu-8249/,"Land for sale at Mulpani, Kathmandu",Land,Mulpani,Kathmandu,"Mulpani, Kathmandu",Rs 35 lakh per aana,0-4-0-0,,20.0,,,2021-05-31,14000000,4.0,3500000
99aana.com,https://99aana.com/property/land-for-sale-at-dhaneshwor-kathmandu-8252/,"Land for sale at Dhaneshwor, Kathmandu",Land,Dhaneshwor,Kathmandu,"Dhaneshwor, Kathmandu",Rs. 41 lakh per aana,0-4-0-0,,20.0,,,2021-06-01,16400000,4.0,4100000
99aana.com,https://99aana.com/property/land-for-sale-at-belbari-morang-8253/,"Land for Sale at Belbari, Morang",Land,Belbari,Morang,"Belbari, Morang",Rs. 35  lakh,21 dhur,,20.0,,,2021-06-01,3500000,11.183,312986
99aana.com,https://99aana.com/property/land-for-sale-at-tathali-bhaktapur-8263/,"Land for sale at Tathali, Bhaktapur",Land,Tathali,Bhaktapur,"Tathali, Bhaktapur",13 lakh per aana,0-4-2-0,,20.0,,,2021-06-01,5850000,4.5,1300000
99aana.com,https://99aana.com/property/land-for-sale-at-lubhu-lalitpur-8264/,"Land for Sale at Lubhu, Lalitpur",Land,Lubhu,Lalitpur,"Lubhu, Lalitpur",21 lakh per aana,0-4-0-0,,13.0,,,2021-06-01,8400000,4.0,2100000
99aana.com,https://99aana.com/property/land-for-sale-at-madhyapur-thimi-nagarpalika-2-bhaktapur-8267/,"Land for sale at Madhyapur Thimi, Nagarpalika-2, Bhaktapur",Land,Madhyapur Thimi,Bhaktapur,"Madhyapur Thimi Nagarpalika-2, Bhaktapur",Rs. 29 lakh 50 thousand per aana,0-3-3-3,,20.0,,,2021-06-02,11615625,3.938,2950000
99aana.com,https://99aana.com/property/land-for-sale-at-balaju-kathmandu-8274/,"Land for sale at Balaju, Kathmandu",Land,Balaju,Kathmandu,"Balaju, Kathmandu",Rs. 25 lakh per aana,0-9-2-0,,20.0,,,2021-06-02,23750000,9.5,2500000
99aana.com,https://99aana.com/property/land-for-sale-at-lasuntar-kapan-budhanilkantha-11-kathmandu-8272/,"Land for sale at Lasuntar, Kapan, Budhanilkantha-11, Kathmandu",Land,Budhanilkantha,Kathmandu,"Lasuntar, Kapan, Budhanilkantha-11, Kathmandu",28 lakh per aana,0-5-0-0,,13.0,,,2021-06-02,14000000,5.0,2800000
99aana.com,https://99aana.com/property/land-for-sale-at-pathari-shanischare-morang-8285/,"Land for sale at Pathari Shanischare, Morang",Land,Pathari Shanischare,Morang,"Pathari Shanischare, Morang",Rs 4 lakh per kattha,3 bigha,,32.0,,,2021-06-03,24000000,639.007,37558
99aana.com,https://99aana.com/property/land-for-sale-at-sitapaila-kathmandu-8277/,"Land for sale at Sitapaila, Kathmandu",Land,Sitapaila,Kathmandu,"Sitapaila, Kathmandu",Rs. 35 lakh per aana,4 aana,,13.0,,,2021-06-03,14000000,4.0,3500000
99aana.com,https://99aana.com/property/land-for-sale-at-chhauni-kathmandu-8275/,"Land for Sale at Chhauni, Kathmandu",Land,Chhauni,Kathmandu,"Chhauni, Kathmandu",Rs. 39 lakh per aana,0-7-1-0,,,,,2021-06-03,28275000,7.25,3900000
99aana.com,https://99aana.com/property/land-for-sale-at-pasikot-budhanilkantha-kathmandu-8296/,"Land for sale at Pasikot, Budhanilkantha, Kathmandu",Land,Budhanilkantha,Kathmandu,"Pasikot, Buďhanilkantha, Kathmandu",Rs 40 lakh per aana,0-12-0-0/13 aana,,20.0,,,2021-06-04,52000000,13.0,4000000
99aana.com,https://99aana.com/property/land-for-sale-at-thaiba-godawari-lalitpur-8297/,"Land for sale at Thaiba, Godawari, Lalitpur",Land,Godawari,Lalitpur,"Thaiba, Godawari, Lalitpur",Rs 29 lakh per aana,3 aana-4aana,,20.0,,,2021-06-04,20300000,7.0,2900000
99aana.com,https://99aana.com/property/land-for-sale-at-saraswatinagar-chabahil-kathmandu-8298/,"Land for sale at Saraswatinagar, Chabahil, Kathmandu",Land,Chabahil,Kathmandu,"Saraswatinagar, Chabahil, Kathmandu",Rs 40 lakh per aana,0-11-1-0,,13.0,,,2021-06-04,45000000,11.25,4000000
99aana.com,https://99aana.com/property/land-for-sale-at-budhanilkantha-height-kathmandu-8299/,Land for sale at Budhanilkantha Height Kathmandu,Land,Budhanilkatha Height Kathmandu,,Budhanilkatha Height Kathmandu,Rs 18 lakh 50 thousand per aana,0-5-0-0,,13.0,,,2021-06-04,9250000,5.0,1850000
99aana.com,https://99aana.com/property/land-for-sale-at-mathillo-bhangal-budhanilkantha-kathmandu-8300/,"Land for sale at Mathillo Bhangal, Budhanilkantha, Kathmandu",Land,Budhanilkantha,Kathmandu,"Mathillo Bhangal, Budhanilkantha, Kathmandu",Rs 35 lakh per aana,1-0-0-0,,20.0,,,2021-06-04,56000000,16.0,3500000
99aana.com,https://99aana.com/property/land-for-sale-at-sitapaila-kathmandu-8290/,"Land for sale at Sitapaila, Kathmandu",Land,Sitapaila,Kathmandu,"Sitapaila, Kathmandu",Rs 45 lakh per aana,0-13-0-0,,11.0,,,2021-06-04,58500000,13.0,4500000
99aana.com,https://99aana.com/property/land-for-sale-at-chapalighumti-kathmandu-8303/,"Land for sale at Chapalighumti, Kathmandu",Land,Chapalighumti,Kathmandu,"Chapalighumti, Kathmandu",Rs 36 lakh per aana,0-12-0-0,,20.0,,,2021-06-06,43200000,12.0,3600000
99aana.com,https://99aana.com/property/land-for-sale-at-kanepokhari-morang-8308/,"Land for sale at Kanepokhari, Morang",Land,Kanepokhari,Morang,"Kanepokhari, Morang",35 lakh per bigha,5 bigha,,32.0,,,2021-06-06,17500000,1065.011,16432
99aana.com,https://99aana.com/property/land-for-sale-at-budhanilkantha-kathmandu-8305/,"Land for sale at Budhanilkantha, Kathmandu",Land,Budhanilkantha,Kathmandu,"Budhanilkantha, Kathmandu",Rs 45 lakh per aana,0-5-0-0,,20.0,,,2021-06-06,22500000,5.0,4500000
99aana.com,https://99aana.com/property/land-for-sale-at-tokha-kathmandu-8323/,"Land for sale at Tokha, Kathmandu",Land,Tokha,Kathmandu,"Tokha, Kathmandu",Rs 45 lakh per aana,0-5-0-0,,25.0,,,2021-06-07,22500000,5.0,4500000
99aana.com,https://99aana.com/property/land-for-sale-at-budhanilkantha-kathmandu-8315/,"Land for sale at Budhanilkantha, Kathmandu",Land,Budhanilkantha,Kathmandu,"Budhanilkantha, Kathmandu",45 lakh per aana,0-4-0-0,,20.0,,,2021-06-07,18000000,4.0,4500000
99aana.com,https://99aana.com/property/land-for-sale-at-biratnagar-morang-8333/,"Land for sale at Biratnagar, Morang",Land,Biratnagar,Morang,"Biratnagar, Morang",Rs. 8 Lakh per Katha,1 kattha 5 dhur,,82.0,,,2021-06-07,1000000,13.313,75117
99aana.com,https://99aana.com/property/land-for-sale-at-budhanilkantha-kathmandu-8341/,"Land for sale at Budhanilkantha, Kathmandu",Land,Budhanilkantha,Kathmandu,"Budhanilkantha, Kathmandu",Rs. 42 lakh per aana,0-10-0-0,,16.0,,,2021-06-08,42000000,10.0,4200000
99aana.com,https://99aana.com/property/land-for-sale-at-gothatar-kathmandu-8329/,"Land for sale at Gothatar, Kathmandu",Land,Gothatar,Kathmandu,"Gothatar, Kathmandu",Rs 28 lakh per aana,0-11-0-0,,15.0,,,2021-06-08,30800000,11.0,2800000
99aana.com,https://99aana.com/property/land-for-sale-at-budhanilkantha-kathmandu-8333/,"Land for sale at Budhanilkantha, Kathmandu",Land,Budhanilkantha,Kathmandu,"Budhanilkantha, Kathmandu",Rs 45 lakh per aana,0-5-0-0,,20.0,,,2021-06-08,22500000,5.0,4500000
99aana.com,https://99aana.com/property/land-for-sale-at-dandapauwa-ramkot-kathmandu-8336/,"Land for sale at Dandapauwa, Ramkot, Kathmandu",Land,Ramkot,Kathmandu,"Dandapauwa, Ramkot, Kathmandu",Rs 11 lakh per aana,3 aana-6aana,,16.0,,,2021-06-08,9900000,9.0,1100000
99aana.com,https://99aana.com/property/land-for-sale-at-soltidobato-kathmandu-8337/,"Land for sale at Soltidobato, Kathmandu",Land,Soltidobato,Kathmandu,"Soltidobato, Kathmandu",Rs 25 lakh per aana,0-5-3-2,,13.0,,,2021-06-08,14687500,5.875,2500000
99aana.com,https://99aana.com/property/land-for-sale-at-ramkot-kathmandu-8347/,"Land for sale at Ramkot, Kathmandu",Land,Ramkot,Kathmandu,"Ramkot, Kathmandu",Rs 13 lakh 50 thousand per aana,3 aana 2 paisa-4 aana 2 paisa,,13.0,,,2021-06-09,10800000,8.0,1350000
99aana.com,https://99aana.com/property/land-for-sale-at-pharping-kathmandu-8348/,"Land for sale at Pharping, Kathmandu",Land,Pharping,Kathmandu,"Pharping, Kathmandu",8 lakh 50 thousand per aana,0-4-3-0,,13.0,,,2021-06-09,4037500,4.75,850000
99aana.com,https://99aana.com/property/land-for-sale-at-sitapaila-kathmandu-8349/,"Land for sale at Sitapaila, Kathmandu",Land,Sitapaila,Kathmandu,"Sitapaila, Kathmandu",Rs 13 lakh 50 thousand per aana,2-3-0-0,,32.0,,,2021-06-09,47250000,35.0,1350000
99aana.com,https://99aana.com/property/land-for-sale-at-neupane-chowk-chapagaun-lalitpur-8350/,"Land for sale at Neupane Chowk, Chapagaun, Lalitpur",Land,Chapagaun,Lalitpur,"Neupane Chowk, Chapagaun, Lalitpur",Rs 15 lakh per aana,0-5-0-0,,20.0,,,2021-06-09,7500000,5.0,1500000
99aana.com,https://99aana.com/property/land-for-sale-at-sitapaila-kathmandu-8364/,"Land for sale at Sitapaila, Kathmandu",Land,Sitapaila,Kathmandu,"Sitapaila, Kathmandu",55 lakh per aana,0-13-0-0,,11.0,,,2021-06-10,71500000,13.0,5500000
99aana.com,https://99aana.com/property/land-for-sale-at-chapagaun-lalitpur-8366/,"Land for sale at Chapagaun, Lalitpur",Land,Chapagaun,Lalitpur,"Chapagaun, Lalitpur",9 lakh 50 thousand per aana,3 aana 2 paisa-4 aana 3 paisa,,13.0,,,2021-06-10,7837500,8.25,950000
99aana.com,https://99aana.com/property/land-for-sale-at-ramkot-kathmandu-8365/,"Land for sale at Ramkot, Kathmandu",Land,Ramkot,Kathmandu,"Ramkot, Kathmandu","Rs.4,900,000",7 aana,,13.0,,,2021-06-10,4900000,7.0,700000
99aana.com,https://99aana.com/property/land-for-sale-at-bhangal-kathmandu-8359/,"Land for sale at Bhangal, Kathmandu",Land,Bhangal,Kathmandu,"Bhangal, Kathmandu",Rs 25 lakh 50 thousand per aana,0-4-0-0,,13.0,,,2021-06-10,10200000,4.0,2550000
99aana.com,https://99aana.com/property/land-for-sale-at-kapan-kathmandu-8356/,"Land for sale at Kapan, Kathmandu",Land,Kapan,Kathmandu,"Kapan, Kathmandu",Rs 45 lakh per aana,0-4-2-2,,10.0,,,2021-06-10,20812500,4.625,4500000
99aana.com,https://99aana.com/property/land-for-sale-at-sinamangal-kathmandu-8358/,"Land for sale at Sinamangal, Kathmandu",Land,Sinamangal,Kathmandu,"Sinamangal, Kathmandu",Rs 60 lakh per aana,0-5-2-0,,10.0,,,2021-06-10,33000000,5.5,6000000
99aana.com,https://99aana.com/property/land-for-sale-at-taukhel-godawari-lalitpur-8373/,"Land for sale at Taukhel, Godawari, Lalitpur",Land,Godawari,Kathmandu,"Taukhel, Godawari, Kathmandu",20 lakh per aana,0-6-2-0,,13.0,,,2021-06-11,13000000,6.5,2000000
99aana.com,https://99aana.com/property/land-for-sale-at-kanepokhari-morang-8374/,"Land for sale at Kanepokhari, Morang",Land,Kanepokhari,Morang,"Kanepokhari, Morang",2 lakh per kattha,1.5 bigha,,20.0,,,2021-06-11,6000000,319.503,18779
99aana.com,https://99aana.com/property/land-for-sale-at-pasikot-kathmandu-8376/,"Land for sale at Pasikot, Kathmandu",Land,Pasikot,Kathmandu,"Pasikot, Kathmandu",Rs 24 lakh per aana,0-6-0-0,,13.0,,,2021-06-11,14400000,6.0,2400000
99aana.com,https://99aana.com/property/land-for-sale-at-pasikot-kathmandu-8378/,"Land for sale at Pasikot, Kathmandu",Land,Pasikot,Kathmandu,"Pasikot, Kathmandu",Rs 35 lakh per aana,1-0-0-0,,22.0,,,2021-06-11,56000000,16.0,3500000
99aana.com,https://99aana.com/property/land-for-sale-at-dhunibesi-dhading-8385/,"Land for sale at Dhunibesi, Dhading",Land,Dhading,,"Dhunibesi, Dhading",Rs. 70 lakh per Ropani,5-0-0-0,,31.0,,,2021-06-13,35000000,80.0,437500
99aana.com,https://99aana.com/property/land-for-sale-at-thankot-kathmandu-8380/,"Land for sale at Thankot, Kathmandu",Land,Thankot,Kathmandu,"Thankot, Kathmandu",Rs 23 lakh per aana,1-13-0-0,,13.0,,,2021-06-13,66700000,29.0,2300000
99aana.com,https://99aana.com/property/land-for-sale-at-bharatpur-chitwan-8386/,"Land for sale at Bharatpur, Chitwan",Land,Bharatpur,Chitwan,"Bharatpur, Chitwan",Rs 18 lakh per kattha,3 Kattha,,6.0,,,2021-06-13,5400000,31.95,169012
99aana.com,https://99aana.com/property/land-for-sale-at-itahara-ratuwamai-morang-8390/,"Land for sale at Itahara, Ratuwamai, Morang",Land,Ratuwamai,Morang,"Itahara, Ratuwamai, Morang",15 lakh per bigha,5 bigha,,32.0,,,2021-06-13,7500000,1065.011,7042
99aana.com,https://99aana.com/property/land-for-sale-at-naduwa-ramgram-nawalparasi-8391/,"Land for sale at Naduwa, Ramgram, Nawalparasi",Land,Nawalparasi,,"Naduwa, Ramgram, Nawalparasi",Rs 7 lakh per kattha,3 bigha 8 kattha,,32.0,,,2021-06-13,47600000,724.207,65727
99aana.com,https://99aana.com/property/land-for-sale-at-rangeli-09-morang-8389/,"Land for sale at Rangeli-09, Morang",Land,Rangeli,Morang,"Rangeli-09, Morang",18 lakh per bigha,15 bigha-25 bigha,,32.0,,,2021-06-13,72000000,8520.088,8451
99aana.com,https://99aana.com/property/land-for-sale-at-dhapa-height-lalitpur-8388/,"Land for sale at Dhapa height, Lalitpur",Land,Dhapa Height,Lalitpur,"Dhapa height, Lalitpur",Rs 25 lakh per aana,6-0-0-0,,16.0,,,2021-06-13,240000000,96.0,2500000
99aana.com,https://99aana.com/property/land-for-sale-at-sirutar-bhaktapur-8396/,"Land for Sale at Sirutar, Bhaktapur",Land,Sirutar,Bhaktapur,"Sirutar, Bhaktapur",Rs. 22 lakh 50 thousand per aana,0-3-2-0,,,,,2021-06-14,7875000,3.5,2250000
99aana.com,https://99aana.com/property/land-for-sale-at-kalikasthan-tilottama-11-rupandehi-8399/,"Land for sale at Kalikasthan, Tilottama-11, Rupandehi",Land,Tilottama,Rupandehi,"Kalikasthan, Tilottama-11, Rupandehi",25 lakh per kattha,24 kattha 12 dhur,,20.0,,,2021-06-14,61500000,261.993,234739
99aana.com,https://99aana.com/property/land-for-sale-at-panauti-kavrepalanchok-8400/,"Land for sale at Panauti, Kavrepalanchok",Land,Panauti,Kavrepalanchok,"Panauti, Kavrepalanchok",9 lakh 50 thousand per aana,11-0-0-0,,20.0,,,2021-06-14,167200000,176.0,950000
99aana.com,https://99aana.com/property/land-for-sale-at-sitapaila-kathmandu-8408/,"Land for sale at Sitapaila, Kathmandu",Land,Sitapaila,Kathmandu,"Sitapaila, Kathmandu",24 lakh per aana,0-3-0-0,,13.0,,,2021-06-15,7200000,3.0,2400000
99aana.com,https://99aana.com/property/land-for-sale-at-thankot-kathmandu-8405/,"Land for sale at Thankot, Kathmandu",Land,Thankot,Kathmandu,"Thankot, Kathmandu",Rs. 75 lakh,0-3-0-0,,16.0,,,2021-06-15,7500000,3.0,2500000
99aana.com,https://99aana.com/property/land-for-sale-at-kalanki-kathmandu-8415/,"Land for sale at Kalanki, Kathmandu",Land,Kalanki,Kathmandu,"Kalanki, Kathmandu",32 lakh per aana,0-3-0-0,,12.0,,,2021-06-16,9600000,3.0,3200000
99aana.com,https://99aana.com/property/land-for-sale-at-anamnagar-kathmandu-8421/,"Land for sale at Anamnagar, Kathmandu",Land,Anamnagar,Kathmandu,"Anamnagar, Kathmandu",Rs 1 crore 15 Lakh Per aana,1-1-0-0,,,,,2021-06-17,195500000,17.0,11500000
99aana.com,https://99aana.com/property/land-for-sale-at-lasuntar-kapan-11-budhanilkantha-kathmandu-8427/,"Land for sale at Lasuntar, Kapan-11, Budhanilkantha, Kathmandu",Land,Budhanilkantha,Kathmandu,"Lasuntar, Kapan-11, Budhanilkantha, Kathmandu",Rs 9 lakh 50 thousand per aana,0-4-2-0,,13.0,,,2021-06-17,4275000,4.5,950000
99aana.com,https://99aana.com/property/land-for-sale-at-bramhakhel-kathmandu-8425/,"Land for sale at Bramhakhel, Kathmandu",Land,Bramhakhel,Kathmandu,"Bramhakhel, Kathmandu",Rs 9 lakh 50 thousand per aana,0-3-0-0,,8.0,,,2021-06-17,2850000,3.0,950000
99aana.com,https://99aana.com/property/land-for-sale-at-pokhara-kaski-8414/,"Land for sale at Pokhara, Kaski",Land,Pokhara,Kaski,"Pokhara, Kaski",Rs. 1 crore 80 lakh,1-8-0-0,,6.0,,,2021-06-17,18000000,24.0,750000
99aana.com,https://99aana.com/property/land-for-sale-at-chandragiri-kathmandu-8435/,"Land for sale at Chandragiri, Kathmandu",Land,Chandragiri,Kathmandu,"Chandragiri, Kathmandu","Rs.7,500,000",0-3-2-0,,10.0,,,2021-06-18,7500000,3.5,2142857
99aana.com,https://99aana.com/property/land-for-sale-at-madhyapur-thimi-nagarpalika-6-bhaktapur-8433/,"Land for sale at Madhyapur Thimi, Nagarpalika-6, Bhaktapur",Land,,Bhaktapur,"Madhyapur Thimi, Nagarpalika-6, Bhaktapur",Rs. 28 Lakh 50 thousand  per Aana,0-3-3-3,,20.0,,,2021-06-18,11221875,3.938,2850000
99aana.com,https://99aana.com/property/land-for-sale-at-miklajung-morang-8438/,"Land for sale at Miklajung, Morang",Land,Miklajung,Morang,"Miklajung, Morang",5 lakh per kattha,5 Kattha,,40.0,,,2021-06-18,2500000,53.251,46948
99aana.com,https://99aana.com/property/land-for-sale-at-sitapaila-kathmandu-8442/,"Land for sale at Sitapaila, Kathmandu",Land,Sitapaila,Kathmandu,"Sitapaila, Kathmandu",Rs. 20 Lakh per aana,0-8-2-2,,8.0,,,2021-06-20,17250000,8.625,2000000
99aana.com,https://99aana.com/property/land-for-sale-at-sitapaila-kathmandu-8449/,"Land for sale at Sitapaila, Kathmandu",Land,Sitapaila,Kathmandu,"Sitapaila, Kathmandu",30 lakh per aana,0-6-0-0,,20.0,,,2021-06-20,18000000,6.0,3000000
99aana.com,https://99aana.com/property/land-for-sale-at-gundu-bhaktapur-8433/,"Land for Sale at Gundu, Bhaktapur",Land,Gundu,Bhaktapur,"Gundu, Bhaktapur",Rs. 10 lakh 50 thousand per aana,1-0-0-0,,,,,2021-06-20,16800000,16.0,1050000
99aana.com,https://99aana.com/property/land-for-sale-at-inaruwa-01-sunsari-8463/,"Land for sale at Inaruwa-01, Sunsari",Land,Inaruwa,Sunsari,"Inaruwa-01, Sunsari",Rs 3 Lakh per dhur,1 Kattha 15 Dhur,,,,,2021-06-21,10500000,18.638,563374
99aana.com,https://99aana.com/property/land-for-sale-at-satdobato-lalitpur-8461/,"Land for sale at Satdobato, Lalitpur",Land,Satdobato,Lalitpur,"Satdobato, Lalitpur",Rs. 37 lakh per aana,0-5-2-0,,13.0,,,2021-06-21,20350000,5.5,3700000
99aana.com,https://99aana.com/property/land-for-sale-at-sitapaila-kathmandu-8453/,"Land for sale at Sitapaila, Kathmandu",Land,Sitapaila,Kathmandu,"Sitapaila, Kathmandu",Rs 45 lakh per aana,0-4-0-0,,20.0,,,2021-06-21,18000000,4.0,4500000
99aana.com,https://99aana.com/property/land-for-sale-at-khadka-gaun-kalanki-kathmandu-8454/,"Land for Sale at Khadka Gaun, Kalanki, Kathmandu",Land,Kalanki,Kathmandu,"Khadkagaun, Kalanki, Kathmandu",Rs 27 lakh per aana,0-6-0-0,,13.0,,,2021-06-21,16200000,6.0,2700000
99aana.com,https://99aana.com/property/land-for-sale-at-khadka-gaun-kalanki-kathmandu-8457/,"Land for Sale at Khadka Gaun, Kalanki, Kathmandu",Land,Kalanki,Kathmandu,"Khadka Gaun, Kalanki, Kathmandu","Rs.7,500,000",0-3-0-0,,16.0,,,2021-06-21,7500000,3.0,2500000
99aana.com,https://99aana.com/property/land-for-sale-at-urlabari-morang-8456/,"Land for sale at Urlabari, Morang",Land,Urlabari,Morang,"Urlabari, Morang","Rs.1,800,000",5 kattha,,20.0,,,2021-06-21,1800000,53.251,33802
99aana.com,https://99aana.com/property/land-for-sale-at-panipokhari-lazimpat-kathmandu-8464/,"Land for sale at Panipokhari, Lazimpat, Kathmandu",Land,Lazimpat,Kathmandu,"Panipokhari, Lazimpat, Kathmandu",Rs 80 lakh per aana,1-8-0-0,,13.0,,,2021-06-22,192000000,24.0,8000000
99aana.com,https://99aana.com/property/land-for-sale-at-katunje-bhaktapur-8471/,"Land for sale at Katunje, Bhaktapur",Land,Katunje,Bhaktapur,"Katunje, Bhaktapur",Rs. 13 Lakh per aana,0-3-0-0,,20.0,,,2021-06-22,3900000,3.0,1300000
99aana.com,https://99aana.com/property/land-for-sale-at-thankot-kathmandu-8468/,"Land for sale at Thankot, Kathmandu",Land,Thankot,Kathmandu,"Thankot, Kathmandu",Rs 14 lakh per aana,4 aana,,,,,2021-06-22,5600000,4.0,1400000
99aana.com,https://99aana.com/property/land-for-sale-at-aambari-morang-8479/,"Land for Sale at Aambari, Morang",Land,Aambari,Morang,"Aambari, Morang",9 lakh per kattha,1 bigha,,20.0,,,2021-06-23,18000000,213.002,84506
99aana.com,https://99aana.com/property/land-for-sale-at-khadka-gaun-kalanki-kathmandu-8477/,"Land for Sale at Khadka Gaun, Kalanki, Kathmandu",Land,Kalanki,Kathmandu,"Khadka Gaun, Kalanki, Kathmandu",Rs 28 lakh per aana,0-3-2-0,,13.0,,,2021-06-23,9800000,3.5,2800000
99aana.com,https://99aana.com/property/land-for-sale-at-bhaisepati-lalitpur-8485/,"Land for sale at Bhaisepati, Lalitpur",Land,Bhaisepati,Lalitpur,"Bhaisepati, Lalitpur",Rs 75 Lakh per aana,0-6-3-0,,20.0,,,2021-06-23,50625000,6.75,7500000
99aana.com,https://99aana.com/property/land-for-sale-at-kritipur-kathmandu-8482/,"Land for Sale at Kritipur, Kathmandu",Land,Kritipur,Kathmandu,"Kritipur, Kathmandu",Rs. 27 lakh per aana,0-7-2-0,,,,,2021-06-23,20250000,7.5,2700000
99aana.com,https://99aana.com/property/land-for-sale-at-itahara-morang-8491/,"Land for Sale at Itahara, Morang",Land,Itahara,Morang,"Itahara, Morang",Rs. 16 lakh per katha,16 katha,,20.0,,,2021-06-24,25600000,170.402,150233
99aana.com,https://99aana.com/property/land-for-sale-at-dhaksi-matatirtha-kathmandu-8487/,"Land for sale at Dhaksi, Matatirtha, Kathmandu",Land,Matatirtha,Kathmandu,"Dhaksi, Matatirtha, Kathmandu",Rs 13 lakh 75 thousand per aana,0-7-3-0,,13.0,,,2021-06-24,10656250,7.75,1375000
99aana.com,https://99aana.com/property/land-for-sale-at-kalanki-kathmandu-8488/,"Land for Sale at Kalanki, Kathmandu",Land,Kalanki,Kathmandu,"Kalanki, Kathmandu",Rs 35 lakh per aana,0-4-0-0,,13.0,,,2021-06-24,14000000,4.0,3500000
99aana.com,https://99aana.com/property/land-for-sale-at-jhaukhel-bhaktapur-8493/,"Land for sale at Jhaukhel, Bhaktapur",Land,Jhaukhel,Bhaktapur,"Jhaukhel, Bhaktapur",Rs. 31 Lakh per aana,0-4-0-1,,30.0,,,2021-06-24,12593750,4.062,3100000
99aana.com,https://99aana.com/property/land-for-sale-at-chandragadhi-jhapa-8500/,"Land for sale at Chandragadhi, Jhapa",Land,Chandragadi,Jhapa,"Chandragadhi, Jhapa",Rs 2 lakh 50 thousand per kattha,4 bigha,,20.0,,,2021-06-25,20000000,852.009,23474
99aana.com,https://99aana.com/property/land-for-sale-at-kalanki-kathmandu-8501/,"Land for Sale at Kalanki, Kathmandu",Land,Kalanki,Kathmandu,"Kalanki, Kathmandu",Rs 27 lakh per aana,0-5-2-0,,13.0,,,2021-06-25,14850000,5.5,2700000
99aana.com,https://99aana.com/property/land-for-sale-at-bageshwori-bhaktapur-8505/,"Land for sale at Bageshwori, Bhaktapur",Land,Bageshwori,Bhaktapur,"Bageshwori, Bhaktapur",Rs. 8 Lakh per aana,0-5-0-0,,10.0,,,2021-06-25,4000000,5.0,800000
99aana.com,https://99aana.com/property/land-for-sale-at-dadhikot-bhaktapur-8504/,"Land for sale at Dadhikot, Bhaktapur",Land,Dadhikot,Bhaktapur,"Dadhikot, Bhaktapur",Rs. 18 Lakh per aana,0-10-0-0,,13.0,,,2021-06-25,18000000,10.0,1800000
99aana.com,https://99aana.com/property/land-for-sale-at-sipadol-bhaktapur-8513/,"Land for sale at Sipadol, Bhaktapur",Land,Sipadol,Bhaktapur,"Sipadol, Bhaktapur",Rs. 10 lakh per aana,4 aana,,20.0,,,2021-06-27,4000000,4.0,1000000
99aana.com,https://99aana.com/property/land-for-sale-at-chandragiri-kathmandu-2-8519/,"Land for sale at Chandragiri, Kathmandu",Land,Chandragiri,Kathmandu,"Chandragiri, Kathmandu",Rs 73 Lakh,0-3-2-0,,10.0,,,2021-06-27,7300000,3.5,2085714
99aana.com,https://99aana.com/property/land-for-sale-at-lubhu-lalitpur-8517/,"Land for Sale at Lubhu, Lalitpur",Land,Lubhu,Lalitpur,"Lubhu, Lalitpur",Rs. 14 Lakh 50 thousand per aana,0-3-2-0,,13.0,,,2021-06-27,5075000,3.5,1450000
99aana.com,https://99aana.com/property/land-for-sale-at-sankhu-height-kathmandu-8512/,"Land for sale at Sankhu Height, Kathmandu",Land,Sankhu Height,Kathmandu,"Sankhu Height, Kathmandu",14 lakh 50 thousand per aana,0-4-0-0,,10.0,,,2021-06-27,5800000,4.0,1450000
99aana.com,https://99aana.com/property/land-for-sale-at-sitapaila-kathmandu-8536/,"Land for sale at Sitapaila, Kathmandu",Land,Sitapaila,Kathmandu,"Sitapaila, Kathmandu",Rs. 25 lakh per aana,0-5-3-2,,13.0,,,2021-06-29,14687500,5.875,2500000
99aana.com,https://99aana.com/property/land-for-sale-at-syuchatar-kalanki-kathmandu-8545/,"Land for sale at Syuchatar, Kalanki, Kathmandu",Land,Kalanki,Kathmandu,"Syuchatar, Kalanki, Kathmandu",27 lakh per aana,0-5-2-0,,13.0,,,2021-06-30,14850000,5.5,2700000
99aana.com,https://99aana.com/property/land-for-sale-at-jhapa-8541/,Land for sale at Jhapa,Land,,Jhapa,Jhapa,25 lakh per bigha,3 bigha-30 bigha,,20.0,,,2021-06-30,82500000,7029.072,11737
99aana.com,https://99aana.com/property/land-for-sale-at-kirtipur-kathmandu-8544/,"Land for sale at Kirtipur, Kathmandu",Land,Kirtipur,Kathmandu,"Kirtipur, Kathmandu",12 lakh per aana,0-4-1-0,,13.0,,,2021-06-30,5100000,4.25,1200000
99aana.com,https://99aana.com/property/land-for-sale-at-nayapati-kathmandu-8548/,"Land for sale at Nayapati, Kathmandu",Land,Nayapati,Kathmandu,"Nayapati, Kathmandu",Rs. 14 lakh per aana,0-3-2-0,,20.0,,,2021-06-30,4900000,3.5,1400000
99aana.com,https://99aana.com/property/land-for-sale-at-chitapol-bhaktapur-8560/,"Land for sale at Chitapol, Bhaktapur",Land,Chitapol,Bhaktapur,"Chitapol, Bhaktapur",Rs.11 lakh per aana,3-4-0-0,,26.0,,,2021-07-01,57200000,52.0,1100000
99aana.com,https://99aana.com/property/land-for-sale-at-brahmakhel-kathmandu-8556/,"Land for sale at Brahmakhel, Kathmandu",Land,Bramhakhel,Kathmandu,"Brahmakhel, Kathmandu",Rs 17 lakh per aana,0-3-2-0,,22.0,,,2021-07-01,5950000,3.5,1700000
99aana.com,https://99aana.com/property/land-for-sale-at-ramkot-kathmandu-8552/,"Land for sale at Ramkot, Kathmandu",Land,Ramkot,Kathmandu,"Ramkot, Kathmandu",24 lakh per aana,3 aana 3 paiaa,,13.0,,,2021-07-01,7200000,3.0,2400000
99aana.com,https://99aana.com/property/land-for-sale-at-gongabu-kathmandu-8558/,"Land for sale at Gongabu, Kathmandu",Land,Gongabu,Kathmandu,"Gongabu, Kathmandu",Rs. 27 lakh per aana,0-7-2-0,,,,,2021-07-01,20250000,7.5,2700000
99aana.com,https://99aana.com/property/land-for-sale-at-dachi-kathmandu-8557/,"Land for sale at Dachi, Kathmandu",Land,Dachi,Kathmandu,"Dachi, Kathmandu",Rs. 17 lakh 50 thousand per aana,0-4-2-0,,20.0,,,2021-07-01,7875000,4.5,1750000
99aana.com,https://99aana.com/property/land-for-sale-at-sheraphant-chapagaun-lalitpur-7613/,"Land for sale at Sheraphant, Chapagaun, Lalitpur",Land,Chapagaun,Lalitpur,"Sheraphant, Chapagaun, Lalitpur",Rs.12 lakh 50 thousand - Rs. 13 lakh 50 thousand per aana,3 aana 2 paisa-5 aana,,20.0,,,2021-03-02,22100000,8.5,2600000
99aana.com,https://99aana.com/property/land-for-sale-at-sudal-bhaktapur-8571/,"Land for sale at Sudal, Bhaktapur",Land,Sudal,Bhaktapur,"Sudal, Bhaktapur",Rs. 13 lakh 50 thousand per aana,0-3-2-0,,,,,2021-07-02,4725000,3.5,1350000
99aana.com,https://99aana.com/property/land-for-sale-at-kupondole-lalitpur-8569/,"Land for sale at Kupondole, Lalitpur",Land,Kupondole,Lalitpur,"Kupondole, Lalitpur",Rs. 60 lakh per aana,0-9-0-0,,,,,2021-07-02,54000000,9.0,6000000
99aana.com,https://99aana.com/property/land-for-sale-at-sijuwa-morang-8566/,"Land for sale at Sijuwa, Morang",Land,Sijuwa,Morang,"Sijuwa, Morang",19 lakh per bigha,28 bigha,,20.0,,,2021-07-02,53200000,5964.061,8920
99aana.com,https://99aana.com/property/land-for-sale-at-bharatpur-10-chitwan-8563/,"Land for sale at Bharatpur-10, Chitwan",Land,Bharatpur,Chitwan,"Bharatpur-10, Chitwan","Rs.7,100,000",9.5 dhur,,6.0,,,2021-07-02,7100000,5.059,1403494
99aana.com,https://99aana.com/property/land-for-sale-at-sipadol-bhaktapur-8559/,"Land for sale at Sipadol, Bhaktapur",Land,Sipadol,Bhaktapur,"Sipadol, Bhaktapur",Rs. 26 lakh per aana,3 aana,,20.0,,,2021-07-01,7800000,3.0,2600000
99aana.com,https://99aana.com/property/land-for-sale-at-bansbari-kathmandu-8582/,"Land for sale at Bansbari, Kathmandu",Land,Bansbari,Kathmandu,"Bansbari, Kathmandu",Rs 45 Lakh / aana,1-10-0-0,,13.0,,,2021-07-04,117000000,26.0,4500000
99aana.com,https://99aana.com/property/land-for-sale-at-katunje-bhaktapur-8581/,"Land for sale at Katunje, Bhaktapur",Land,Katunje,Bhaktapur,"Katunje, Bhaktapur",Rs. 22 lakh 50 thousand per aana,0-4-2-0,,14.0,,,2021-07-04,10125000,4.5,2250000
99aana.com,https://99aana.com/property/land-for-sale-at-pragatinagar-devdaha-rupandehi-8573/,"Land for sale at Pragatinagar, Devdaha, Rupandehi",Land,Devdaha,Rupandehi,"Pragatinagar, Devdaha, Rupandehi",Rs 1 lakh 75 thousand per dhur,4 kattha,,30.0,,,2021-07-04,14000000,42.6,328635
99aana.com,https://99aana.com/property/land-for-sale-at-sirutar-bhaktapur-8592/,"Land for Sale at Sirutar, Bhaktapur",Land,Sirutar,Bhaktapur,"Sirutar, Bhaktapur",Rs. 27 lakh per aana,0-4-0-0,,,,,2021-07-05,10800000,4.0,2700000
99aana.com,https://99aana.com/property/land-for-sale-at-tathali-bhaktapur-8591/,"Land for sale at Tathali, Bhaktapur",Land,Tathali,Bhaktapur,"Tathali, Bhaktapur",Rs. 14 lakh per aana,0-12-0-0,,20.0,,,2021-07-05,16800000,12.0,1400000
99aana.com,https://99aana.com/property/land-for-sale-at-danchhi-kathmandu-8585/,"Land for sale at Danchhi, Kathmandu",Land,Danchhi,Kathmandu,"Danchhi, Kathmandu",Rs 15 lakh per aana,0-4-0-0,,20.0,,,2021-07-05,6000000,4.0,1500000
99aana.com,https://99aana.com/property/land-for-sale-at-gundu-bhaktapur-8586/,"Land for sale at Gundu, Bhaktapur",Land,Gundu,Bhaktapur,"Gundu, Bhaktapur",Rs 7 lakh 75 thousand per aana,0-8-0-0,,16.0,,,2021-07-05,6200000,8.0,775000
99aana.com,https://99aana.com/property/land-for-sale-at-shankarpur-kerbani-09-devdaha-rupandehi-8584/,"Land for sale at Shankarpur, Kerbani-09, Devdaha, Rupandehi",Land,Devdaha,Rupandehi,"Shankarpur, Kerbani-09, Devdaha, Rupandehi","Rs.3,000,000",27 dhur,,20.0,,,2021-07-05,3000000,14.378,208657
99aana.com,https://99aana.com/property/land-for-sale-at-butwal-rupandehi-8600/,"Land for sale at Butwal, Rupandehi",Land,Butwal,Rupandehi,"Butwal, Rupandehi",Rs. 75 lakh,50 dhur,,20.0,,,2021-07-06,7500000,26.625,281687
99aana.com,https://99aana.com/property/land-for-sale-at-tarkeshwor-kathmandu-8601/,"Land for sale at Tarkeshwor, Kathmandu",Land,Tarkeshwor,Kathmandu,"Tarkeshwor, Kathmandu",Rs.28 lakh per aana,0-4-2-0,,26.0,,,2021-07-06,12600000,4.5,2800000
99aana.com,https://99aana.com/property/land-for-sale-at-bharatpur-27-chitwan-8602/,"Land for sale at Bharatpur-27, Chitwan",Land,Bharatpur,Chitwan,"Bharatpur-27, Chitwan",Rs. 18 lakh per aana,3 bigha,,6.0,,,2021-07-06,1150211833,639.007,1800000
99aana.com,https://99aana.com/property/land-for-sale-at-baluwatar-kathmandu-8604/,"Land for sale at Baluwatar, Kathmandu",Land,Baluwatar,Kathmandu,"Baluwatar, Kathmandu",Rs 55 Lakh / aana,0-5-2-2,,10.0,,,2021-07-06,30937500,5.625,5500000
99aana.com,https://99aana.com/property/land-for-sale-at-budhanilkantha-chowk-kathmandu-8597/,"Land for sale at Budhanilkantha Chowk, Kathmandu",Land,Budhanilkantha,Kathmandu,"Budhanilkantha Chowk, Kathmandu",Rs 38 lakh per aana,0-12-0-0,,13.0,,,2021-07-06,45600000,12.0,3800000
99aana.com,https://99aana.com/property/land-for-sale-at-hattiban-lalitpur-2-8615/,"Land for sale at Hattiban, Lalitpur",Land,Hattiban,Lalitpur,"Hattiban, Lalitpur",Rs 35-37 Lakh / aana,6-0-0-0,,,,,2021-07-07,355200000,96.0,3700000
99aana.com,https://99aana.com/property/land-for-sale-at-ramkot-kathmandu-8606/,"Land for sale at Ramkot, Kathmandu",Land,Ramkot,Kathmandu,"Ramkot, Kathmandu",Rs 9 lakh per aana,6-0-0-0,,,,,2021-07-07,86400000,96.0,900000
99aana.com,https://99aana.com/property/land-for-sale-at-bhangal-budhanilkantha-kathmandu-8605/,"Land for Sale at Bhangal, Budhanilkantha, Kathmandu",Land,Budhanilkantha,Kathmandu,"Bhangal, Budhanilkantha, Kathmandu",33 lakh per aana,0-15-0-0,,20.0,,,2021-07-07,49500000,15.0,3300000
99aana.com,https://99aana.com/property/land-for-sale-at-sanda-ramgram-01-nawalparasi-8607/,"Land for sale at Sanda, Ramgram-01, Nawalparasi",Land,Ramgram,Rupandehi,"Sanda, Ramgram-01, Rupandehi",Rs 8 lakh 50 thousand per kattha,7.5 kattha,,20.0,,,2021-07-07,6375000,79.876,79811
99aana.com,https://99aana.com/property/land-for-sale-at-chamati-kathmandu-8608/,"Land for sale at Chamati, Kathmandu",Land,Chamati,Kathmandu,"Chamati, Kathmandu",Rs 55 lakh per aana,0-4-3-2,,20.0,,,2021-07-07,26812500,4.875,5500000
99aana.com,https://99aana.com/property/land-for-sale-at-lalitpur-8623/,Land for sale at Lalitpur,Land,,Lalitpur,Lalitpur,Rs. 20 lakh 50 thousand per aana,0-4-0-0,,18.0,,,2021-07-08,8200000,4.0,2050000
99aana.com,https://99aana.com/property/land-for-sale-at-samakhusi-kathmandu-8624/,"Land for sale at Samakhusi, Kathmandu",Land,Samakhusi,Kathmandu,"Samakhusi, Kathmandu",Rs. 45 Lakh per aana,1-1-0-0,,20.0,,,2021-07-08,76500000,17.0,4500000
99aana.com,https://99aana.com/property/land-for-sale-at-sitapaila-kathmandu-8362/,"Land for sale at Sitapaila, Kathmandu",Land,Sitapaila,Kathmandu,"Sitapaila, Kathmandu",Rs.13 lakh  to 16 lakh per aana,6-0-0-0,,24.0,,,2021-07-09,278400000,96.0,2900000
99aana.com,https://99aana.com/property/land-for-sale-at-syuchatar-kalanki-kathmandu-8618/,"Land for sale at Syuchatar, Kalanki, Kathmandu",Land,Kalanki,Kathmandu,"Syuchatar, Kalanki, Kathmandu",Rs 26 lakh per aana,0-5-2-0,,13.0,,,2021-07-08,14300000,5.5,2600000
99aana.com,https://99aana.com/property/land-for-sale-at-kirtipur-04-kathmandu-8627/,"Land for sale at Kirtipur-04, Kathmandu",Land,Kirtipur,Kathmandu,"Kirtipur-04, Kathmandu",Rs 22 lakh per aana,3 aana-4 aana,,13.0,,,2021-07-09,15400000,7.0,2200000
99aana.com,https://99aana.com/property/land-for-sale-at-hakui-ramgram-nawalparasi-8629/,"Land for sale at Hakui, Ramgram, Nawalparasi",Land,Nawalparasi,,"Hakui, Ramgram, Nawalparasi",13 lakh per kattha,4.5 bigha,,20.0,,,2021-07-09,117000000,958.51,122064
99aana.com,https://99aana.com/property/land-for-sale-at-urlabari-08-morang-8631/,"Land for sale at Urlabari-08, Morang",Land,Urlabari,Morang,"Urlabari-08, Morang",95 thousand per dhur,10.5 dhur,,20.0,,,2021-07-09,997500,5.591,178402
99aana.com,https://99aana.com/property/land-for-sale-at-hetauda-makwanpur-7637/,"Land for sale at Hetauda, Makwanpur",Land,Hetauda,Makwanpur,"Hetauda, Makwanpur",Rs.16 lakh 50 thousand per dhur.,8 dhur,,20.0,,,2021-03-05,13200000,4.26,3098560
99aana.com,https://99aana.com/property/land-for-sale-at-budhanilkantha-kathmandu-8641/,"Land for sale at Budhanilkantha, Kathmandu",Land,Budhanilkantha,Kathmandu,"Budhanilkantha, Kathmandu",29 lakh per aana,0-5-0-0,,13.0,,,2021-07-11,14500000,5.0,2900000
99aana.com,https://99aana.com/property/land-for-sale-at-lubhu-lalitpur-8642/,"Land for Sale at Lubhu, Lalitpur",Land,Lubhu,Lalitpur,"Lubhu, Lalitpur",17 lakh 50 thousand per aana,0-4-0-0,,22.0,,,2021-07-11,7000000,4.0,1750000
99aana.com,https://99aana.com/property/land-for-sale-at-tallo-bhangal-budhanilkantha-kathmandu-8652/,"Land for sale at Tallo Bhangal, Budhanilkantha, Kathmandu",Land,Budhanilkantha,Kathmandu,"Tallo Bhangal, Budhanilkantha, Kathmandu",Rs 35 lakh per aana,0-6-0-0,,13.0,,,2021-07-12,21000000,6.0,3500000
99aana.com,https://99aana.com/property/land-for-sale-at-thali-kathmandu-8653/,"Land for sale at Thali, Kathmandu",Land,Thali,Kathmandu,"Thali, Kathmandu",Rs.22 lakh per aana,0-3-2-0,,13.0,,,2021-07-12,7700000,3.5,2200000
99aana.com,https://99aana.com/property/land-for-sale-at-matatirtha-kathmandu-8669/,"Land for sale at Matatirtha, Kathmandu",Land,Rs. Rs. Lakh Thousand Per Aana,,Rs. 16 lakh 50 thousand per aana,Rs. 16 lakh 50 thousand per aana,0-7-3-0,,13.0,,,2021-07-13,12787500,7.75,1650000
99aana.com,https://99aana.com/property/land-for-sale-at-goldhunga-kathmandu-8668/,"Land for sale at Goldhunga, Kathmandu",Land,Goldhunga,Kathmandu,"Goldhunga, Kathmandu",Rs. 7 lakh per aana,1-2-3-0,,13.0,,,2021-07-13,13125000,18.75,700000
99aana.com,https://99aana.com/property/land-for-sale-at-bishalnagar-kathmandu-8660/,"Land for sale at Bishalnagar, Kathmandu",Land,Bishalnagar,Kathmandu,"Bishalnagar, Kathmandu",Rs 70 lakh per aana,0-14-0-0,,13.0,,,2021-07-13,98000000,14.0,7000000
99aana.com,https://99aana.com/property/land-for-sale-at-pepsicola-kathmandu-8664/,"Land for sale at Pepsicola, Kathmandu",Land,Pepsicola,Kathmandu,"Pepsicola, Kathmandu",Rs 55 lakh per aana,0-4-0-0,,20.0,,,2021-07-13,22000000,4.0,5500000
99aana.com,https://99aana.com/property/land-for-sale-at-dharampur-shivasatakshi-jhapa-8671/,"Land for sale at Dharampur, Shivasatakshi, Jhapa",Land,Shivasatakshi,Jhapa,"Dharampur, Shivasatakshi, Jhapa",Rs 7 lakh 50 thousand per kattha,1.5 bigha,,40.0,,,2021-07-14,22500000,319.503,70422
99aana.com,https://99aana.com/property/land-for-sale-at-ratuwamai-07-morang-8672/,"Land for sale at Ratuwamai-07, Morang",Land,Ratuwamai,Morang,"Ratuwamai-07, Morang",Rs 10 lakh per bigha,3 bigha,,20.0,,,2021-07-14,3000000,639.007,4695
99aana.com,https://99aana.com/property/land-for-sale-at-kerwani-03-devdaha-rupandehi-8674/,"Land for sale at Kerwani-03, Devdaha, Rupandehi",Land,Devdaha,Rupandehi,"Kerwani-03, Devdaha, Rupandehi",16 lakh 50 thousand per kattha,1 kattha,,20.0,,,2021-07-14,1650000,10.65,154928
99aana.com,https://99aana.com/property/land-for-sale-at-nayapati-gokarneshwor-kathmandu-8678/,"Land for sale at Nayapati, Gokarneshwor, Kathmandu",Land,Gokarneshwor,Kathmandu,"Nayapati, Gokarneshwor, Kathmandu",Rs. 17 lakh per aana,0-4-0-0,,10.0,,,2021-07-14,6800000,4.0,1700000
99aana.com,https://99aana.com/property/land-for-sale-at-hetauda-makwanpur-8666/,"Land for sale at Hetauda-6, Makwanpur",Land,Hetauda,Makwanpur,"Hetauda-6, Makwanpur",Rs. 3 lakh 50 thousand per aana,5 aana 3 paisa,,4.0,,,2021-07-14,2012500,5.75,350000
99aana.com,https://99aana.com/property/land-for-sale-at-kirtipur-kathmandu-8681/,"Land for sale at Kirtipur, Kathmandu",Land,Kirtipur,Kathmandu,"Kirtipur, Kathmandu",Rs 20 lakh per aan,3 aana-4aana,,13.0,,,2021-07-14,2000000,7.0,285714
99aana.com,https://99aana.com/property/land-for-sale-at-kirtipur-kathmandu-8691/,"Land for sale at Kirtipur, Kathmandu",Land,Kirtipur,Kathmandu,"Kirtipur, Kathmandu",18 lakh 50 thousand per aana,0-4-0-0,,13.0,,,2021-07-16,7400000,4.0,1850000
99aana.com,https://99aana.com/property/land-for-sale-at-sagarmatha-tole-kapan-budhanilkantha-kathmandu-8692/,"Land for sale at Sagarmatha Tole, Kapan, Budhanilkantha, Kathmandu",Land,Budhanilkantha,Kathmandu,"Sagarmatha Tole, Kapan, Budhanilkantha, Kathmandu",Rs 34 lakh per aana,0-4-0-0,,12.0,,,2021-07-16,13600000,4.0,3400000
99aana.com,https://99aana.com/property/land-for-sale-at-narayanthan-kathmandu-8711/,"Land for sale at Narayanthan, Kathmandu",Land,Narayanthan,Kathmandu,"Narayanthan, Kathmandu",Rs 45 Lakh / aana,0-6-0-0,,13.0,,,2021-07-18,27000000,6.0,4500000
99aana.com,https://99aana.com/property/land-for-sale-at-tokha-kathmandu-8709/,"Land for sale at Tokha, Kathmandu",Land,Tokha,Kathmandu,"Tokha, Kathmandu",Rs. 40 lakh per aana,0-11-0-0,,32.0,,,2021-07-18,44000000,11.0,4000000
99aana.com,https://99aana.com/property/land-for-sale-at-narayanthan-kathmandu-8708/,"Land for Sale at Narayanthan, Kathmandu",Land,Narayanthan,Kathmandu,"Narayanthan, Kathmandu",Rs. 29 lakh per aana,1-0-0-0,,13.0,,,2021-07-18,46400000,16.0,2900000
99aana.com,https://99aana.com/property/land-for-sale-at-kalanki-kathmandu-8702/,"Land for Sale at Kalanki, Kathmandu",Land,Kalanki,Kathmandu,"Kalanki, Kathmandu",Rs 60 lakh per aana,0-5-1-0,,16.0,,,2021-07-18,31500000,5.25,6000000
99aana.com,https://99aana.com/property/land-for-sale-at-sitapaila-kathmandu-8703/,"Land for sale at Sitapaila, Kathmandu",Land,Sitapaila,Kathmandu,"Sitapaila, Kathmandu",Rs 26 lakh per aana,4 aana,,13.0,,,2021-07-18,10400000,4.0,2600000
99aana.com,https://99aana.com/property/land-for-sale-at-meghauli-bharatpur-27-chitwan-8705/,"Land for sale at Meghauli, Bharatpur-27, Chitwan",Land,Bharatpur,Chitwan,"Meghauli, Bharatpur-27, Chitwan",Rs 20 lakh per kattha,3 bigha,,6.0,,,2021-07-18,120000000,639.007,187791
99aana.com,https://99aana.com/property/land-for-sale-at-kirtipur-kathmandu-8714/,"Land for sale at Kirtipur, Kathmandu",Land,Kirtipur,Kathmandu,"Kirtipur, Kathmandu",Rs 15 lakh per aana,0-3-2-0,,20.0,,,2021-07-19,5250000,3.5,1500000
99aana.com,https://99aana.com/property/land-for-sale-at-ratuwamai-morang-8713/,"Land for sale at Ratuwamai, Morang",Land,Ratuwamai,Morang,"Ratuwamai, Morang",Rs 15 lakh per bigha,5 bigha,,20.0,,,2021-07-19,7500000,1065.011,7042
99aana.com,https://99aana.com/property/land-for-sale-at-chipagadh-rupandehi-8712/,"Land for sale at Chipagadh, Rupandehi",Land,Chipagadh,Rupandehi,"Chipagadh, Rupandehi",Rs 8 lakh per kattha,5 bigha,,30.0,,,2021-07-19,80000000,1065.011,75117
99aana.com,https://99aana.com/property/land-for-sale-at-changunarayan-bhaktapur-8715/,"Land for sale at Changunarayan, Bhaktapur",Land,Changunarayan,Bhaktapur,"Changunarayan, Bhaktapur",Rs 13 lakh per aana,0-6-1-0,,26.0,,,2021-07-19,8125000,6.25,1300000
99aana.com,https://99aana.com/property/land-for-sale-at-tathali-bhaktapur-2-8721/,"Land for sale at Tathali, Bhaktapur",Land,Tathali,Bhaktapur,"Tathali, Bhaktapur","Rs 14,50,000 per aana",0-3-1-0,,20.0,,,2021-07-19,4712500,3.25,1450000
99aana.com,https://99aana.com/property/land-for-sale-at-itahara-morang-8724/,"Land for sale at Itahara, Morang",Land,Moramg,,"Itahara, Moramg","Rs.4,500,000",10 kattha,,30.0,,,2021-07-20,4500000,106.501,42253
99aana.com,https://99aana.com/property/land-for-sale-at-rapti-08-chitwan-8722/,Land for sale at Rapti-08 Chitwan,Land,Rapti,Chitwan,"Rapti-08, Chitwan",19 lakh per kattha,15 kattha,,,,,2021-07-20,28500000,159.752,178402
99aana.com,https://99aana.com/property/land-for-sale-at-gokul-aawas-lalitpur-8736/,"Land for sale at Gokul Aawas, Lalitpur",Land,Gokul Aawas,Lalitpur,"Gokul Aawas, Lalitpur",Rs. 39 lakh per aana,0-4-1-0,,14.0,,,2021-07-21,16575000,4.25,3900000
99aana.com,https://99aana.com/property/land-for-sale-at-urlabari-08-morang-8740/,"Land for sale at Urlabari-08, Morang",Land,Urlabari,Morang,"Urlabari-08, Morang","Rs.1,050,000",10.5 dhur,,20.0,,,2021-07-22,1050000,5.591,187791
99aana.com,https://99aana.com/property/land-for-sale-at-durga-colony-kalanki-kathmandu-8741/,"Land for sale at Durga Colony, Kalanki, Kathmandu",Land,Kalanki,Kathmandu,"Durga Colony, Kalanki, Kathmandu",Rs 42 lakh per aana,0-5-0-0,,16.0,,,2021-07-22,21000000,5.0,4200000
99aana.com,https://99aana.com/property/land-for-sale-at-thankot-kathmandu-8750/,"Land for sale at Thankot, Kathmandu",Land,Thankot,Kathmandu,"Thankot, Kathmandu",Rs. 13 lakh per aana,16 aana,,,,,2021-07-23,20800000,16.0,1300000
99aana.com,https://99aana.com/property/land-for-sale-at-pipal-chowk-itahari-sunsari-8757/,"Land for sale at Pipal Chowk, Itahari, Sunsari",Land,Itahari,Sunsari,"Pipal Chowk, Itahari, Sunsari",3 lakh 60 thousand per dhur,7.5 dhur,,20.0,,,2021-07-23,2700000,3.994,676049
99aana.com,https://99aana.com/property/land-for-sale-at-bhairahawa-parasi-road-rupandehi-8762/,"Land for sale at Bhairahawa-Parasi Road, Rupandehi",Land,Bhairahawa-Parasi,Rupandehi,"Bhairahawa-Parasi Road, Rupandehi",10 lakh 50 thousand per kattha,34 kattha,,25.0,,,2021-07-25,35700000,362.104,98591
99aana.com,https://99aana.com/property/land-for-sale-at-kalika-06-chitwan-8764/,"Land for sale at Kalika-06, Chitwan",Land,Kalika,Chitwan,"Kalika-06, Chitwan","Rs.2,500,000",12 dhur,,6.0,,,2021-07-25,2500000,6.39,391232
99aana.com,https://99aana.com/property/land-for-sale-at-govindpur-morang-8760/,"Land for sale at Govindpur, Morang",Land,Govindpur,Morang,"Govindpur, Morang","Rs.2,500,000",50 kattha,,20.0,,,2021-07-25,2500000,532.505,4695
99aana.com,https://99aana.com/property/land-for-sale-at-lasuntar-kapan-budhanilkantha-11-kathmandu-8769/,"Land for sale at Lasuntar, Kapan, Budhanilkantha-11, Kathmandu",Land,Budhanilkantha,Kathmandu,"Lasuntar, Kapan, Budhanilkantha-11, Kathmandu",Rs 28 lakh 25 thousand per aana,0-5-0-0,,13.0,,,2021-07-26,14125000,5.0,2825000
99aana.com,https://99aana.com/property/land-for-sale-at-sankhu-kathmandu-8771/,"Land for sale at Sankhu, Kathmandu",Land,Sankhu,Kathmandu,"Sankhu, Kathmandu",Rs 10 lakh per aan,0-3-0-0,,10.0,,,2021-07-26,1000000,3.0,333333
99aana.com,https://99aana.com/property/land-for-sale-at-golfutar-chowk-kathmandu-8776/,"Land for sale at Golfutar Chowk, Kathmandu",Land,Golfutar Cgowk,Kathmandu,"Golfutar Cgowk, Kathmandu","Rs.55,000,000",0-8-0-0,,15.0,,,2021-07-27,55000000,8.0,6875000
99aana.com,https://99aana.com/property/land-for-sale-at-shardanagar-chitwan-8777/,"Land for sale at Shardanagar, Chitwan",Land,Shardanagar,Chitwan,"Shardanagar, Chitwan","Rs.3,600,000",12 dhur,,6.0,,,2021-07-27,3600000,6.39,563374
99aana.com,https://99aana.com/property/land-for-sale-at-urlabari-08-morang-8778/,"Land for sale at Urlabari-08, Morang",Land,Urlabari,Morang,"Urlabari-08, Morang",Rs 80 thousand per dhur,30 dhur,,40.0,,,2021-07-27,2400000,15.975,150233
99aana.com,https://99aana.com/property/land-for-sale-at-shiktahat-06-rupandehi-8779/,Land for sale at Shiktahat-06 Rupandehi,Land,Shiktahat,Rupandehi,"Shiktahat, Rupandehi",Rs 9 lakh 50 thousand per kattha,10 bigha,,40.0,,,2021-07-27,190000000,2130.022,89201
99aana.com,https://99aana.com/property/land-for-sale-at-pasikot-budhanilkantha-kathmandu-8784/,"Land for sale at Pasikot, Budhanilkantha, Kathmandu",Land,Budhanilkantha,Kathmandu,"Pasikot, Budhanilkantha, Kathmandu",Rs 37 lakh per aana,0-8-0-0,,14.0,,,2021-07-28,29600000,8.0,3700000
99aana.com,https://99aana.com/property/land-for-sale-at-dhapakhel-lalitpur-8783/,"Land for sale at Dhapakhel, Lalitpur",Land,Dhapakhel,Lalitpur,"Dhapakhel, Lalitpur",Rs 38 lakh per aana,0-5-0-0,,15.0,,,2021-07-28,19000000,5.0,3800000
99aana.com,https://99aana.com/property/land-for-sale-at-chapagaunsheraphant-godawari-11-lalitpur-7910/,"Land for sale at Chapagaun(Sheraphant), Godawari-11, Lalitpur",Land,Godawari,Lalitpur,"Chapagaun(Sheraphant), Godawari-11, Lalitpur",Rs.12 lakh 50 thousand – Rs. 13 lakh 50 thousand per aana,3 aana 2 paisa-5 aana,,20.0,,,2021-04-19,22100000,8.5,2600000
99aana.com,https://99aana.com/property/land-for-sale-at-pepsicola-kathmandu-8808/,"Land for sale at Pepsicola, Kathmandu",Land,Pepsicola,Kathmandu,"Pepsicola, Kathmandu",Rs 33 Lakh per aana,0-4-0-2,,12.0,,,2021-08-01,13612500,4.125,3300000
99aana.com,https://99aana.com/property/land-for-sale-at-sankhu-kathmandu-8798/,"Land for sale at Sankhu, Kathmandu",Land,Sankhu,Kathmandu,"Sankhu, Kathmandu",Rs 13 lakh 50 thousand per aana,0-4-0-0,,20.0,,,2021-08-01,5400000,4.0,1350000
99aana.com,https://99aana.com/property/land-for-sale-at-lubhu-lalitpur-8802/,"Land for Sale at Lubhu, Lalitpur",Land,Lubhu,Lalitpur,"Lubhu, Lalitpur","Rs.5,500,000",0-2-3-0,,26.0,,,2021-08-01,5500000,2.75,2000000
99aana.com,https://99aana.com/property/land-for-sale-at-itahari-sunsari-8809/,"Land for sale at Itahari, Sunsari",Land,Itahari,Sunsari,"Itahari, Sunsari","Rs.1,850,000",7 dhur,,20.0,,,2021-08-02,1850000,3.728,496306
99aana.com,https://99aana.com/property/land-for-sale-at-matikhel-thankot-kathmandu-8810/,"Land for sale at Matikhel, Thankot, Kathmandu",Land,Thankot,Kathmandu,"Matikhel, Thankot, Kathmandu",Rs 15 lakh 50 thousand per aana,0-10-0-0,,13.0,,,2021-08-02,15500000,10.0,1550000
99aana.com,https://99aana.com/property/land-for-sale-at-satungal-thankot-kathmandu-8811/,"Land for sale at Satungal, Thankot, Kathmandu",Land,Thankot,Kathmandu,"Satungal, Thankot, Kathmandu",Rs 28 lakh per aana,0-3-3-0,,13.0,,,2021-08-02,10500000,3.75,2800000
99aana.com,https://99aana.com/property/land-for-sale-at-mahadev-colony-budhanilkantha-kathmandu-8812/,"Land for sale at Mahadev Colony, Budhanilkantha, Kathmandu",Land,Budhanilkantha,Kathmandu,"Mahadev Colony, Budhanilkantha, Kathmandu",Rs 36 lakh per aana,0-5-0-0,,13.0,,,2021-08-02,18000000,5.0,3600000
99aana.com,https://99aana.com/property/land-for-sale-at-bhangal-budhanilkantha-07-kathmandu-8816/,"Land for sale at Bhangal, Budhanilkantha-07, Kathmandu",Land,Budhanilkantha,Kathmandu,"Bhangal, Budhanilkantha-07, Kathmandu",Rs 34 lakh 50 thousand per aana,0-3-0-2,,13.0,,,2021-08-02,10781250,3.125,3450000
99aana.com,https://99aana.com/property/land-for-sale-at-maulibari-urlabari-08-morang-8834/,"Land for sale at Maulibari, Urlabari-08, Morang",Land,Urlabari,Morang,"Maulibari, Urlabari-08, Morang","Rs.1,500,000",5 kattha,,,,,2021-08-04,1500000,53.251,28169
99aana.com,https://99aana.com/property/land-for-sale-at-durgapuri-urlabari-08-morang-8835/,"Land for sale at Durgapuri, Urlabari-08, Morang",Land,Urlabari,Morang,"Durgapuri, Urlabari-08, Morang",Rs 75 thousand per dhur,1 kattha,,20.0,,,2021-08-04,1500000,10.65,140844
99aana.com,https://99aana.com/property/land-for-sale-at-tilauli-ramgram-nawalparasi-8780/,"Land for sale at Tilauli, Ramgram, Nawalparasi",Land,Nawalparasi,,"Tilauli, Ramgram, Nawalparasi",Rs 8 lakh 50 thousand per kattha,6.5 bigha,,20.0,,,2021-07-27,110500000,1384.514,79811
99aana.com,https://99aana.com/property/land-for-sale-at-budhanilkantha-kathmandu-6-8857/,"Land for sale at Budhanilkantha, Kathmandu",Land,Budhanilkantha,Kathmandu,"Budhanilkantha, Kathmandu",Rs 55 Lakh per aana,5-10-0-0,,,,,2021-08-05,495000000,90.0,5500000
99aana.com,https://99aana.com/property/land-for-sale-at-tilauli-ramgram-nawalparasi-8856/,"Land for sale at Tilauli, Ramgram, Nawalparasi.",Land,Nawalparasi,,"Tilauli, Ramgram, Nawalparasi.",Rs 5 lakh 50 thousand per kattha,2.5 bigha,,20.0,,,2021-08-05,27500000,532.505,51643
99aana.com,https://99aana.com/property/land-for-sale-at-machhegaun-chandragiri-kathmandu-8855/,"Land for sale at Machhegaun, Chandragiri, Kathmandu",Land,Chandragiri,Kathmandu,"Machhegaun, Chandragiri, Kathmandu","Rs.4,500,000",0-3-1-0,,10.0,,,2021-08-05,4500000,3.25,1384615
99aana.com,https://99aana.com/property/land-for-sale-at-sitapaila-kathmandu-8854/,"Land for sale at Sitapaila, Kathmandu",Land,Sitapaila,Kathmandu,"Sitapaila, Kathmandu",Rs 45 lakh per aana,0-5-0-0,,13.0,,,2021-08-05,22500000,5.0,4500000
99aana.com,https://99aana.com/property/land-for-sale-at-ramkot-kathmandu-8843/,Land for sale at Ramkot Kathmandu,Land,Ramkot,Kathmandu,"Ramkot, Kathmandu",Rs 11 lakh per aana,5-0-0-0,,26.0,,,2021-08-05,88000000,80.0,1100000
99aana.com,https://99aana.com/property/land-for-sale-at-urlabari-08-morang-8846/,"Land for sale at Urlabari-08, Morang",Land,Urlabari,Morang,"Urlabari-08, Morang","Rs.1,600,000",8 dhur,,20.0,,,2021-08-05,1600000,4.26,375583
99aana.com,https://99aana.com/property/land-for-sale-at-taukhel-godawari-lalitpur-8871/,"Land for sale at Taukhel, Godawari, Lalitpur",Land,Godawari,Lalitpur,"Taukhel, Godawari, Lalitpur",Rs. 26 lakh per aana,0-8-1-0,,11.0,,,2021-08-08,21450000,8.25,2600000
99aana.com,https://99aana.com/property/land-for-sale-at-namuna-colony-kalyanpur-bharatpur-05-chitwan-8863/,"Land for sale at Namuna Colony, Kalyanpur Bharatpur-05 Chitwan",Land,Bharatpur,Chitwan,"Namuna Colony, Kalyanpur, Bharatpur-05, Chitwan","Rs.3,300,000",10 dhur,,6.0,,,2021-08-08,3300000,5.325,619712
99aana.com,https://99aana.com/property/land-for-sale-at-lubhu-lalitpur-8866/,"Land for Sale at Lubhu, Lalitpur",Land,Lubhu,Lalitpur,"Lubhu, Lalitpur",Rs 22 lakh 50 thousand per aana,0-3-2-0,,13.0,,,2021-08-08,7875000,3.5,2250000
99aana.com,https://99aana.com/property/land-for-sale-at-hepali-height-budhanilkantha-kathmandu-8874/,"Land for sale at Hepali Height, Budhanilkantha, Kathmandu",Land,Budhanilkantha,Kathmandu,"Hepali Height, Budhanilkantha, Kathmandu",Rs 46 lakh per aana,0-4-0-0,,13.0,,,2021-08-08,18400000,4.0,4600000
99aana.com,https://99aana.com/property/land-for-sale-at-kalanki-kathmandu-8883/,"Land for Sale at Kalanki, Kathmandu",Land,Kalanki,Kathmandu,"Kalanki, Kathmandu",Rs 47 lakh per aana,0-2-0-2,,13.0,,,2021-08-08,9987500,2.125,4700000
99aana.com,https://99aana.com/property/land-for-sale-at-sunawarshi-morang-8885/,"Land for sale at Sunawarshi, Morang",Land,Sunawarshi,Morang,"Sunawarshi, Morang",Rs 14 lakh 50 thousand per bigha,10 bigha,,16.0,,,2021-08-08,14500000,2130.022,6807
99aana.com,https://99aana.com/property/land-for-sale-at-kirtipur-kathmandu-8886/,"Land for sale at Kirtipur, Kathmandu",Land,Kirtipur,Kathmandu,"Kirtipur, Kathmandu",Rs 5 lakh 50 thousand per aana,5-5-0-0,,13.0,,,2021-08-08,46750000,85.0,550000
99aana.com,https://99aana.com/property/land-for-sale-at-sinamangal-kathmandu-8879/,"Land for sale at Sinamangal, Kathmandu",Land,Sinamangal,Kathmandu,"Sinamangal, Kathmandu",Rs. 60 lakh per aana,0-5-2-0,,10.0,,,2021-08-09,33000000,5.5,6000000
99aana.com,https://99aana.com/property/land-for-sale-at-bhaktapur-8880/,Land for sale at Bhaktapur,Land,,Bhaktapur,Bhaktapur,Rs. 3 lakh 50 thousand per aana,0-12-0-0,,10.0,,,2021-08-09,4200000,12.0,350000
99aana.com,https://99aana.com/property/land-for-sale-at-pharping-kathmandu-8890/,"Land for sale at Pharping, Kathmandu",Land,Pharping,Kathmandu,"Pharping, Kathmandu",Rs. 12-15 lakh per aana,1-4-0-0,,15.0,,,2021-08-10,30000000,20.0,1500000
99aana.com,https://99aana.com/property/land-for-sale-at-thankot-kharibot-kathmandu-8895/,"Land for sale at Thankot Kharibot, Kathmandu",Land,Thankot Kharibot,Kathmandu,"Thankot Kharibot, Kathmandu",Rs 20 lakh 50 thousand per aana,0-3-0-0,,13.0,,,2021-08-10,6150000,3.0,2050000
99aana.com,https://99aana.com/property/land-for-sale-at-thankot-chandragiri-kathmandu-8896/,"Land for sale at Thankot, Chandragiri, Kathmandu",Land,Chandragiri,Kathmandu,"Thankot, Chandragiri, Kathmandu",Rs 26 lakh 50 thousand per aana,0-4-0-0,,13.0,,,2021-08-10,10600000,4.0,2650000
99aana.com,https://99aana.com/property/land-for-sale-at-taltalaiya-itahari-sunsari-8897/,"Land for sale at Taltalaiya, Itahari, Sunsari",Land,Itahari,Sunsari,"Taltalaiya, Itahari, Sunsari","Rs.2,000,000",9 dhur,,,,,2021-08-10,2000000,4.793,417314
99aana.com,https://99aana.com/property/land-for-sale-at-pragati-height-nayabasti-chandragiri-09-kathmandu-8898/,"Land for sale at Pragati Height, Nayabasti, Chandragiri-09, Kathmandu",Land,Chandragiri,Kathmandu,"Pragati Height Nayabasti, Chandragiri-09, Kathmandu",Rs 20 lakh per aana,0-4-0-0,,13.0,,,2021-08-10,8000000,4.0,2000000
99aana.com,https://99aana.com/property/land-for-sale-at-chhauni-kathmandu-8899/,"Land for Sale at Chhauni, Kathmandu",Land,Chhauni,Kathmandu,"Chhauni, Kathmandu",Rs. 40 lakh per aana,0-6-2-0,,,,,2021-08-11,26000000,6.5,4000000
99aana.com,https://99aana.com/property/land-for-sale-at-kirtipur-kathmandu-8903/,"Land for sale at Kirtipur, Kathmandu",Land,Kirtipur,Kathmandu,"Kirtipur, Kathmandu",Rs 25 Lakh per aana,0-4-0-0,,13.0,,,2021-08-11,10000000,4.0,2500000
99aana.com,https://99aana.com/property/land-for-sale-at-tyanglaphat-kirtipur-kathmandu-8905/,"Land for sale at Tyanglaphat, Kirtipur, Kathmandu",Land,Kirtipur,Kathmandu,"Tyanglaphat, Kirtipur, Kathmandu",Rs 35 lakh per aana,0-3-2-0,,13.0,,,2021-08-11,12250000,3.5,3500000
99aana.com,https://99aana.com/property/land-for-sale-at-mulpani-kathmandu-8906/,"Land for sale at Mulpani, Kathmandu",Land,Mulpani,Kathmandu,"Mulpani, Kathmandu",Rs 25 lakh per aana,0-3-2-0,,13.0,,,2021-08-11,8750000,3.5,2500000
99aana.com,https://99aana.com/property/land-for-sale-at-thankot-checkpost-kathmandu-8907/,"Land for sale at Thankot checkpost, Kathmandu",Land,Thankot Checkpost,Kathmandu,"Thankot Checkpost, Kathmandu",Rs 23 lakh 50 thousand per aana,0-3-2-0,,13.0,,,2021-08-11,8225000,3.5,2350000
99aana.com,https://99aana.com/property/land-for-sale-at-dhaksi-matatirtha-kathmandu-8908/,"Land for sale at Dhaksi, Matatirtha, Kathmandu",Land,Matatirtha,Kathmandu,"Dhaksi, Matatirtha, Kathmandu",Rs 16 lakh 50 thousand per aana,0-3-2-0,,13.0,,,2021-08-11,5775000,3.5,1650000
99aana.com,https://99aana.com/property/land-for-sale-at-sitapaila-kathmandu-8910/,"Land for sale at Sitapaila, Kathmandu",Land,Sitapaila,Kathmandu,"Sitapaila, Kathmandu",Rs.45 lakh per aana,0-3-2-0,,13.0,,,2021-08-12,15750000,3.5,4500000
99aana.com,https://99aana.com/property/land-for-sale-at-pokhara-kaski-8912/,"Land for sale at Pokhara, Kaski",Land,Pokhara,Kaski,"Pokhara, Kaski",Rs. 70 lakh per ropani,3-9-0-0,,6.0,,,2021-08-12,24937500,57.0,437500
99aana.com,https://99aana.com/property/land-for-sale-at-thapagaun-chandragiri-kathmandu-8922/,"Land for sale at Thapagaun, Chandragiri, Kathmandu",Land,Chandragiri,Kathmandu,"Thapagaun, Chandragiri, Kathmandu",Rs. 15 lakh per aana,0-5-0-0,,,,,2021-08-13,7500000,5.0,1500000
99aana.com,https://99aana.com/property/land-for-sale-at-kadaghari-kathmandu-8925/,"Land for sale at Kadaghari, Kathmandu",Land,Kadaghari,Kathmandu,"Kadaghari, Kathmandu",Rs 51 lakh per aana,0-4-0-0,,20.0,,,2021-08-14,20400000,4.0,5100000
99aana.com,https://99aana.com/property/land-for-sale-at-khusi-khusi-machegaun-kathmandu-8927/,"Land for sale at Khusi Khusi, Machegaun, Kathmandu",Land,Machhegaun,Kathmandu,"Khusi Khusi, Machegaun, Kathmandu",Rs 18 lakh 50 thousand per aana,0-4-0-0,,13.0,,,2021-08-14,7400000,4.0,1850000
99aana.com,https://99aana.com/property/land-for-sale-at-sundar-haraicha-morang-8928/,"Land for sale at Sundar Haraicha, Morang",Land,Sundar Haraicha,Morang,"Sundar Haraicha, Morang",Rs 12 lakh 50 thousand per kattha,1 bigha,,20.0,,,2021-08-14,25000000,213.002,117370
99aana.com,https://99aana.com/property/land-for-sale-at-lolang-height-kathmandu-8929/,"Land for sale at Lolang Height, Kathmandu",Land,Lolang Height,Kathmandu,"Lolang Height, Kathmandu",Rs. 25 lakh per aana,0-5-2-0,,10.0,,,2021-08-15,13750000,5.5,2500000
99aana.com,https://99aana.com/property/land-for-sale-at-kritipur-kathmandu-8930/,"Land for Sale at Kritipur, Kathmandu",Land,Kritipur,Kathmandu,"Kritipur, Kathmandu",Rs. 26 Lakh per aana,0-6-0-0,,,,,2021-08-15,15600000,6.0,2600000
99aana.com,https://99aana.com/property/land-for-sale-at-maitrinagar-kalanki-kathmandu-8935/,"Land for Sale at Maitrinagar, Kalanki, Kathmandu",Land,Kalanki,Kathmandu,"Maitrinagar, Kalanki, Kathmandu",Rs 34 lakh per aana,0-3-2-0,,12.0,,,2021-08-15,11900000,3.5,3400000
99aana.com,https://99aana.com/property/land-for-sale-at-tinthana-kathmandu-8936/,"Land for Sale at Tinthana, Kathmandu",Land,Tinthana,Kathmandu,"Tinthana, Kathmandu",Rs 25 lakh per aana,0-4-0-0,,13.0,,,2021-08-15,10000000,4.0,2500000
99aana.com,https://99aana.com/property/land-for-sale-at-kirtipur-kathmandu-8937/,"Land for sale at Kirtipur, Kathmandu",Land,Kirtipur,Kathmandu,"Kirtipur, Kathmandu",Rs 20 lakh per aana,0-3-1-3,,13.0,,,2021-08-15,6875000,3.438,2000000
99aana.com,https://99aana.com/property/land-for-sale-at-thapagaun-chandragiri-09-kathmandu-8938/,"Land for sale at Thapagaun, Chandragiri-09, Kathmandu",Land,Chandragiri,Kathmandu,"Thapagaun, Chandragiri-09, Kathmandu",Rs 17 lakh 50 thousand per aana,0-8-0-0,,20.0,,,2021-08-15,14000000,8.0,1750000
99aana.com,https://99aana.com/property/land-for-sale-at-kadaghari-kathmandu-8945/,"Land for sale at Kadaghari, Kathmandu",Land,Kadaghari,Kathmandu,"Kadaghari, Kathmandu",Rs 37 lakh per aana,0-3-0-0,,20.0,,,2021-08-16,11100000,3.0,3700000
99aana.com,https://99aana.com/property/land-for-sale-at-dandathok-lamatar-lalitpur-8946/,"Land for sale at Dandathok, Lamatar, Lalitpur",Land,Lamatar,Lalitpur,"Dandathok, Lamatar, Lalitpur",Rs 15 lakh 50 thousand per aana,0-3-0-0,,12.0,,,2021-08-16,4650000,3.0,1550000
99aana.com,https://99aana.com/property/land-for-sale-at-lubhu-lalitpur-8947/,"Land for Sale at Lubhu, Lalitpur",Land,Lubhu,Lalitpur,"Lubhu, Lalitpur",Rs 17 lakh 50 thousand per aana,0-4-0-0,,5.0,,,2021-08-16,7000000,4.0,1750000
99aana.com,https://99aana.com/property/land-for-sale-at-gajuri-dhading-8949/,"Commercial Land for sale at Gajuri, Dhading",House,Dhading,,"Gajuri, Dhading",Rs. 7 lakh per aana,1-7-0-0,,24.0,,,2021-08-17,16100000,23.0,700000
99aana.com,https://99aana.com/property/land-for-sale-at-panipokhari-kathmandu-8953/,"Land for sale at Panipokhari, Kathmandu",Land,Panipokhari,Kathmandu,"Panipokhari, Kathmandu",Rs 85 Lakh per aana,0-7-2-2,,13.0,,,2021-08-17,64812500,7.625,8500000
99aana.com,https://99aana.com/property/land-for-sale-at-tarkeshwor-kathmandu-8951/,"Land for sale at Tarkeshwor, Kathmandu",Land,Tarkeshwor,Kathmandu,"Tarkeshwor, Kathmandu",Rs. 12 lakh per aana,3 aana to 4 aana,,26.0,,,2021-08-17,8400000,7.0,1200000
99aana.com,https://99aana.com/property/land-for-sale-at-dhapasi-kathmandu-8952/,"Land for sale at Dhapasi, Kathmandu",Land,Dhapasi,Kathmandu,"Dhapasi, Kathmandu",Rs. 28 lakh per aana,0-6-0-0,,10.0,,,2021-08-17,16800000,6.0,2800000
99aana.com,https://99aana.com/property/land-for-sale-at-sipadol-bhaktapur-8955/,"Land for sale at Sipadol, Bhaktapur",Land,Suryabinayak,Bhaktapur,"Sipadol, Suryabinayak, Bhaktapur",Rs 14 lakh per aana,3 aana 2 paisa,,13.0,,,2021-08-17,4900000,3.5,1400000
99aana.com,https://99aana.com/property/land-for-sale-at-rupakot-kaski-8962/,"Land for Sale at Rupakot, kaski",Land,Rupakot,Kaski,"Rupakot, kaski",Rs. 12 lakh per ropani,18-0-0-0,,,,,2021-08-18,21600000,288.0,75000
99aana.com,https://99aana.com/property/land-for-sale-at-kadaghari-kathmandu-8894/,"Land for sale at Kadaghari, Kathmandu",Land,Kadaghari,Kathmandu,"Kadaghari, Kathmandu",Rs 32 lakh per aana,0-5-2-0,,13.0,,,2021-08-10,17600000,5.5,3200000
99aana.com,https://99aana.com/property/land-for-sale-at-telkot-bhaktapur-8963/,"Land for sale at Telkot, Bhaktapur",Land,Telkot,Bhaktapur,"Telkot, Bhaktapur","Rs 4,50,000 per aana",12-0-0-0,,20.0,,,2021-08-18,86400000,192.0,450000
99aana.com,https://99aana.com/property/land-for-sale-at-budhanilkantha-kathmandu-8965/,"Land for sale at Budhanilkantha, Kathmandu",Land,Budhanilkantha,Kathmandu,"Budhanilkantha, Kathmandu",Rs 31 lakh per aana,0-6-0-0,,16.0,,,2021-08-18,18600000,6.0,3100000
99aana.com,https://99aana.com/property/land-for-sale-at-kushadevi-panauti-kavrepalanchok-8969/,"Land for sale at Kushadevi, Panauti, Kavrepalanchok",Land,Panauti,Kavrepalanchok,"Kushadevi, Panauti, Kavrepalanchok",Rs. 7 lakh per ropani,0-10-0-0,,20.0,,,2021-08-19,437500,10.0,43750
99aana.com,https://99aana.com/property/land-for-sale-at-budhanilkantha-kathmandu-8976/,"Land for sale at Budhanilkantha, Kathmandu",Land,Budhanilkantha,Kathmandu,"Budhanilkantha, Kathmandu",Rs 32 lakh per aana,0-9-2-0,,14.0,,,2021-08-19,30400000,9.5,3200000
99aana.com,https://99aana.com/property/land-for-sale-at-hetauda-makwanpur-8982/,"Land for sale at Hetauda, Makwanpur",Land,Hetauda,Makwanpur,"Hetauda, Makwanpur",Rs. 3 lakh 50 thousand per dhur,20 Dhur,,,,,2021-08-20,7000000,10.65,657270
99aana.com,https://99aana.com/property/land-for-sale-at-suntakhan-gokarna-kathmandu-8986/,"Land for sale at Suntakhan, Gokarna, Kathmandu",Land,Gokarna,Kathmandu,"Suntakhan, Gokarna, Kathmandu","Rs.5,000,000",0-4-3-3,,10.0,,,2021-08-21,5000000,4.938,1012658
99aana.com,https://99aana.com/property/land-for-sale-at-sipadol-bhaktapur-8989/,"Land for sale at Sipadol, Bhaktapur",Land,Sipadol,Bhaktapur,"Sipadol, Bhaktapur",Rs. 11 lakh 50 thousand per aana,5 ropani,,13.0,,,2021-08-22,92000000,80.0,1150000
99aana.com,https://99aana.com/property/land-for-sale-at-nayapati-kathmandu-8990/,"Land for sale at Nayapati, Kathmandu",Land,Nayapati,Kathmandu,"Nayapati, Kathmandu",Rs.16 lakh per aana,0-6-0-0,,20.0,,,2021-08-22,9600000,6.0,1600000
99aana.com,https://99aana.com/property/land-for-sale-at-nagarkot-bhaktapur-8993/,"Land for sale at Nagarkot, Bhaktapur",Land,Bhakatpur,,"Nagarkot, Bhakatpur",Rs 6 Lakh per aana,6-7-0-0,,15.0,,,2021-08-22,61800000,103.0,600000
99aana.com,https://99aana.com/property/land-for-sale-at-matikhel-thankot-kathmandu-8991/,"Land for sale at Thankot, Kathmandu",Land,Thankot,Kathmandu,"Thankot, Kathmandu",Rs. 28 lakh per aana.,0-3-3-0,,20.0,,,2021-08-22,10500000,3.75,2800000
99aana.com,https://99aana.com/property/land-for-sale-at-itahara-morang-8994/,"Land for Sale at Itahara, Morang",Land,Itahara,Morang,"Itahara, Morang",Rs 2 lakh per kattha,18 kattha,,30.0,,,2021-08-23,3600000,191.702,18779
99aana.com,https://99aana.com/property/land-for-sale-at-kalanki-chowk-kathmandu-8995/,"Land for Sale at Kalanki Chowk, Kathmandu",Land,Kalanki,Kathmandu,"Kalanki Chowk, Kathmandu",Rs 22 lakh per aana,6-8-0-0,,20.0,,,2021-08-23,228800000,104.0,2200000
99aana.com,https://99aana.com/property/land-for-sale-at-mathillo-bhangal-budhanilkantha-kathmandu-8996/,"Land for sale at Mathillo Bhangal, Budhanilkantha, Kathmandu",Land,Budhanilkantha,Kathmandu,"Mathillo Bhangal, Budhanilkantha, Kathmandu",Rs 34 lakh per aana,0-4-0-0,,20.0,,,2021-08-23,13600000,4.0,3400000
99aana.com,https://99aana.com/property/land-for-sale-at-chhauni-kathmandu-9001/,"Land for Sale at Chhauni, Kathmandu",Land,Chhauni,Kathmandu,"Chhauni, Kathmandu",Rs. 42 lakh per aana,0-6-2-0,,,,,2021-08-23,27300000,6.5,4200000
99aana.com,https://99aana.com/property/land-for-sale-at-jorpati-kathmandu-9000/,"Land for sale at Jorpati, Kathmandu",Land,Jorpati,Kathmandu,"Jorpati, Kathmandu",Rs. 32 lakh per aana,0-4-0-0,,20.0,,,2021-08-23,12800000,4.0,3200000
99aana.com,https://99aana.com/property/land-for-sale-at-godawari-lalitpur-5-9008/,"Land for sale at Godawari, Lalitpur",Land,Godawari,Lalitpur,"Godawari, Lalitpur","Rs 15,50,000 per aana",3-4 aana,,,,,2021-08-24,6200000,4.0,1550000
99aana.com,https://99aana.com/property/land-for-sale-at-panauti-kavrepalanchok-9011/,"Land for sale at Panauti, Kavrepalanchok",Land,Panauti,Kavrepalanchok,"Panauti, Kavrepalanchok",Rs 2 lakh 50 thousand per aana,0-13-0-0,,3.0,,,2021-08-25,3250000,13.0,250000
99aana.com,https://99aana.com/property/land-for-sale-at-mathillo-bhangal-budhanilkantha-kathmandu-9010/,"Land for sale at Mathillo Bhangal, Budhanilkantha, Kathmandu",Land,Budhanilkantha,Kathmandu,"Mathillo Bhangal, Budhanilkantha, Kathmandu",Rs 34 lakh per aana,1-1-0-0,,13.0,,,2021-08-25,57800000,17.0,3400000
99aana.com,https://99aana.com/property/land-for-sale-at-matikhel-thankot-kathmandu-9012/,"Land for sale at Matikhel, Thankot, Kathmandu",Land,Thankot,Kathmandu,"Matikhel, Thankot, Kathmandu",Rs16 lakh per aana,0-10-0-0,,13.0,,,2021-08-25,16000000,10.0,1600000
99aana.com,https://99aana.com/property/land-for-sale-at-suntakhan-gokarna-kathmandu-9014/,"Land for sale at Suntakhan, Gokarna, Kathmandu",Land,Gokarna,Kathmandu,"Suntakhan, Gokarna, Kathmandu",Rs 11 lakh per aana,3 aana-4 aana,,13.0,,,2021-08-25,7700000,7.0,1100000
99aana.com,https://99aana.com/property/land-for-sale-at-meudihawa-rupandehi-9015/,"Land for sale at Meudihawa, Rupandehi",Land,Meudihawa,Rupandehi,"Meudihawa, Rupandehi",Rs 3 lakh per dhur,5 kattha,,30.0,,,2021-08-25,30000000,53.251,563374
99aana.com,https://99aana.com/property/land-for-sale-at-itahara-morang-9017/,"Land for sale at Itahara, Morang",Land,Itahara,Morang,"Itahara, Morang",Rs 1 lakh 60 thousand per kattha,30 kattha,,30.0,,,2021-08-25,4800000,319.503,15023
99aana.com,https://99aana.com/property/land-for-sale-at-tallo-bhangal-budhanilkantha-kathmandu-9025/,"Land for sale at Tallo Bhangal, Budhanilkantha, Kathmandu",Land,Budhanilkantha,Kathmandu,"Tallo Bhangal, Budhanilkantha, Kathmandu","Rs.8,000,000",0-3-2-0,,11.0,,,2021-08-25,8000000,3.5,2285714
99aana.com,https://99aana.com/property/land-for-sale-at-sitapaila-kathmandu-9026/,"Land for sale at Sitapaila, Kathmandu",Land,Sitapaila,Kathmandu,"Sitapaila, Kathmandu",Rs 17 lakh per aana,0-3-0-0,,,,,2021-08-25,5100000,3.0,1700000
99aana.com,https://99aana.com/property/land-for-sale-at-butwal-16-rupandehi-9027/,"Land for sale at Butwal-16, Rupandehi",Land,Butwal,Rupandehi,"Butwal-16, Rupandehi",Rs 30 lakh per kattha,9.5 kattha,,30.0,,,2021-08-25,28500000,101.176,281687
99aana.com,https://99aana.com/property/land-for-sale-at-hariyali-basti-lolang-kathmandu-9024/,"Land for sale at Hariyali Basti, Lolang, Kathmandu",Land,Lolang,Kathmandu,"Hariyali Basti, Lolang, Kathmandu",Rs 18 lakh per aana,0-3-1-1,,13.0,,,2021-08-25,5962500,3.312,1800000
99aana.com,https://99aana.com/property/land-for-sale-at-satdobato-lalitpur-9040/,"Land for sale at Satdobato, Lalitpur",Land,Satdobato,Lalitpur,"Satdobato, Lalitpur",Rs. 32 lakh per aana,0-4-1-0,,12.0,,,2021-08-27,13600000,4.25,3200000
99aana.com,https://99aana.com/property/land-for-sale-at-gurjudhara-kathmandu-9042/,"Land for sale at Gurjudhara, Kathmandu",Land,Gurjudhara,Kathmandu,"Gurjudhara, Kathmandu",Rs. 20 lakh per aana,1-0-0-2,,13.0,,,2021-08-27,32250000,16.125,2000000
99aana.com,https://99aana.com/property/land-for-sale-at-sitapaila-kathmandu-9046/,"Land for sale at Sitapaila, Kathmandu",Land,Sitapaila,Kathmandu,"Sitapaila, Kathmandu",Rs 32 lakh per aana,0-3-0-0,,12.0,,,2021-08-27,9600000,3.0,3200000
99aana.com,https://99aana.com/property/land-for-sale-at-naikap-tinthana-kathmandu-9047/,"Land for sale at Naikap, Tinthana, Kathmandu",Land,Tinthana,Kathmandu,"Naikap, Tinthana, Kathmandu",Rs 18 lakh per aana,0-5-2-0,,13.0,,,2021-08-27,9900000,5.5,1800000
99aana.com,https://99aana.com/property/land-for-sale-at-bhairahawa-lumbini-highway-rupandehi-9048/,"Land for sale at Bhairahawa-Lumbini Highway, Rupandehi",Land,Bhairahawa-Lumbini Highway,Rupandehi,"Bhairahawa-Lumbini Highway, Rupandehi",Rs 9 lakh 50 thousand per kattha,9 bigha,,30.0,,,2021-08-27,171000000,1917.02,89201
99aana.com,https://99aana.com/property/land-for-sale-at-godawari-lalitpur-9051/,"Land for sale at Godawari, Lalitpur",Land,Godawari,Lalitpur,"Godawari, Lalitpur",Rs. 20 lakh per aana,0-5-0-0,,,,,2021-08-29,10000000,5.0,2000000
99aana.com,https://99aana.com/property/land-for-sale-at-godamchaur-lalitpur-9052/,"Land for sale at Godamchaur, Lalitpur",Land,Godamchaur,Lalitpur,"Godamchaur, Lalitpur",Rs. 15 lakh  per aana,0-3-0-0,,18.0,,,2021-08-29,4500000,3.0,1500000
99aana.com,https://99aana.com/property/land-for-sale-at-tilottama-07-rupandehi-9056/,"Land for sale at Tilottama-07, Rupandehi",Land,Tilottama,Rupandehi,"Tilottama-07, Rupandehi",Rs 2 lakh 50 thousand per dhur,2 kattha,,20.0,,,2021-08-30,10000000,21.3,469479
99aana.com,https://99aana.com/property/land-for-sale-at-kalanki-kathmandu-9057/,"Land for Sale at Kalanki, Kathmandu",Land,Kalanki,Kathmandu,"Kalanki, Kathmandu",Rs 40 lakh per aana,0-4-1-0,,13.0,,,2021-08-30,17000000,4.25,4000000
99aana.com,https://99aana.com/property/land-for-sale-at-chundevi-chakrapath-kathmandu-9058/,"Land for sale at Chundevi, Chakrapath, Kathmandu",Land,Chakrapath,Kathmandu,"Chundevi, Chakrapath, Kathmandu",Rs 57 lakh per aana,0-6-1-0,,13.0,,,2021-08-30,35625000,6.25,5700000
99aana.com,https://99aana.com/property/land-for-sale-at-matikhel-thankot-kathmandu-9060/,"Land for sale at Matikhel, Thankot, Kathmandu",Land,Thankot,Kathmandu,"Matikhel, Thankot, Kathmandu",Rs 13 lakh per aana,0-3-0-0,,13.0,,,2021-08-30,3900000,3.0,1300000
99aana.com,https://99aana.com/property/land-for-sale-at-matikhel-thankot-kathmandu-9069/,"Land for sale at Matikhel, Thankot, Kathmandu",Land,Thankot,Kathmandu,"Matikhel, Thankot, Kathmandu","Rs.4,000,000",0-3-0-0,,10.0,,,2021-08-30,4000000,3.0,1333333
99aana.com,https://99aana.com/property/land-for-sale-at-thankot-checkpost-kathmandu-9070/,"Land for sale at Thankot checkpost, Kathmandu",Land,Thankot Checkpost,Kathmandu,"Thankot Checkpost, Kathmandu",Rs 22 lakh per aana,0-4-0-0,,13.0,,,2021-08-30,8800000,4.0,2200000
99aana.com,https://99aana.com/property/land-for-sale-at-lokanthali-bhaktapur-9071/,"Land for sale at Lokanthali, Bhaktapur",Land,Lokanthali,Bhaktapur,"Lokanthali, Bhaktapur",Rs 36 lakh per aana,0-7-2-0,,13.0,,,2021-08-30,27000000,7.5,3600000
99aana.com,https://99aana.com/property/land-for-sale-at-banasthali-kathmandu-9087/,"Land for Sale at Banasthali, Kathmandu",Land,Banasthali,Kathmandu,"Banasthali, Kathmandu",Rs. 40 lakh per aana,4 Aana 1 paisa,,13.0,,,2021-09-02,17000000,4.25,4000000
99aana.com,https://99aana.com/property/land-for-sale-at-sitapaila-kathmandu-9077/,"Land for sale at Sitapaila, Kathmandu",Land,Sitapaila,Kathmandu,"Sitapaila, Kathmandu",Rs 32 lakh per aana,0-4-0-0,,13.0,,,2021-09-02,12800000,4.0,3200000
99aana.com,https://99aana.com/property/land-for-sale-at-dutapokhari-bhatkepati-kirtipur-kathmandu-9080/,"Land for sale at Dutapokhari, Bhatkepati, Kirtipur, Kathmandu",Land,Kirtipur,Kathmandu,"Dutapokhari, Bhatkepati, Kirtipur, Kathmandu",Rs 18 lakh per aana,0-3-3-0,,13.0,,,2021-09-02,6750000,3.75,1800000
99aana.com,https://99aana.com/property/land-for-sale-at-sipadol-02-bhaktapur-9081/,"Land for sale at Sipadol-02, Bhaktapur",Land,Sipadol,Bhaktapur,"Sipadol-02, Bhaktapur",Rs 12 lakh per aana,0-3-1-0,,20.0,,,2021-09-02,3900000,3.25,1200000
99aana.com,https://99aana.com/property/land-for-sale-at-jhulpokhari-machhegaun-kathmandu-9093/,"Land for sale at Jhulpokhari, Machhegaun, Kathmandu",Land,Machhegaun,Kathmandu,"Jhulpokhari, Machhegaun, Kathmandu",Rs 20 lakh 50 thousand per aana,3 aana-4 aana,,13.0,,,2021-09-02,14350000,7.0,2050000
99aana.com,https://99aana.com/property/land-for-sale-at-gurjudhara-kathmandu-9094/,"Land for sale at Gurjudhara, Kathmandu",Land,Gurjudhara,Kathmandu,"Gurjudhara, Kathmandu","Rs.4,000,000",0-2-2-0,,13.0,,,2021-09-02,4000000,2.5,1600000
99aana.com,https://99aana.com/property/land-for-sale-at-sankhadevi-lalitpur-9115/,"Land for sale at Sankhadevi, Lalitpur",Land,Sankhadevi,Lalitpur,"Sankhadevi, Lalitpur",Rs 15 Lakh per aana,3.5-4 aana,,,,,2021-09-05,6000000,4.0,1500000
99aana.com,https://99aana.com/property/land-for-sale-at-suntakhan-gokarna-kathmandu-9116/,"Land for sale at Suntakhan, Gokarna, Kathmandu",Land,Gokarna,Kathmandu,"Suntakhan, Gokarna, Kathmandu","Rs.5,000,000",0-4-3-3,,13.0,,,2021-09-05,5000000,4.938,1012658
99aana.com,https://99aana.com/property/land-for-sale-at-banasthali-raniban-kathmandu-9141/,"Land for sale at Banasthali, Raniban, Kathmandu",Land,Raniban,Kathmandu,"Banasthali, Raniban, Kathmandu",Rs. 40 lakh per aana,0-5-3-0,,,,,2021-09-08,23000000,5.75,4000000
99aana.com,https://99aana.com/property/land-for-sale-at-tokha-kathmandu-9142/,"Land for sale at Tokha, Kathmandu",Land,Tokha,Kathmandu,"Tokha, Kathmandu",Rs. 35 lakh per aana,0-3-1-0,,32.0,,,2021-09-08,11375000,3.25,3500000
99aana.com,https://99aana.com/property/land-for-sale-at-sipadol-bhaktapur-3-9144/,"Land for sale at Sipadol, Bhaktapur",Land,Sipadol,Bhaktapur,"Sipadol, Bhaktapur",Rs 5 Lakh per aana,4 ropani 8 aana,,20.0,,,2021-09-08,36000000,72.0,500000
99aana.com,https://99aana.com/property/land-for-sale-at-mathillo-bhangal-budhanilkantha-kathmandu-9137/,"Land for sale at Mathillo Bhangal, Budhanilkantha, Kathmandu",Land,Budhanilkantha,Kathmandu,"Mathillo Bhangal, Budhanilkantha, Kathmandu",Rs 28 lakh per aana,0-4-2-0,,13.0,,,2021-09-08,12600000,4.5,2800000
99aana.com,https://99aana.com/property/land-for-sale-at-khushi-khushi-machhegaun-chandragiri-kathmandu-9149/,"Land for sale at Khushi Khushi, Machhegaun, Chandragiri, Kathmandu",Land,Chandragiri,Kathmandu,"Khushi Khushi, Machhegaun, Chandragiri, Kathmandu",Rs 22 lakh per aana,0-5-0-0,,20.0,,,2021-09-08,11000000,5.0,2200000
99aana.com,https://99aana.com/property/land-for-sale-at-sipadol-bhaktapur-9150/,"Land for sale at Sipadol, Bhaktapur",Land,Sipadol,Bhaktapur,"Sipadol, Bhaktapur",Rs 11 lakh 25 thousand per aana.,4 ropani 7 aana,,20.0,,,2021-09-09,79875000,71.0,1125000
99aana.com,https://99aana.com/property/land-for-sale-at-thankot-kathmandu-9154/,"Land for sale at Thankot, Kathmandu",Land,Thankot,Kathmandu,"Thankot, Kathmandu",Rs. 21 lakh per aana,0-6-0-0,,13.0,,,2021-09-10,12600000,6.0,2100000
99aana.com,https://99aana.com/property/land-for-sale-at-thankot-kathmandu-4/,"Land for sale at Thankot, Kathmandu",Land,Thankot,Kathmandu,"Thankot, Kathmandu",Rs. 24 lakh per aana,0-3-0-0,,13.0,,,2021-09-12,7200000,3.0,2400000
99aana.com,https://99aana.com/property/land-for-sale-at-thankot-kathmandu-9159/,Land for sale at Thankot Kathmandu,Land,Thankot,Kathmandu,"Thankot, Kathmandu",Rs. 26 lakh 50 thousand per aana,0-4-0-0,,,,,2021-09-12,10600000,4.0,2650000
99aana.com,https://99aana.com/property/land-for-sale-at-bhimad-tanahun-8167/,"Land for sale at Bhimad, Tanahun",Land,Tanahun,,"Bhimad, Tanahun",Rs 2 Lakh per ropani,83-0-0-0,,,,,2021-09-12,16600000,1328.0,12500
99aana.com,https://99aana.com/property/land-for-sale-at-ramkot-kathmandu-9168/,"Land for sale at Ramkot, Kathmandu",Land,Ramkot,Kathmandu,"Ramkot, Kathmandu",Rs 24 lakh per aana,3 aana-4 aana,,13.0,,,2021-09-12,16800000,7.0,2400000
99aana.com,https://99aana.com/property/land-for-sale-at-nayapati-kathmandu-9170/,"Land for sale at Nayapati, Kathmandu",Land,Nayapati,Kathmandu,"Nayapati, Kathmandu",Rs 18 lakh per aana,0-4-1-3,,20.0,,,2021-09-12,7987500,4.438,1800000
99aana.com,https://99aana.com/property/land-for-sale-at-ramkot-kathmandu-9171/,"Land for sale at Ramkot, Kathmandu",Land,Ramkot,Kathmandu,"Ramkot, Kathmandu",Rs 34 lakh per aana,3 aana/4 aana/5 aana,,13.0,,,2021-09-12,40800000,12.0,3400000
99aana.com,https://99aana.com/property/land-for-sale-at-tathali-bhaktapur-9172/,"Land for sale at Tathali, Bhaktapur",Land,Tathali,Bhaktapur,"Tathali, Bhaktapur",Rs 15 lakh per aana,0-4-2-0,,13.0,,,2021-09-12,6750000,4.5,1500000
99aana.com,https://99aana.com/property/land-for-sale-at-jhaukhel-bhaktapur-9175/,"Land for sale at Jhaukhel, Bhaktapur",Land,Jhaukhel,Bhaktapur,"Jhaukhel, Bhaktapur",Rs.15 lakh per aana,0-12-0-0,,20.0,,,2021-09-13,18000000,12.0,1500000
99aana.com,https://99aana.com/property/land-for-sale-at-thali-kathmandu-9184/,"Land for sale at Thali, Kathmandu",Land,Thali,Kathmandu,"Thali, Kathmandu",Rs. 23 lakh per aana,0-7-0-0,,,,,2021-09-14,16100000,7.0,2300000
99aana.com,https://99aana.com/property/land-for-sale-at-goldhunga-kathmandu-9195/,"Land for sale at Goldhunga, Kathmandu",Land,Goldhunga,Kathmandu,"Goldhunga, Kathmandu",Rs. 13 lakh per aana,0-4-2-0,,13.0,,,2021-09-15,5850000,4.5,1300000
99aana.com,https://99aana.com/property/land-for-sale-at-banasthali-raniban-kathmandu-9196/,"Land for sale at Banasthali, Raniban, Kathmandu",Land,Raniban,Kathmandu,"Banasthali, Raniban, Kathmandu",Rs. 50 lakh per aana,0-3-1-0,,,,,2021-09-15,16250000,3.25,5000000
99aana.com,https://99aana.com/property/land-for-sale-at-jorpati-kathmandu-9174/,"Land for sale at Jorpati, Kathmandu",Land,Jorpati,Kathmandu,"Jorpati, Kathmandu",Rs. 37 lakh per aana,0-4-0-0,,10.0,,,2021-09-15,14800000,4.0,3700000
99aana.com,https://99aana.com/property/land-for-sale-at-kakrabari-bhaktapur-9179/,"Land for sale at Kakrabari, Bhaktapur",Land,Kakrabari Bhaktapur,,Kakrabari Bhaktapur,Rs 5 lakh per aana,1-9-0-0,,6.0,,,2021-09-15,12500000,25.0,500000
99aana.com,https://99aana.com/property/land-for-sale-at-balkot-bhaktapur-9188/,"Land for sale at Balkot, Bhaktapur",Land,Balkot,Bhaktapur,"Balkot, Bhaktapur",Rs 36 lakh per aana,0-4-0-0,,20.0,,,2021-09-15,14400000,4.0,3600000
99aana.com,https://99aana.com/property/land-for-sale-at-dahachok-kathmandu-9189/,"Land for sale at Dahachok, Kathmandu",Land,Dahachok,Kathmandu,"Dahachok, Kathmandu","Rs.6,800,000",0-4-0-0,,10.0,,,2021-09-15,6800000,4.0,1700000
99aana.com,https://99aana.com/property/land-for-sale-at-bharatpur-10-chitwan-9192/,"Land for sale at Bharatpur-10, Chitwan",Land,Bharatpur,Chitwan,"Bharatpur-10, Chitwan","Rs.6,800,000",10 dhur,,6.0,,,2021-09-15,6800000,5.325,1276982
99aana.com,https://99aana.com/property/land-for-sale-at-padma-colony-ramkot-kathmandu-9199/,"Land for sale at Padma Colony, Ramkot, Kathmandu",Land,Ramkot,Kathmandu,"Padma Colony, Ramkot, Kathmandu",Rs 28 lakh per aana,4 aana,,13.0,,,2021-09-15,11200000,4.0,2800000
99aana.com,https://99aana.com/property/land-for-sale-at-padma-colony-ramkot-kathmandu-9200/,"Land for sale at Padma Colony, Ramkot, Kathmandu",Land,Ramkot,Kathmandu,"Padma Colony, Ramkot, Kathmandu",Rs 32 lakh per aana,9 aana,,13.0,,,2021-09-15,28800000,9.0,3200000
99aana.com,https://99aana.com/property/land-for-sale-at-satungal-thankot-kathmandu-9201/,"Land for sale at Satungal, Thankot, Kathmandu",Land,Thankot,Kathmandu,"Satungal, Thankot, Kathmandu",Rs 28 lakh per aana,0-4-0-0,,13.0,,,2021-09-15,11200000,4.0,2800000
99aana.com,https://99aana.com/property/land-for-sale-at-jhulpokhari-kirtipur-kathmandu-9208/,"Land for sale at Jhulpokhari, Kirtipur, Kathmandu",Land,Kirtipur,Kathmandu,"Jhulpokhari, Kirtipur, Kathmandu",Rs 17 lakh 50 thousand per aana,0-4-2-0,,13.0,,,2021-09-15,7875000,4.5,1750000
99aana.com,https://99aana.com/property/land-for-sale-at-ramkot-kathmandu-9209/,"Land for sale at Ramkot, Kathmandu",Land,Ramkot,Kathmandu,"Ramkot, Kathmandu",Rs 32 lakh 50 thousand per aana,3 aana- 4 aana,,12.0,,,2021-09-15,22750000,7.0,3250000
99aana.com,https://99aana.com/property/land-for-sale-at-dahachok-kathmandu-9210/,"Land for sale at Dahachok, Kathmandu",Land,Dahachok,Kathmandu,"Dahachok, Kathmandu",Rs 15 lakh per aana,0-3-3-0,,10.0,,,2021-09-15,5625000,3.75,1500000
99aana.com,https://99aana.com/property/land-for-sale-at-nilbarahi-bhaktapur-9219/,"Land for sale at Nilbarahi, Bhaktapur",Land,Nilbarahi,Bhaktapur,"Nilbarahi, Bhaktapur",Rs 18 lakh 50 thousand per aana,0-8-0-0,,13.0,,,2021-09-19,14800000,8.0,1850000
99aana.com,https://99aana.com/property/land-for-sale-at-kharibot-kapan-kathmandu-9221/,"Land for sale at Kharibot, Kapan, Kathmandu",Land,Kapan,Kathmandu,"Kharibot, Kapan, Kathmandu",Rs 40 lakh per aana,0-6-0-0,,13.0,,,2021-09-19,24000000,6.0,4000000
99aana.com,https://99aana.com/property/land-for-sale-at-pasikot-budhanilkantha-kathmandu-9229/,"Land for sale at Pasikot, Budhanilkantha, Kathmandu",Land,Budhanilkantha,Kathmandu,"Pasikot, Budhanilkantha, Kathmandu",Rs 32 lakh per aana,0-8-0-0,,13.0,,,2021-09-19,25600000,8.0,3200000
99aana.com,https://99aana.com/property/land-for-sale-at-balkot-bhaktapur-9231/,"Land for sale at Balkot, Bhaktapur",Land,Balkot,Bhaktapur,"Balkot, Bhaktapur",Rs 34 lakh per aana,0-4-1-0,,20.0,,,2021-09-19,14450000,4.25,3400000
99aana.com,https://99aana.com/property/land-for-sale-at-ramkot-kathmandu-9249/,"Land for sale at Ramkot, Kathmandu",Land,Ramkot,Kathmandu,"Ramkot, Kathmandu",Rs 33 lakh per aana,7 aana,,13.0,,,2021-09-20,23100000,7.0,3300000
99aana.com,https://99aana.com/property/land-for-sale-at-lubhu-lalitpur-9250/,"Land for Sale at Lubhu, Lalitpur",Land,Lubhu,Lalitpur,"Lubhu, Lalitpur",Rs 24 lakh 50 thousand per aana,0-15-2-0,,20.0,,,2021-09-20,37975000,15.5,2450000
99aana.com,https://99aana.com/property/land-for-sale-at-tikathali-lalitpur-5251/,"Land for sale at Tikathali, Lalitpur",Land,Tikathali,Lalitpur,"Tikathali, Lalitpur",Rs 31 lakh per aana,0-3-0-2,,13.0,,,2021-09-20,9687500,3.125,3100000
99aana.com,https://99aana.com/property/land-for-sale-at-budhanilkantha-kathmandu-9252/,"Land for sale at Budhanilkantha, Kathmandu",Land,Budhanilkantha,Kathmandu,"Budhanilkantha, Kathmandu",Rs 42 lakh per aana,0-6-3-0,,20.0,,,2021-09-20,28350000,6.75,4200000
99aana.com,https://99aana.com/property/land-for-sale-at-kaushaltar-bhaktapur-9258/,"Land for sale at Kaushaltar, Bhaktapur",Land,Kaushaltar,Bhaktapur,"Kaushaltar, Bhaktapur",Rs 34 lakh per aana,0-3-2-0,,13.0,,,2021-09-20,11900000,3.5,3400000
99aana.com,https://99aana.com/property/land-for-sale-at-goldhunga-kathmandu-9259/,"Land for sale at Goldhunga, Kathmandu",Land,Goldhunga,Kathmandu,"Goldhunga, Kathmandu",Rs 25 lakh per aana,0-4-0-0,,13.0,,,2021-09-20,10000000,4.0,2500000
99aana.com,https://99aana.com/property/land-for-sale-at-balkot-bhaktapur-9260/,"Land for sale at Balkot, Bhaktapur",Land,Balkot,Bhaktapur,"Balkot, Bhaktapur",Rs 36 lakh per aana,0-3-2-0,,13.0,,,2021-09-20,12600000,3.5,3600000
99aana.com,https://99aana.com/property/land-for-sale-at-sunakothi-lalitpur-2-9248/,"Land for sale at Sunakothi, Lalitpur",Land,Sunakothi,Lalitpur,"Sunakothi, Lalitpur",Rs 23 Lakh per aana,0-4-0-0,,,,,2021-09-22,9200000,4.0,2300000
99aana.com,https://99aana.com/property/land-for-sale-at-goldhunga-kathmandu-9244/,"Land for sale at Goldhunga, Kathmandu",Land,Goldhunga,Kathmandu,"Goldhunga, Kathmandu",Rs. 21 Lakh per aana,0-8-0-0,,26.0,,,2021-09-22,16800000,8.0,2100000
99aana.com,https://99aana.com/property/land-for-sale-at-budhanilkantha-kathmandu-9268/,"Land for sale at Budhanilkantha, Kathmandu",Land,Budhanilkantha,Kathmandu,"Budhanilkantha, Kathmandu",Rs 35 lakh 50 thousand per aana,0-5-0-0,,13.0,,,2021-09-23,17750000,5.0,3550000
99aana.com,https://99aana.com/property/land-for-sale-at-semarhawa-bhairahawa-parasi-kathmandu-9272/,"Land for sale at Semarhawa, Bhairahawa-Parasi, Kathmandu",Land,Bhairahawa-Parasi,Kathmandu,"Semarhawa, Bhairahawa-Parasi, Kathmandu",Rs 22 lakh per kattha,2.5 bigha,,30.0,,,2021-09-23,110000000,532.505,206571
99aana.com,https://99aana.com/property/land-for-sale-at-budhanilkantha-kathmandu-9280/,"Land for sale at Budhanilkantha, Kathmandu",Land,Budhanilkantha,Kathmandu,"Budhanilkantha, Kathmandu",Rs 36 lakh per aana,0-4-0-0,,13.0,,,2021-09-23,14400000,4.0,3600000
99aana.com,https://99aana.com/property/land-for-sale-at-gurung-tole-urlabari-08-morang-9282/,"Land for sale at Gurung Tole, Urlabari-08, Morang",Land,Urlabari,Morang,"Gurung Tole, Urlabari-08, Morang",Rs 80 thousand per dhur,13 dhur,,20.0,,,2021-09-23,1040000,6.923,150233
99aana.com,https://99aana.com/property/land-for-sale-at-balaju-kathmandu-9265/,"Land for sale at Balaju, Kathmandu",Land,Balaju,Kathmandu,"Balaju, Kathmandu",Rs. 23 lakh per aana,0-5-2-0,,26.0,,,2021-09-24,12650000,5.5,2300000
99aana.com,https://99aana.com/property/land-for-sale-at-baluwatar-kathmandu-9273/,"Land for sale at Baluwatar, Kathmandu",Land,Baluwatar,Kathmandu,"Baluwatar, Kathmandu",Rs 76 Lakh per aana,0-6-0-0,,,,,2021-09-24,45600000,6.0,7600000
99aana.com,https://99aana.com/property/land-for-sale-at-banepa-kavrepalanchok-9274/,"Land for sale at Banepa, Kavrepalanchok",Land,Banepa,Kavrepalanchok,"Banepa, Kavrepalanchok",Rs. 1 lakh 85 thousand per aana,2-12-0-0,,,,,2021-09-26,8140000,44.0,185000
99aana.com,https://99aana.com/property/land-for-sale-at-budhanilkantha-kathmandu-9288/,"Land for sale at Budhanilkantha, Kathmandu",Land,Budhanilkantha,Kathmandu,"Budhanilkantha, Kathmandu",Rs 33 lakh 50 thousand per aana,0-15-0-0,,13.0,,,2021-09-27,50250000,15.0,3350000
99aana.com,https://99aana.com/property/land-for-sale-at-gongabu-balaju-kathmandu-9298/,"Land for sale at Gongabu, Balaju, Kathmandu",Land,Balaju,Kathmandu,"Gongabu, Balaju, Kathmandu",Rs 50 lakh per aana,0-3-2-0,,10.0,,,2021-09-27,17500000,3.5,5000000
99aana.com,https://99aana.com/property/land-for-sale-at-tinthana-height-naikap-kathmandu-9300/,"Land for sale at Tinthana Height, Naikap, Kathmandu",Land,Naikap,Kathmandu,"Tinthana Height, Naikap, Kathmandu",Rs 20 lakh per aana,0-5-2-3,,20.0,,,2021-09-27,11375000,5.688,2000000
99aana.com,https://99aana.com/property/land-for-sale-at-kirtipur-kathmandu-9308/,"Land for sale at Kirtipur, Kathmandu",Land,Kirtipur,Kathmandu,"Kirtipur, Kathmandu",Rs 17 lakh per aana,0-8-0-0,,13.0,,,2021-09-27,13600000,8.0,1700000
99aana.com,https://99aana.com/property/land-for-sale-at-sundarijal-kathmandu/,"Land for sale at Sundarijal, Kathmandu",Land,Sundarijal,Kathmandu,"Sundarijal, Kathmandu",Rs. 14 lakh per aana,0-5-2-1,,,,,2021-09-28,7787500,5.562,1400000
99aana.com,https://99aana.com/property/land-for-sale-at-ramkot-kathmandu/,"Land for sale at Ramkot, Kathmandu",Land,Ramkot,Kathmandu,"Ramkot, Kathmandu",Rs 14 lakh to 18 lakh per aana,6-0-0-0,,13.0,,,2021-09-27,307200000,96.0,3200000
99aana.com,https://99aana.com/property/land-for-sale-at-holyland-road-parsa-bazar-chitwan-9322/,"Land for sale at Holyland Road, Parsa Bazar, Chitwan",Land,Parsa Bazar,Chitwan,"Holyland Road, Parsa Bazar, Chitwan","Rs.6,000,000",10 dhur,,6.0,,,2021-09-28,6000000,5.325,1126749
99aana.com,https://99aana.com/property/land-for-sale-at-chapagaun-lalitpur-9316/,"Land for Sale at Chapagaun, Lalitpur",Land,Chapagaun Lalitpur,,Chapagaun Lalitpur,Rs. 13 lakh 50 thousand per aana,0-4-1-0,,,,,2021-09-30,5737500,4.25,1350000
99aana.com,https://99aana.com/property/land-for-sale-at-nepaltar-kathmandu-9327/,"Land for sale at Nepaltar, Kathmandu",Land,Nepaltar,Kathmandu,"Nepaltar, Kathmandu",Rs. 32 Lakh per aana,0-5-0-0,,,,,2021-10-01,16000000,5.0,3200000
99aana.com,https://99aana.com/property/land-for-sale-at-thali-kathmandu-9344/,"Land for sale at Thali, Kathmandu",Land,Thali,Kathmandu,"Thali, Kathmandu",Rs 24 lakh per aana,0-3-1-0,,13.0,,,2021-10-02,7800000,3.25,2400000
99aana.com,https://99aana.com/property/land-for-sale-at-basundhara-chowk-kathmandu-9342/,"Land for sale at Basundhara Chowk, Kathmandu",Land,Basundhara,Kathmandu,"Basundhara Chowk, Kathmandu",Rs 61 lakh per aana,0-4-0-0,,13.0,,,2021-10-02,24400000,4.0,6100000
99aana.com,https://99aana.com/property/land-for-sale-at-brahmakhel-kathmandu-9345/,"Land for sale at Brahmakhel, Kathmandu",Land,Bramhakhel,Kathmandu,"Brahmakhel, Kathmandu",Rs 23 lakh per aana,0-3-0-0,,13.0,,,2021-10-02,6900000,3.0,2300000
99aana.com,https://99aana.com/property/land-for-sale-at-gokarna-kathmandu-9337/,"Land for sale at Gokarna, Kathmandu",Land,Gokarna,Kathmandu,"Gokarna, Kathmandu",Rs. 17 lakh per aana,0-3-0-0,,10.0,,,2021-10-03,5100000,3.0,1700000
99aana.com,https://99aana.com/property/land-for-sale-at-ratnanagar-16-chitwan-9338/,"Land for sale at Ratnanagar-16, Chitwan",Land,Ratnanagar,Chitwan,"Ratnanagar-16, Chitwan",Rs 30 lakhs per kattha,1 kattha,,6.0,,,2021-10-03,3000000,10.65,281687
99aana.com,https://99aana.com/property/land-for-sale-at-golakharka-bhanjyang-ilam-9340/,"Land for sale at Golakharka Bhanjyang, Ilam",Land,Ilam,,"Golakharka Bhanjyang, Ilam",Rs. 3 lakh per aana,1-0-0-0,,15.0,,,2021-10-03,4800000,16.0,300000
99aana.com,https://99aana.com/property/land-for-sale-at-chasindol-budhanilkantha-kathmandu-9363/,"Land for sale at Chasindol, Budhanilkantha, Kathmandu",Land,Budhanilkantha,Kathmandu,"Chasindol, Budhanilkantha, Kathmandu",Rs 20 lakh 50 thousand per aana,9-0-0-0,,13.0,,,2021-10-03,295200000,144.0,2050000
99aana.com,https://99aana.com/property/land-for-sale-at-kanepokhari-morang-9365/,"Land for sale at Kanepokhari, Morang",Land,Kanepokhari,Morang,"Kanepokhari, Morang",Rs 4 lakh 50 thousand per kattha,2 bigha,,20.0,,,2021-10-03,18000000,426.004,42253
99aana.com,https://99aana.com/property/land-for-sale-at-farsidol-lalitpur-9366/,"Land for sale at Farsidol, Lalitpur",Land,Farsidol,Lalitpur,"Farsidol, Lalitpur",Rs 14 lakh per aana,6-14-0-0,,,,,2021-10-03,154000000,110.0,1400000
99aana.com,https://99aana.com/property/land-for-sale-at-sukedhara-kathmandu-9367/,"Land for sale at Sukedhara, Kathmandu",Land,Sukedhara,Kathmandu,"Sukedhara, Kathmandu",Rs 50 lakh per aana,0-7-0-0,,13.0,,,2021-10-03,35000000,7.0,5000000
99aana.com,https://99aana.com/property/land-for-sale-at-budhanilkantha-kathmandu-9386/,"Land for sale at Budhanilkantha, Kathmandu",Land,Budhanilkantha,Kathmandu,"Budhanilkantha, Kathmandu",Rs 35 lakh 50 thousand per aana,0-13-0-0,,13.0,,,2021-10-04,46150000,13.0,3550000
99aana.com,https://99aana.com/property/land-for-sale-at-pasikot-budhanilkantha-kathmandu-9385/,"Land for sale at Pasikot, Budhanilkantha, Kathmandu",Land,Budhanilkantha,Kathmandu,"Pasikot, Budhanilkantha, Kathmandu",Rs 41 lakh 50 thousand per aana,1-1-0-0,,20.0,,,2021-10-04,70550000,17.0,4150000
99aana.com,https://99aana.com/property/land-for-sale-at-sukedhara-kathmandu-9378/,"Land for sale at Sukedhara, Kathmandu",Land,Sukedhara,Kathmandu,"Sukedhara, Kathmandu",Rs 52 lakh per aana,0-4-2-0,,14.0,,,2021-10-04,23400000,4.5,5200000
99aana.com,https://99aana.com/property/land-for-sale-at-sukedhara-kathmandu-9377/,"Land for sale at Sukedhara, Kathmandu",Land,Sukedhara,Kathmandu,"Sukedhara, Kathmandu",Rs 50 lakh per aana,0-6-2-3,,16.0,,,2021-10-04,33437500,6.688,5000000
99aana.com,https://99aana.com/property/land-for-sale-at-dhapasi-height-kathmandu-9375/,"Land for sale at Dhapasi Height, Kathmandu",Land,Dhapasi Height,Kathmandu,"Dhapasi Height, Kathmandu",Rs 28 lakh per aana,0-5-3-0,,10.0,,,2021-10-04,16100000,5.75,2800000
99aana.com,https://99aana.com/property/land-for-sale-at-duwakot-bhaktapur-9360/,"Land for sale at Duwakot, Bhaktapur",Land,Duwakot,Bhaktapur,"Duwakot, Bhaktapur",Rs. 27 lakh per aana,0-7-2-0,,14.0,,,2021-10-05,20250000,7.5,2700000
99aana.com,https://99aana.com/property/land-for-sale-at-bishnudevi-naikap-kathmandu-9384/,"Land for sale at Bishnudevi, Naikap, Kathmandu",Land,Naikap,Kathmandu,"Bishnudevi, Naikap, Kathmandu",Rs 24 lakh per aana,0-4-0-0,,20.0,,,2021-10-06,9600000,4.0,2400000
99aana.com,https://99aana.com/property/land-for-sale-at-budhanilkantha-kathmandu-9387/,"Land for sale at Budhanilkantha, Kathmandu",Land,Budhanilkantha,Kathmandu,"Budhanilkantha, Kathmandu",Rs 32 lakh per aana,0-11-2-0,,14.0,,,2021-10-06,36800000,11.5,3200000
99aana.com,https://99aana.com/property/land-for-sale-at-chandeshwori-tokha-kathmandu-9388/,"Land for sale at Chandeshwori, Tokha, Kathmandu",Land,Tokha,Kathmandu,"Chandeshwori, Tokha, Kathmandu",Rs 25 lakh per aana,3 aana 1 paisa-4 aana,,13.0,,,2021-10-06,18125000,7.25,2500000
99aana.com,https://99aana.com/property/land-for-sale-at-gokarna-kathmandu-9396/,"Land for sale at Gokarna, Kathmandu",Land,Gokarna,Kathmandu,"Gokarna, Kathmandu",Rs 22 lakh per aana,0-5-0-0,,13.0,,,2021-10-06,11000000,5.0,2200000
99aana.com,https://99aana.com/property/land-for-sale-at-sitapaila-kathmandu-9405/,"Land for sale at Sitapaila, Kathmandu",Land,Sitapaila,Kathmandu,"Sitapaila, Kathmandu",Rs 13 lakh 50 thousand per aana,2-0-0-0,,13.0,,,2021-10-06,43200000,32.0,1350000
99aana.com,https://99aana.com/property/land-for-sale-at-suntakhan-gokarna-kathmandu-9408/,"Land for sale at Suntakhan, Gokarna, Kathmandu",Land,Gokarna,Kathmandu,"Suntakhan, Gokarna, Kathmandu","Rs.4,500,000",0-3-3-2,,12.0,,,2021-10-06,4500000,3.875,1161290
99aana.com,https://99aana.com/property/land-for-sale-at-sankhu-kathmandu-9407/,"Land for sale at Sankhu, Kathmandu",Land,Sankhu,Kathmandu,"Sankhu, Kathmandu",Rs 16 lakh 50 thousand per aana,0-3-2-0,,24.0,,,2021-10-06,5775000,3.5,1650000
99aana.com,https://99aana.com/property/land-for-sale-at-kadaghari-kathmandu-9370/,"Land for sale at Kadaghari, Kathmandu",Land,Kadaghari,Kathmandu,"Kadaghari, Kathmandu",Rs. 26 lakh per aana,0-14-0-0,,13.0,,,2021-10-07,36400000,14.0,2600000
99aana.com,https://99aana.com/property/land-for-sale-at-sukedhara-kathmandu-9392/,"Land for sale at Sukedhara, Kathmandu",Land,Sukedhara,Kathmandu,"Sukedhara, Kathmandu",Rs. 50 lakh per aana,0-6-2-3,,26.0,,,2021-10-08,33437500,6.688,5000000
99aana.com,https://99aana.com/property/land-for-sale-at-buddha-colony-budhanilkantha-kathmandu-9427/,"Land for sale at Buddha Colony, Budhanilkantha, Kathmandu",Land,Budhanilkantha,Kathmandu,"Buddha Colony, Budhanilkantha, Kathmandu",Rs 50 lakh per aana,1-4-0-0,,16.0,,,2021-10-08,100000000,20.0,5000000
99aana.com,https://99aana.com/property/land-for-sale-at-lolang-kathmandu-9428/,"Land for Sale at Lolang, Kathmandu",Land,Lolang,Kathmandu,"Lolang, Kathmandu",Rs 28 lakh per aana,0-4-1-0,,13.0,,,2021-10-08,11900000,4.25,2800000
99aana.com,https://99aana.com/property/land-for-sale-at-matatirtha-kathmandu-9400/,"Land for sale at Matatirtha, Kathmandu",Land,Matatirtha,Kathmandu,"Matatirtha, Kathmandu",Rs. 18 lakh per aana,3-2-0-0,,22.0,,,2021-10-10,90000000,50.0,1800000
99aana.com,https://99aana.com/property/land-for-sale-at-bhangal-budhanilkantha-kathmandu-9401/,"Land for sale at Bhangal, Budhanilkantha, Kathmandu",Land,Budhanilkantha,Kathmandu,"Bhangal, Budhanilkantha, Kathmandu",Rs. 35 lakh per aana,0-5-0-0,,20.0,,,2021-10-10,17500000,5.0,3500000
99aana.com,https://99aana.com/property/land-for-sale-at-pasikot-budhanilkantha-kathmandu-9402/,"Land for sale at Pasikot, Budhanilkantha, Kathmandu",Land,Budhanilkantha,Kathmandu,"Pasikot, Budhanilkantha, Kathmandu",Rs. 36 lakh per aana,0-5-2-0,,,,,2021-10-10,19800000,5.5,3600000
99aana.com,https://99aana.com/property/land-for-sale-at-sisuwa-pokhara-lekhnath-kaski-9415/,"Land for sale at Sisuwa, Pokhara Lekhnath, Kaski",Land,Pokhara Lekhnath,Kaski,"Sisuwa, Pokhara Lekhnath, Kaski","Rs.8,000,000",0-5-2-0,,6.0,,,2021-10-08,8000000,5.5,1454545
99aana.com,https://99aana.com/property/land-for-sale-at-pasikot-budhanilkantha-kathmandu-9426/,"Land for sale at Pasikot, Budhanilkantha, Kathmandu",Land,Budhanilkantha,Kathmandu,"Pasikot, Budhanilkantha, Kathmandu",Rs 36 lakh 50 thousand per aaan,0-7-0-0,,13.0,,,2021-10-08,3650000,7.0,521429
99aana.com,https://99aana.com/property/land-for-sale-at-pasikot-budhanilkantha-kathmandu-9425/,"Land for sale at Pasikot, Budhanilkantha, Kathmandu",Land,Budhanilkantha,Kathmandu,"Pasikot, Budhanilkantha, Kathmandu",Rs 41 lakh 50 thousand per aana,0-6-0-0,,13.0,,,2021-10-08,24900000,6.0,4150000
99aana.com,https://99aana.com/property/land-for-sale-at-ratuwamai-morang-9414/,"Land for sale at Ratuwamai, Morang",Land,Ratuwamai,Morang,"Ratuwamai, Morang",Rs 23 lakh per bigha,7 bigha,,20.0,,,2021-10-06,16100000,1491.015,10798
99aana.com,https://99aana.com/property/land-for-sale-at-bhangal-budhanilkantha-kathmandu-9434/,"Land for sale at Bhangal, Budhanilkantha, Kathmandu",Land,Budhanilkantha,Kathmandu,"Bhangal, Budhanilkantha, Kathmandu",Rs. 26 lakh per aana,0-4-0-0,,26.0,,,2021-10-25,10400000,4.0,2600000
99aana.com,https://99aana.com/property/land-for-sale-at-gokarna-kathmandu-9424/,"Land for sale at Gokarna, Kathmandu",Land,Gokarna,Kathmandu,"Gokarna, Kathmandu",Rs. 22 lakh per aana,0-4-2-0,,12.0,,,2021-10-22,9900000,4.5,2200000
99aana.com,https://99aana.com/property/land-for-sale-at-bhangal-budhanilkantha-kathmandu-9441/,"Land for sale at Bhangal, Budhanilkantha, Kathmandu",Land,Budhanilkantha,Kathmandu,"Bhangal, Budhanilkantha, Kathmandu",Rs. 40 lakh per aana,0-8-0-0,,13.0,,,2021-10-27,32000000,8.0,4000000
99aana.com,https://99aana.com/property/land-for-sale-at-nangkhel-bhaktapur-9445/,"Land for sale at Nangkhel, Bhaktapur",Land,Nangkhel,Bhaktapur,"Nangkhel, Bhaktapur",Rs. 4 lakh per aana,0-12-0-0,,20.0,,,2021-10-28,4800000,12.0,400000
99aana.com,https://99aana.com/property/land-for-sale-at-thankot-kathmandu-9455/,"Land for sale at Thankot, Kathmandu",Land,Thankot,Kathmandu,"Thankot, Kathmandu",Rs. 21 lakh per aana,0-6-0-0,,13.0,,,2021-11-01,12600000,6.0,2100000
99aana.com,https://99aana.com/property/land-for-sale-at-gurjudhara-kathmandu-9456/,"Land for sale at Gurjudhara, Kathmandu",Land,Gurjudhara,Kathmandu,"Gurjudhara, Kathmandu",Rs. 23 lakh per aana,0-4-2-0,,,,,2021-11-01,10350000,4.5,2300000
99aana.com,https://99aana.com/property/land-for-sale-at-machapokhari-kathmandu-9462/,"Land for sale at Machapokhari, Kathmandu",Land,Machapokhari,Kathmandu,"Machapokhari, Kathmandu",Rs. 16 Lakh per aana,0-9-0-0,,13.0,,,2021-11-02,14400000,9.0,1600000
99aana.com,https://99aana.com/property/land-for-sale-at-budhanilkantha-kathmandu-9465/,"Land for sale at Budhanilkantha, Kathmandu",Land,Budhanilkantha,Kathmandu,"Budhanilkantha, Kathmandu",Rs. 18 Lakh per aana,1-0-0-0,,12.0,,,2021-11-03,28800000,16.0,1800000
99aana.com,https://99aana.com/property/land-for-sale-at-gokarna-kathmandu-9468/,"Land for sale at Gokarna, Kathmandu",Land,Gokarna,Kathmandu,"Gokarna, Kathmandu",Rs. 24 lakh per aana,0-3-0-0,,12.0,,,2021-11-08,7200000,3.0,2400000
99aana.com,https://99aana.com/property/land-for-sale-at-banepa-kavrepalanchok-3/,"Land for sale at Banepa, Kavrepalanchok",Land,Banepa,Kavrepalanchok,"Banepa, Kavrepalanchok",Rs. 7 Lakh per aana,55 ropani,,20.0,,,2021-11-08,616000000,880.0,700000
99aana.com,https://99aana.com/property/land-for-sale-at-lubhu-lalitpur-9470/,"Land for Sale at Lubhu, Lalitpur",Land,Lubhu,Lalitpur,"Lubhu, Lalitpur",Rs. 18 lakh per aana,0-3-3-0,,8.0,,,2021-11-08,6750000,3.75,1800000
99aana.com,https://99aana.com/property/land-for-sale-at-jagati-bhaktapur-9471/,"Land for sale at Jagati, Bhaktapur",Land,Jagati,Bhaktapur,"Jagati, Bhaktapur",Rs. 26 lakh per aana,0-5-0-1,,22.0,,,2021-11-09,13162500,5.062,2600000
99aana.com,https://99aana.com/property/land-for-sale-at-gothatar-kathmandu-8527/,"Land for sale at Gothatar, Kathmandu",Land,Gothatar,Kathmandu,"Gothatar, Kathmandu",Rs. 28 lakh per aana,0-3-1-0,,18.0,,,2021-06-27,9100000,3.25,2800000
99aana.com,https://99aana.com/property/land-for-sale-at-budhanilkantha-kathmandu-9478/,"Land for sale at Budhanilkantha, Kathmandu",Land,Budhanilkantha,Kathmandu,"Budhanilkantha, Kathmandu",Rs. 36 lakh per aana,0-5-0-0,,13.0,,,2021-11-10,18000000,5.0,3600000
99aana.com,https://99aana.com/property/land-for-sale-at-budhanilkantha-kathmandu-9479/,"Land for sale at Budhanilkantha, Kathmandu",Land,Budhanilkantha,Kathmandu,"Budhanilkantha, Kathmandu",Rs. 35 lakh per aana,0-5-3-0,,13.0,,,2021-11-11,20125000,5.75,3500000
99aana.com,https://99aana.com/property/land-for-sale-at-gokarna-kathmandu-9480/,"Land for sale at Gokarna, Kathmandu",Land,Gokarna,Kathmandu,"Gokarna, Kathmandu",Rs 22 lakh per aana,0-4-0-0,,13.0,,,2021-11-11,8800000,4.0,2200000
99aana.com,https://99aana.com/property/land-for-sale-at-pepsicola-kathmandu-9482/,"Land for sale at Pepsicola, Kathmandu",Land,Pepsicola,Kathmandu,"Pepsicola, Kathmandu",35 lakh per aana,1-14-0-0,,13.0,,,2021-11-11,105000000,30.0,3500000
99aana.com,https://99aana.com/property/land-for-sale-at-gokarna-kathmandu-9487/,"Land for sale at Gokarna, Kathmandu",Land,Gokarna,Kathmandu,"Gokarna, Kathmandu",Rs. 24 lakh per aana,0-3-0-0,,13.0,,,2021-11-14,7200000,3.0,2400000
99aana.com,https://99aana.com/property/land-for-sale-at-imadol-lalitpur-9491/,"Land for Sale at Imadol, Lalitpur",Land,Imadol,Lalitpur,"Imadol, Lalitpur",Rs. 35 lakh per aana,0-4-0-0,,13.0,,,2021-11-15,14000000,4.0,3500000
99aana.com,https://99aana.com/property/land-for-sale-at-naikap-kathmandu-9497/,"Land for sale at Naikap, Kathmandu",Land,Naikap,Kathmandu,"Naikap, Kathmandu",Rs. 30 lakh per aana,0-10-0-0,,,,,2021-11-16,30000000,10.0,3000000
99aana.com,https://99aana.com/property/land-for-sale-at-badikhel-lalitpur-9499/,"Land for sale at Badikhel, Lalitpur",Land,Badikhel,Lalitpur,"Badikhel, Lalitpur",Rs. 12 lakh per aana,0-4-0-0,,15.0,,,2021-11-16,4800000,4.0,1200000
99aana.com,https://99aana.com/property/land-for-sale-at-machhapokhari-balaju-kathmandu-9508/,"Land for sale at Machhapokhari, Balaju, Kathmandu",Land,Balaju,Kathmandu,"Machhapokhari, Balaju, Kathmandu",Rs. 36 lakh 50 thousand per aana,0-6-0-0,,,,,2021-11-19,21900000,6.0,3650000
99aana.com,https://99aana.com/property/land-for-sale-at-dhulikhel-kavrepalnchok-9509/,"Land for sale at Dhulikhel, Kavrepalnchok",Land,Kavrepalnchok,Kavrepalanchok,"Dhulikhel, Kavrepalnchok",Rs. 14 lakh per ropani,4-0-0-0,,20.0,,,2021-11-19,5600000,64.0,87500
99aana.com,https://99aana.com/property/land-for-sale-at-gokarna-kathmandu-9513/,"Land for sale at Gokarna, Kathmandu",Land,Gokarna,Kathmandu,"Gokarna, Kathmandu",Rs. 17 lakh per aana,0-6-0-0,,10.0,,,2021-11-21,10200000,6.0,1700000
99aana.com,https://99aana.com/property/land-for-sale-at-gokarna-kathmandu-9517/,"Land for sale at Gokarna, Kathmandu",Land,Gokarna,Kathmandu,"Gokarna, Kathmandu",Rs. 17 lakh per aana,0-3-0-0,,10.0,,,2021-11-22,5100000,3.0,1700000
99aana.com,https://99aana.com/property/land-for-sale-at-budhanilkantha-kathmandu-9526/,"Land for sale at Budhanilkantha, Kathmandu",Land,Budhanilkantha,Kathmandu,"Budhanilkantha, Kathmandu",Rs. 36 lakh per aana,0-3-2-0,,13.0,,,2021-11-24,12600000,3.5,3600000
99aana.com,https://99aana.com/property/land-for-sale-at-budhanilkantha-kathmandu-9538/,"Land for sale at Budhanilkantha, Kathmandu",Land,Budhanilkantha,Kathmandu,"Budhanilkantha, Kathmandu",Rs. 45 lakh per aana,1-0-0-0,,13.0,,,2021-11-28,72000000,16.0,4500000
99aana.com,https://99aana.com/property/land-for-sale-at-budhanilkantha-kathmandu-9539/,"Land for sale at Budhanilkantha, Kathmandu",Land,Budhanilkantha,Kathmandu,"Budhanilkantha, Kathmandu",Rs. 28 lakh per aana,7-0-0-0,,26.0,,,2021-11-28,313600000,112.0,2800000
99aana.com,https://99aana.com/property/land-for-sale-at-dhapakhel-lalitpur-9552/,"Land for sale at Dhapakhel, Lalitpur",Land,Dhapakhel,Lalitpur,"Dhapakhel, Lalitpur",Rs. 20 lakh per aana,1-9-0-0,,20.0,,,2021-12-01,50000000,25.0,2000000
99aana.com,https://99aana.com/property/land-for-sale-at-nakkhu-lalitpur-9554/,"Land for sale at Nakkhu, Lalitpur",Land,Nakkhu,Lalitpur,"Nakkhu, Lalitpur",Rs. 43 lakh per aana,0-6-0-0,,13.0,,,2021-12-02,25800000,6.0,4300000
99aana.com,https://99aana.com/property/land-for-sale-at-panauti-kavrepalanchok-9559/,"Land for sale at Panauti, Kavrepalanchok",Land,Panauti,Kavrepalanchok,"Panauti, Kavrepalanchok",Rs. 8 lakh per aana,2-0-0-0,,35.0,,,2021-12-03,25600000,32.0,800000
99aana.com,https://99aana.com/property/land-for-sale-at-goldhunga-kathmandu-9566/,"Land for sale at Goldhunga, Kathmandu",Land,Goldhunga,Kathmandu,"Goldhunga, Kathmandu",Rs. 21 lakh per aana,0-9-0-0,,13.0,,,2021-12-06,18900000,9.0,2100000
99aana.com,https://99aana.com/property/land-for-sale-at-dharampani-tanahun-9570/,"Land for sale at Dharampani, Tanahun",Land,Tanahun,,"Dharampani, Tanahun",Rs. 1 lakh per ropani,75-0-0-0,,6.0,,,2021-12-07,7500000,1200.0,6250
99aana.com,https://99aana.com/property/land-for-sale-at-tokha-kathmandu-9572/,"Land for sale at Tokha, Kathmandu",Land,Tokha,Kathmandu,"Tokha, Kathmandu",Rs. 21 lakh per aana,0-6-0-3,,13.0,,,2021-12-07,12993750,6.188,2100000
99aana.com,https://99aana.com/property/land-for-sale-at-thankot-kathmandu-9579/,"Land for sale at Thankot, Kathmandu",Land,Thankot,Kathmandu,"Thankot, Kathmandu",Rs. 22 lakh per aana,0-7-0-0,,,,,2021-12-09,15400000,7.0,2200000
99aana.com,https://99aana.com/property/land-for-sale-at-panauti-kavrepalanchok-9582/,"Land for sale at Panauti, Kavrepalanchok",Land,Panauti,Kavrepalanchok,"Panauti, Kavrepalanchok",Rs. 7 lakh per aana,0-4-2-0,,26.0,,,2021-12-09,3150000,4.5,700000
99aana.com,https://99aana.com/property/land-for-sale-at-manamaiju-kathmandu-9583/,"Land for sale at Manamaiju, Kathmandu",Land,Manamaiju,Kathmandu,"Manamaiju, Kathmandu",Rs. 28 lakh Per aana,0-4-0-0,,10.0,,,2021-12-09,11200000,4.0,2800000
99aana.com,https://99aana.com/property/land-for-sale-at-pharping-kathmandu-9588/,"Land for sale at Pharping, Kathmandu",Land,Pharping,Kathmandu,"Pharping, Kathmandu",Rs. 7 lakh per aana,16-4-0-0,,20.0,,,2021-12-12,182000000,260.0,700000
99aana.com,https://99aana.com/property/land-for-sale-at-gokarna-kathmandu-9590/,"Land for sale at Gokarna, Kathmandu",Land,Gokarna,Kathmandu,"Gokarna, Kathmandu",Rs. 23 Lakh per aana,0-3-0-0,,13.0,,,2021-12-12,6900000,3.0,2300000
99aana.com,https://99aana.com/property/land-for-sale-at-kritipur-kathmandu-9594/,"Land for Sale at Kritipur, Kathmandu",Land,Kritipur,Kathmandu,"Kritipur, Kathmandu",Rs. 30 lakh per aana,0-3-2-2,,,,,2021-12-13,10875000,3.625,3000000
99aana.com,https://99aana.com/property/land-for-sale-at-dhapasi-kathmandu-9603/,"Land for sale at Dhapasi, Kathmandu",Land,Dhapasi,Kathmandu,"Dhapasi, Kathmandu",Rs. 46 lakh per aana,0-8-0-0,,11.0,,,2021-12-15,36800000,8.0,4600000
99aana.com,https://99aana.com/property/land-for-sale-at-chapagaun-lalitpur-9604/,"Land for Sale at Chapagaun, Lalitpur",Land,Chapagaun,Lalitpur,"Chapagaun, Lalitpur",Rs. 16 Lakh 50 thousand per aana,0-3-1-0,,,,,2021-12-15,5362500,3.25,1650000
99aana.com,https://99aana.com/property/land-for-sale-at-budhanilkantha-kathmandu-9612/,"Land for sale at Budhanilkantha, Kathmandu",Land,Budhanilkantha,Kathmandu,"Budhanilkantha, Kathmandu",Rs. 40 lakh per aana,0-9-0-0,,16.0,,,2021-12-17,36000000,9.0,4000000
99aana.com,https://99aana.com/property/land-for-sale-at-banasthali-raniban-kathmandu-9613/,"Land for sale at Banasthali, Raniban, Kathmandu",Land,Raniban,Kathmandu,"Banasthali, Raniban, Kathmandu",Rs. 65 lakh per aana,0-5-0-0,,,,,2021-12-17,32500000,5.0,6500000
99aana.com,https://99aana.com/property/land-for-sale-at-budhanilkantha-kathmandu-9617/,"Land for sale at Budhanilkantha, Kathmandu",Land,Budhanilkantha,Kathmandu,"Budhanilkantha, Kathmandu",Rs. 35 Lakh 50 thousand per aana,0-5-0-0,,14.0,,,2021-12-19,17750000,5.0,3550000
99aana.com,https://99aana.com/property/land-for-sale-at-mulpani-kathmandu-9627/,"Land for sale at Mulpani, Kathmandu",Land,Mulpani,Kathmandu,"Mulpani, Kathmandu",Rs. 32 lakh per aana,0-4-0-3,,10.0,,,2021-12-22,13400000,4.188,3200000
99aana.com,https://99aana.com/property/land-for-sale-at-kadaghari-kathmandu-9628/,"Land for sale at Kadaghari, Kathmandu",Land,Kadaghari,Kathmandu,"Kadaghari, Kathmandu",Rs. 36 lakh per aana,0-5-0-1,,20.0,,,2021-12-22,18225000,5.062,3600000
99aana.com,https://99aana.com/property/land-for-sale-at-machapokhari-kathmandu-9629/,"Land for sale at Machapokhari, Kathmandu",Land,Machapokhari,Kathmandu,"Machapokhari, Kathmandu",rs. 31 lakh per aana,0-4-0-0,,13.0,,,2021-12-22,12400000,4.0,3100000
99aana.com,https://99aana.com/property/land-for-sale-at-pharping-kathmandu-9634/,"Land for sale at Pharping, Kathmandu",Land,Pharping,Kathmandu,"Pharping, Kathmandu",Rs. 7 Lakh 50 thousand per aana,7-0-0-0,,20.0,,,2021-12-24,84000000,112.0,750000
99aana.com,https://99aana.com/property/land-for-sale-at-kritipur-kathmandu-9635/,"Land for Sale at Kritipur, Kathmandu",Land,Kritipur,Kathmandu,"Kritipur, Kathmandu",Rs. 14 lakh 50 thousand per aana,25-0-0-0,,,,,2021-12-24,580000000,400.0,1450000
99aana.com,https://99aana.com/property/land-for-sale-at-dahachok-kathmandu-9638/,"Land for sale at Dahachok, Kathmandu",Land,Dahachok,Kathmandu,"Dahachok, Kathmandu",Rs. 75 lakh,0-3-0-0,,13.0,,,2021-12-26,7500000,3.0,2500000
99aana.com,https://99aana.com/property/land-for-sale-at-bhangal-budhanilkantha-kathmandu-9641/,"Land for sale at Bhangal, Budhanilkantha, Kathmandu",Land,Budhanilkantha,Kathmandu,"Bhangal, Budhanilkantha, Kathmandu",Rs. 41 lakh per aana,0-3-1-1,,13.0,,,2021-12-27,13581250,3.312,4100000
99aana.com,https://99aana.com/property/land-for-sale-at-chapagaun-lalitpur-9644/,"Land for Sale at Chapagaun, Lalitpur",Land,Chapagaun,Lalitpur,"Chapagaun, Lalitpur",Rs. 14 lakh 50 thousand per aana,0-4-1-0,,,,,2021-12-27,6162500,4.25,1450000
99aana.com,https://99aana.com/property/land-for-sale-at-bhangal-budhanilkantha-kathmandu-9652/,"Land for sale at Bhangal, Budhanilkantha, Kathmandu",Land,Budhanilkantha,Kathmandu,"Bhangal, Budhanilkantha, Kathmandu",Rs. 40 lakh per aana,0-8-0-0,,26.0,,,2021-12-29,32000000,8.0,4000000
99aana.com,https://99aana.com/property/land-for-sale-at-mulpani-kathmandu-9655/,"Land for sale at Mulpani, Kathmandu",Land,Mulpani,Kathmandu,"Mulpani, Kathmandu",Rs. 24 lakh per aana,0-4-0-0,,10.0,,,2021-12-30,9600000,4.0,2400000
99aana.com,https://99aana.com/property/land-for-sale-at-matatirtha-kathmandu-9659/,"Land for sale at Matatirtha, Kathmandu",Land,Matatirtha,Kathmandu,"Matatirtha, Kathmandu",Rs. 18 Lakh 50 thousand,0-7-0-0,,13.0,,,2021-12-31,1850000,7.0,264286
99aana.com,https://99aana.com/property/land-for-sale-at-gokarna-kathmandu-9658/,"Land for sale at Gokarna, Kathmandu",Land,Gokarna,Kathmandu,"Gokarna, Kathmandu",Rs. 14 lakh per aana,0-4-0-0,,13.0,,,2021-12-31,5600000,4.0,1400000
99aana.com,https://99aana.com/property/land-for-sale-at-balkot-bhaktapur-9661/,"Land for sale at Balkot, Bhaktapur",Land,Balkot,Bhaktapur,"Balkot, Bhaktapur",Rs. 55 Lakh per aana,0-13-1-0,,20.0,,,2021-12-31,72875000,13.25,5500000
99aana.com,https://99aana.com/property/land-for-sale-at-bhangal-budhanilkantha-kathmandu-9660/,"Land for sale at Bhangal, Budhanilkantha, Kathmandu",Land,Budhanilkantha,Kathmandu,"Bhangal, Budhanilkantha, Kathmandu",Rs. 36 Lakh per aana,0-12-0-0,,14.0,,,2021-12-31,43200000,12.0,3600000
99aana.com,https://99aana.com/property/land-for-sale-at-bhangal-budhanilkantha-kathmandu-9663/,"Land for sale at Bhangal, Budhanilkantha, Kathmandu",Land,Budhanilkantha,Kathmandu,"Bhangal, Budhanilkantha, Kathmandu",Rs. 35 lakh per aana,0-11-0-0,,16.0,,,2022-01-03,38500000,11.0,3500000
99aana.com,https://99aana.com/property/land-for-sale-at-pasikot-budhanilkantha-kathmandu-9666/,"Land for sale at Pasikot, Budhanilkantha, Kathmandu",Land,Budhanilkantha,Kathmandu,"Pasikot, Budhanilkantha, Kathmandu",Rs. 25 lakh per aana,2-0-0-0,,20.0,,,2022-01-04,80000000,32.0,2500000
99aana.com,https://99aana.com/property/land-for-sale-at-lolang-kathmandu-9667/,"Land for Sale at Lolang, Kathmandu",Land,Lolang,Kathmandu,"Lolang, Kathmandu",R. 33 lakh per aana,0-3-2-2,,13.0,,,2022-01-04,11962500,3.625,3300000
99aana.com,https://99aana.com/property/land-for-sale-at-chunikhel-budhanilkantha-kathmandu-9672/,"Land for sale at Chunikhel, Budhanilkantha, Kathmandu",Land,Budhanilkantha,Kathmandu,"Chunikhel, Budhanilkantha, Kathmandu",Rs. 25 lakh per aana,0-4-0-0,,13.0,,,2022-01-06,10000000,4.0,2500000
99aana.com,https://99aana.com/property/land-for-sale-at-chapagaun-lalitpur-9685/,"Land for Sale at Chapagaun, Lalitpur",Land,Chapagaun,Lalitpur,"Chapagaun, Lalitpur",Rs. 16 lakh 50 thousand per aana,0-5-0-0,,,,,2022-01-10,8250000,5.0,1650000
99aana.com,https://99aana.com/property/land-for-sale-at-budhanilkantha-kathmandu-9679/,"Land for sale at Budhanilkantha, Kathmandu",Land,Budhanilkantha,Kathmandu,"Budhanilkantha, Kathmandu",Rs. 42 lakh per aana,0-6-0-0,,14.0,,,2022-01-07,25200000,6.0,4200000
99aana.com,https://99aana.com/property/land-for-sale-at-bhangal-budhanilkantha-kathmandu-9688/,"Land for sale at Bhangal, Budhanilkantha, Kathmandu",Land,Budhanilkantha,Kathmandu,"Bhangal, Budhanilkantha, Kathmandu",Rs. 30 lakh per aana,0-3-2-0,,13.0,,,2022-01-10,10500000,3.5,3000000
99aana.com,https://99aana.com/property/land-for-sale-at-badikhel-lalitpur-9698/,"Land for sale at Badikhel, Lalitpur",Land,Badikhel,Lalitpur,"Badikhel, Lalitpur",Rs. 14 lakh per aana,0-3-0-0,,13.0,,,2022-01-13,4200000,3.0,1400000
99aana.com,https://99aana.com/property/land-for-sale-at-tarkeshwor-kathmandu-9690/,"Land for sale at Tarkeshwor, Kathmandu",Land,Tarkeshwor,Kathmandu,"Tarkeshwor, Kathmandu",Rs. 30 lakh per aana,0-6-0-0,,16.0,,,2022-01-11,18000000,6.0,3000000
99aana.com,https://99aana.com/property/land-for-sale-at-pokhara-lekhnath-kaski-9700/,"Land for sale at Pokhara, Lekhnath, Kaski",Land,Lekhnath,Kaski,"Pokhara, Lekhnath, Kaski",Rs. 1 lakh 70 thousand per aana,2-15-0-0,,6.0,,,2022-01-13,7990000,47.0,170000
99aana.com,https://99aana.com/property/land-for-sale-at-kritipur-kathmandu-9703/,"Land for Sale at Kritipur, Kathmandu",Land,Kritipur,Kathmandu,"Kritipur, Kathmandu",Rs. 20 Lakh per aana,0-3-2-0,,,,,2022-01-14,7000000,3.5,2000000
99aana.com,https://99aana.com/property/land-for-sale-at-banasthali-kathmandu-9705/,"Land for sale at Banasthali, Kathmandu",Land,Banasthali,Kathmandu,"Banasthali, Kathmandu",Rs. 42 lakh per aana,0-4-0-0,,,,,2022-01-14,16800000,4.0,4200000
99aana.com,https://99aana.com/property/land-for-sale-at-bansbari-kathmandu-9708/,"Land for sale at Bansbari, Kathmandu",Land,Bansbari,Kathmandu,"Bansbari, Kathmandu",Rs. 55 lakh per aana,0-5-1-0,,13.0,,,2022-01-16,28875000,5.25,5500000
99aana.com,https://99aana.com/property/land-for-sale-at-banasthali-kathmandu-9707/,"Land for sale at Banasthali, Kathmandu",Land,Banasthali,Kathmandu,"Banasthali, Kathmandu",Rs. 42 Lakh per aana,0-3-0-0,,,,,2022-01-16,12600000,3.0,4200000
99aana.com,https://99aana.com/property/land-for-sale-at-chunikhel-budhanilkantha-kathmandu-9709/,"Land for sale at Chunikhel, Budhanilkantha, Kathmandu",Land,Budhanilkantha,Kathmandu,"Chunikhel, Budhanilkantha, Kathmandu",Rs. 25 Lakh per aana,0-4-0-0,,13.0,,,2022-01-17,10000000,4.0,2500000
99aana.com,https://99aana.com/property/land-for-sale-at-sankhu-kathmandu-9714/,"Land for sale at Sankhu, Kathmandu",Land,Sankhu,Kathmandu,"Sankhu, Kathmandu",Rs. 11 lakh 50 thpusand per aana,0-3-0-0,,20.0,,,2022-01-18,3300000,3.0,1100000
99aana.com,https://99aana.com/property/land-for-sale-at-pokhara-kaski-9720/,"Land for sale at Pokhara, Kaski",Land,Pokhara,Kaski,"Pokhara, Kaski","Rs.9,500,000",4 aana 3 paisa 2 daam,,10.0,,,2022-01-19,9500000,4.75,2000000
99aana.com,https://99aana.com/property/land-for-sale-at-sallaghari-bhaktapur-9730/,"Land for sale at Sallaghari, Bhaktapur",Land,Sallaghari,Bhaktapur,"Sallaghari, Bhaktapur",Rs. 23 lakh per aana,0-7-0-0,,10.0,,,2022-01-23,16100000,7.0,2300000
99aana.com,https://99aana.com/property/land-for-sale-at-sipadol-height-suryabinayak-nagarpalika-8-bhakatpur-9746/,"Land for sale at Sipadol Height, Suryabinayak Nagarpalika- 8, Bhakatpur",Land,Sipadol,Bhaktapur,"Sipadol, Bhaktapur",Rs 26 lakh per aana.,0-8-0-0,,13.0,,,2022-01-27,20800000,8.0,2600000
99aana.com,https://99aana.com/property/land-for-sale-at-gongabu0-3-kathmandu-9745/,"Land for sale at Gongabu0-3, Kathmandu",Land,Gongabu,Kathmandu,"Gongabu, Kathmandu",Rs. 33 lakh per aana,0-9-1-1,,13.0,,,2022-01-26,30731250,9.312,3300000
99aana.com,https://99aana.com/property/land-for-sale-at-badikhel-lalitpur-9751/,"Land for sale at Badikhel, Lalitpur",Land,Badikhel,Lalitpur,"Badikhel, Lalitpur",Rs. 13 lakh 75 thousand per aana,0-3-0-0,,16.0,,,2022-01-28,4125000,3.0,1375000
99aana.com,https://99aana.com/property/land-for-sale-at-badikhel-lalitpur-9755/,"Land for sale at Badikhel, Lalitpur",Land,Badikhel,Lalitpur,"Badikhel, Lalitpur",Rs. 13 lakh 25 thousand per aana,0-3-2-0,,16.0,,,2022-01-30,4637500,3.5,1325000
99aana.com,https://99aana.com/property/land-for-sale-at-sitapaila-kathmandu-9756/,"Land for sale at Sitapaila, Kathmandu",Land,Sitapaila,Kathmandu,"Sitapaila, Kathmandu",Rs. 37 lakh per aana,5 aana,,10.0,,,2022-01-30,18500000,5.0,3700000
99aana.com,https://99aana.com/property/land-for-sale-at-baluwakhani-kathmandu-9754/,"Land for sale at Baluwakhani, Kathmandu",Land,Baluwakhani,Kathmandu,"Baluwakhani, Kathmandu",Rs. 29 Lakh per aana,0-4-0-0,,13.0,,,2022-01-30,11600000,4.0,2900000
99aana.com,https://99aana.com/property/land-for-sale-at-thankot-kathmandu-9757/,"Land for sale at Thankot, Kathmandu",Land,Thankot,Kathmandu,"Thankot, Kathmandu",Rs. 29 Lakh per aana,0-4-0-0,,13.0,,,2022-01-31,11600000,4.0,2900000
99aana.com,https://99aana.com/property/land-for-sale-at-budhanilkantha-kathmandu-9759/,"Land for sale at Budhanilkantha, Kathmandu",Land,Budhanilkantha,Kathmandu,"Budhanilkantha, Kathmandu",Rs. 36 lakh 50 thousand per aana,2-0-0-0,,20.0,,,2022-01-31,116800000,32.0,3650000
99aana.com,https://99aana.com/property/land-for-sale-at-bhangal-budhanilkantha-kathmandu-9770/,"Land for sale at Bhangal, Budhanilkantha, Kathmandu",Land,Budhanilkantha,Kathmandu,"Bhangal, Budhanilkantha, Kathmandu",Rs. 35 lakh 50 thousand per aana,0-3-2-0,,13.0,,,2022-02-03,12425000,3.5,3550000
99aana.com,https://99aana.com/property/land-for-sale-at-machhapokhari-kathmandu-9772/,"Land for sale at Machhapokhari, Kathmandu",Land,Machapokhari,Kathmandu,"Machhapokhari, Kathmandu",Rs. 33 lakh per aana,4 aana,,,,,2022-02-03,13200000,4.0,3300000
99aana.com,https://99aana.com/property/land-for-sale-at-sirutar-bhaktapur-9773/,"Land for sale at Sirutar, Bhaktapur",Land,Sirutar,Bhaktapur,"Sirutar, Bhaktapur",Rs. 23 lakh 50 thousand per aana,0-3-1-1,,20.0,,,2022-02-04,7784375,3.312,2350000
99aana.com,https://99aana.com/property/land-for-sale-at-kavresthali-kathmandu-9774/,"Land for sale at Kavresthali, Kathmandu",Land,Kavresthali,Kathmandu,"Kavresthali, Kathmandu",Rs. 15 lakh per aana,8-0-0-0,,20.0,,,2022-02-04,192000000,128.0,1500000
99aana.com,https://99aana.com/property/land-for-sale-at-chunikhel-budhanilkantha-kathmandu-9775/,"Land for sale at Chunikhel, Budhanilkantha, Kathmandu",Land,Budhanilkantha,Kathmandu,"Chunikhel, Budhanilkantha, Kathmandu",Rs. 25 lakh per aana,0-13-0-0,,13.0,,,2022-02-04,32500000,13.0,2500000
99aana.com,https://99aana.com/property/land-for-sale-at-sanobharang-kathmandu-9779/,"Land for sale at Sanobharang, Kathmandu",Land,Sano Bharyang,Kathmandu,"Sanobharang, Kathmandu",Rs. 45 lakh per aana,0-10-0-0,,,,,2022-02-06,45000000,10.0,4500000
99aana.com,https://99aana.com/property/land-for-sale-at-machapokhari-kathmandu-9780/,"Land for sale at Machapokhari, Kathmandu",Land,Machapokhari,Kathmandu,"Machapokhari, Kathmandu",Rs. 30 Lakh per aana,0-4-0-0,,13.0,,,2022-02-06,12000000,4.0,3000000
99aana.com,https://99aana.com/property/land-for-sale-at-machapokhari-kathmandu-9782/,"Land for sale at Nepaltar, Kathmandu",Land,Nepaltar,Kathmandu,"Nepaltar, Kathmandu",Rs. 36 Lakh per aana,0-4-1-0,,13.0,,,2022-02-07,15300000,4.25,3600000
99aana.com,https://99aana.com/property/land-for-sale-at-dhapasi-kathmandu-9783/,"Land for sale at Dhapasi, Kathmandu",Land,Dhapasi,Kathmandu,"Dhapasi, Kathmandu",Rs. 45 lakh per aana,1-6-0-0,,20.0,,,2022-02-07,99000000,22.0,4500000
99aana.com,https://99aana.com/property/land-for-sale-at-dhulikhel-kavrepalanchok-9784/,"Land for sale at Dhulikhel, Kavrepalanchok",Land,Dhulikhel,Kavrepalanchok,"Dhulikhel, Kavrepalanchok",Rs. 7 lakh 50 thousand per aana,1-0-0-0,,20.0,,,2022-02-07,12000000,16.0,750000
99aana.com,https://99aana.com/property/land-for-sale-at-kirtipur-kathmandu-9734/,"Land for sale at Kirtipur, Kathmandu",Land,Kirtipur,Kathmandu,"Kirtipur, Kathmandu",Rs. 45 lakh per aana,0-6-0-0,,10.0,,,2022-01-23,27000000,6.0,4500000
99aana.com,https://99aana.com/property/land-for-sale-at-tikabhairab-lalitpur-9781/,"Land for sale at Tikabhairab, Lalitpur",Land,Tikabhairab,Lalitpur,"Tikabhairab, Lalitpur",Rs. 10 lakh 50 thousand per aana,0-11-0-0,,20.0,,,2022-02-07,11550000,11.0,1050000
99aana.com,https://99aana.com/property/land-for-sale-at-mulpani-kathmandu-9790/,"Land for sale at Mulpani, Kathmandu",Land,Mulpani,Kathmandu,"Mulpani, Kathmandu","Rs.56,000,000",0-14-0-0,,32.0,,,2022-02-09,56000000,14.0,4000000
99aana.com,https://99aana.com/property/land-for-sale-at-katunje-bhaktapur-9792/,"Land for sale at Katunje, Bhaktapur",Land,Katunje,Bhaktapur,"Katunje, Bhaktapur",Rs. 36 lakh per aana,0-6-2-0,,13.0,,,2022-02-09,23400000,6.5,3600000
99aana.com,https://99aana.com/property/land-for-sale-at-chapagaun-lalitpur-9794/,"Land for Sale at Chapagaun, Lalitpur",Land,Chapagaun,Lalitpur,"Chapagaun, Lalitpur",Rs. 14 Lakh 50 thousand per aana,0-4-2-0,,,,,2022-02-11,6525000,4.5,1450000
99aana.com,https://99aana.com/property/land-for-sale-at-budhanilkantha-kathmandu-6/,"Land for sale at Budhanilkantha, Kathmandu",Land,Budhanilkantha,Kathmandu,"Budhanilkantha, Kathmandu",Rs. 42 lakh per aana,0-5-0-0,,20.0,,,2022-02-14,21000000,5.0,4200000
99aana.com,https://99aana.com/property/land-for-sale-at-thaiba-godawari-lalitpur-9804/,"Land for sale at Thaiba, Godawari, Lalitpur",Land,Godawari,Lalitpur,"Thaiba, Godawari, Lalitpur",Rs. 27 lakh per aana,0-6-3-0,,,,,2022-02-15,18225000,6.75,2700000
99aana.com,https://99aana.com/property/land-for-sale-at-tokha-kathmandu-9810/,"Land for sale at Tokha, Kathmandu",Land,Tokha,Kathmandu,"Tokha, Kathmandu",Rs. 54 Lakh per aana,0-4-2-0,,14.0,,,2022-02-17,24300000,4.5,5400000
99aana.com,https://99aana.com/property/land-for-sale-at-nilbarahi-bhaktapur-9814/,"Land for sale at Nilbarahi, Bhaktapur",Land,Nilbarahi,Bhaktapur,"Nilbarahi, Bhaktapur",Rs. 25 Lakh per aana,0-3-0-0,,13.0,,,2022-02-18,7500000,3.0,2500000
99aana.com,https://99aana.com/property/land-for-sale-at-budhanilkantha-kathmandu-9816/,"Land for sale at Budhanilkantha, Kathmandu",Land,Budhanilkantha,Kathmandu,"Budhanilkantha, Kathmandu",Rs. 21 Lakh per aana,0-3-0-0,,11.0,,,2022-02-20,6300000,3.0,2100000
99aana.com,https://99aana.com/property/land-for-sale-at-naubise-panauti/,"Land for sale at Naubise, Panauti",Land,Panauti,Kavrepalanchok,"Naubise, Panauti",Rs 7 lakh 50 thousand per aana,4-12-0-0,,12.0,,,2022-02-20,57000000,76.0,750000
99aana.com,https://99aana.com/property/land-for-sale-at-budhanilkantha-kathmandu-9821/,"Land for sale at Budhanilkantha, Kathmandu",Land,Budhanilkantha,Kathmandu,"Budhanilkantha, Kathmandu","Rs.16,800,000",0-4-0-0,,13.0,,,2022-02-21,16800000,4.0,4200000
99aana.com,https://99aana.com/property/land-for-sale-at-thankot-kathmandu-9825/,"Land for sale at Thankot, Kathmandu",Land,Thankot,Kathmandu,"Thankot, Kathmandu",Rs. 22 Lakh per aana,0-3-0-0,,,,,2022-02-22,6600000,3.0,2200000
99aana.com,https://99aana.com/property/land-for-sale-at-dhulikhel-kavrepalanchok-9831/,"Land for sale at Dhulikhel, Kavrepalanchok",Land,Dhulikhel,Kavrepalanchok,"Dhulikhel, Kavrepalanchok",Rs. 4 lakh 50 thousand per aana,2-12-0-0,,20.0,,,2022-02-23,19800000,44.0,450000
99aana.com,https://99aana.com/property/land-for-sale-at-machapokhari-kathmandu-9829/,"Land for sale at Machapokhari, Kathmandu",Land,Machapokhari,Kathmandu,"Machapokhari, Kathmandu",Rs. 41 Lakh per aana,0-4-0-0,,13.0,,,2022-02-23,16400000,4.0,4100000
99aana.com,https://99aana.com/property/land-for-sale-at-dhapasi-height-kathmandu-9833/,"Land for sale at Dhapasi Height, Kathmandu",Land,Dhapasi Height,Kathmandu,"Dhapasi Height, Kathmandu",Rs. 45 Lakh per aana,1-6-0-0,,20.0,,,2022-02-24,99000000,22.0,4500000
99aana.com,https://99aana.com/property/land-for-sale-at-budhanilkantha-kathmandu-9836/,"Land for sale at Budhanilkantha, Kathmandu",Land,Budhanilkantha,Kathmandu,"Budhanilkantha, Kathmandu",Rs. 33 Lakh per aana,0-4-1-0,,26.0,,,2022-02-25,14025000,4.25,3300000
99aana.com,https://99aana.com/property/land-for-sale-at-thecho-lalitpur-9870/,"Land for sale at Thecho, Lalitpur",Land,Thecho,Lalitpur,"Thecho, Lalitpur",15 Lakh per aana,0-6-3-0,,20.0,,,2022-03-09,10125000,6.75,1500000
99aana.com,https://99aana.com/property/land-for-sale-at-imadol-lalitpur-9878/,"Land for Sale at Imadol, Lalitpur",Land,Imadol,Lalitpur,"Imadol, Lalitpur",Rs. 47 lakh per aana,0-4-0-0,,13.0,,,2022-03-11,18800000,4.0,4700000
99aana.com,https://99aana.com/property/land-for-sale-at-bhaktapur-9880/,Land for sale at Bhaktapur,Land,,Bhaktapur,Bhaktapur,"Rs.600,000",0-4-0-0,,13.0,,,2022-03-11,600000,4.0,150000
99aana.com,https://99aana.com/property/land-for-sale-at-thali-lalitpur-9901/,"Land for sale at Thali, Lalitpur",Land,Thali,Lalitpur,"Thali, Lalitpur",Rs. 22 Lakh 50 thousand per aana,0-3-0-1,,13.0,,,2022-03-20,6890625,3.062,2250000
99aana.com,https://99aana.com/property/land-for-sale-at-panauti-kavrepalanchok-9943/,"Land for sale at Panauti, Kavrepalanchok",Land,Panauti,Kavrepalanchok,"Panauti, Kavrepalanchok",Rs. 4 Lakh 50 thousand per aana,0-10-0-0,,,,,2022-04-01,4500000,10.0,450000
99aana.com,https://99aana.com/property/land-for-sale-at-pasikot-kathmandu-9944/,"Land for sale at Pasikot, Kathmandu",Land,Pasikot,Kathmandu,"Pasikot, Kathmandu",Rs. 28 Lakh per aana,0-5-0-0,,13.0,,,2022-04-01,14000000,5.0,2800000
99aana.com,https://99aana.com/property/land-for-sale-at-panauti-kavrepalanchok-10006/,"Land for sale at Panauti, Kavrepalanchok",Land,Panauti,Kavrepalanchok,"Panauti, Kavrepalanchok",Rs. 5 Lakh 50 Thousand per aana,3-7-0-0,,26.0,,,2022-04-24,30250000,55.0,550000
99aana.com,https://99aana.com/property/land-for-sale-at-gokarneshwor-kathmandu-10014/,"Land for sale at Gokarneshwor, Kathmandu",Land,Gokarneshwor,Kathmandu,"Gokarneshwor, Kathmandu",Rs. 37 Lakh per aana,0-10-0-0,,10.0,,,2022-04-26,37000000,10.0,3700000
99aana.com,https://99aana.com/property/land-for-sale-at-thankot-kathmandu-10046/,"Land for sale at Thankot, Kathmandu",Land,Thankot,Kathmandu,"Thankot, Kathmandu",Rs. 26 Lakh per aana,0-3-3-0,,13.0,,,2022-05-06,9750000,3.75,2600000
99aana.com,https://99aana.com/property/land-for-sale-at-kritipur-kathmandu-10070/,"Land for Sale at Kritipur, Kathmandu",Land,Kritipur,Kathmandu,"Kritipur, Kathmandu",Rs. 45 lakh per aana,0-5-0-0,,,,,2022-05-18,22500000,5.0,4500000
99aana.com,https://99aana.com/property/land-for-sale-at-hattigauda-kathmandu-10075/,"Land for Sale at Hattigauda, Kathmandu",Land,Hattigauda,Kathmandu,"Hattigauda, Kathmandu",Rs. 33 lakh per aana,0-4-0-0,,15.0,,,2022-05-19,13200000,4.0,3300000
99aana.com,https://99aana.com/property/land-for-sale-at-dhading-10166/,Land for sale at Dhading,Land,Dhading,,Dhading,Rs.2 lakh 95 thousand per ropani,30-0-0-0,,26.0,,,2022-06-21,8850000,480.0,18438
99aana.com,https://99aana.com/property/land-for-sale-at-budhanilkantha-kathamandu-10173/,"Land for sale at Budhanilkantha, Kathamandu",Land,Kathamandu,,"Budhanilkantha, Kathamandu",Rs. 46 Lakh per aana,0-4-0-0,,20.0,,,2022-06-23,18400000,4.0,4600000
99aana.com,https://99aana.com/property/land-for-sale-at-dhapasi-kathmandu-10203/,"Land for sale at Dhapasi, Kathmandu",Land,Dhapasi,Kathmandu,"Dhapasi, Kathmandu",Rs. 40 lakh per aana,0-5-3-0,,13.0,,,2022-07-04,23000000,5.75,4000000
99aana.com,https://99aana.com/property/land-for-sale-at-bansbari-kathmandu-9560/,"Land for sale at Bansbari, Kathmandu",Land,Bansbari,Kathmandu,"Bansbari, Kathmandu",Rs. 60 lakh per aana,0-4-0-0,,13.0,,,2021-12-03,24000000,4.0,6000000
99aana.com,https://99aana.com/property/land-for-sale-at-battisputali-kathmandu-10518/,"Land for Sale at Battisputali, Kathmandu",Land,Battisputali,Kathmandu,"Battisputali, Kathmandu",Rs. 80 lakhs per aana,0-4-1-1,,,,,2022-11-18,34500000,4.312,8000000
99aana.com,https://99aana.com/property/land-for-sale-at-raniban-kathmandu-10694/,"Land for sale at Raniban, Kathmandu",Land,Raniban,Kathmandu,"Raniban, Kathmandu",Rs. 36 Lakh per aana,0-3-3-0,,,,,2023-01-25,13500000,3.75,3600000
99aana.com,https://99aana.com/property/land-for-sale-at-kaushaltar-bhaktapur-10692/,"Land for sale at Kaushaltar, Bhaktapur",Land,Kaushaltar,Bhaktapur,"Kaushaltar, Bhaktapur",Rs. 25 Lakh per aana,0-7-1-0,,36.0,,,2023-01-24,18125000,7.25,2500000
99aana.com,https://99aana.com/property/land-for-sale-at-mulpani-kathmandu-10685/,"Land for sale at Mulpani, Kathmandu",Land,Mulpani,Kathmandu,"Mulpani, Kathmandu",Rs. 35 Lakh per aana,0-3-1-2,,10.0,,,2023-01-20,11812500,3.375,3500000
99aana.com,https://99aana.com/property/land-for-sale-at-raniban-kathmandu-10675/,"Land for sale at Raniban, Kathmandu",Land,Raniban,Kathmandu,"Raniban, Kathmandu",Rs. 45 Lakh per aana,0-5-0-0,,,,,2023-01-18,22500000,5.0,4500000
99aana.com,https://99aana.com/property/land-for-sale-at-gokarna-kathmandu-10673/,"Land for sale at Gokarna, Kathmandu",Land,Gokarna,Kathmandu,"Gokarna, Kathmandu",Rs.25 lakh per aana,0-4-1-0,,15.0,,,2023-01-17,10625000,4.25,2500000
99aana.com,https://99aana.com/property/land-for-sale-at-dhulikhel-kavrepalanchok-10667/,"Land for sale at Dhulikhel, Kavrepalanchok",Land,Dhulikhel,Kavrepalanchok,"Dhulikhel, Kavrepalanchok",Rs. 41 lakh,1-0-0-0,,13.0,,,2023-01-16,4100000,16.0,256250
99aana.com,https://99aana.com/property/land-for-sale-at-paltange-suryodaya-ilam-10662/,"Land for sale at Paltange, Suryodaya, Ilam",Land,Ilam,,"Paltange, Suryodaya, Ilam",Rs. 8 Lakh per ropani,35-0-0-0,,,,,2023-01-12,28000000,560.0,50000
99aana.com,https://99aana.com/property/land-for-sale-at-thankot-kathmandu-10782/,"Land for sale at Thankot, Kathmandu",Land,Thankot,Kathmandu,"Thankot, Kathmandu",Rs. 17 Lakh per aana,0-8-0-0,,12.0,,,2023-02-23,13600000,8.0,1700000
99aana.com,https://99aana.com/property/land-for-sale-at-purano-naikap-kathmandu-10769/,"Land for sale at Purano Naikap, Kathmandu",Land,Purano Naikap,Kathmandu,"Purano Naikap, Kathmandu",Rs 40 Lakh per Aana,0-6-3-0,,13.0,,,2023-02-20,27000000,6.75,4000000
99aana.com,https://99aana.com/property/land-for-sale-at-lolang-kathmandu-10766/,"Land for sale at Lolang, Kathmandu",Land,Lolang,Kathmandu,"Lolang, Kathmandu",Rs.65 lakh per aana,0-3-0-0,,8.0,,,2023-02-20,19500000,3.0,6500000
99aana.com,https://99aana.com/property/land-for-sale-at-pepsicola-kathmandu-10761/,"Land for sale at Pepsicola, Kathmandu",Land,Pepsicola,Kathmandu,"Pepsicola, Kathmandu",Rs. 65 lakh per aana,0-3-2-1,,13.0,,,2023-02-17,23156250,3.562,6500000
99aana.com,https://99aana.com/property/land-for-sale-at-kageshwori-manohara-kathmandu-10757/,"Land for sale at Kageshwori Manohara, Kathmandu",Land,Kageshwori Manohara,Kathmandu,"Kageshwori Manohara, Kathmandu",Rs. 23 Lakh per aana,0-3-2-0,,20.0,,,2023-02-16,8050000,3.5,2300000
99aana.com,https://99aana.com/property/land-for-sale-at-futung-kathmandu-10751/,"Land for sale at Futung, Kathmandu",Land,Futung,Kathmandu,"Futung, Kathmandu",Rs. 17 Lakh per aana,0-4-0-0,,,,,2023-02-15,6800000,4.0,1700000
99aana.com,https://99aana.com/property/land-for-sale-at-panauti-kavrepalanchok-10750/,"Land for sale at Panauti, Kavrepalanchok",Land,Panauti,Kavrepalanchok,"Panauti, Kavrepalanchok",Rs 7 Lakh per Aana,0-5-2-0,,10.0,,,2023-02-15,3850000,5.5,700000
99aana.com,https://99aana.com/property/land-for-sale-at-kavresthali-kathmandu-10656/,"Land for sale at Kavresthali, Kathmandu",Land,Kavresthali,Kathmandu,"Kavresthali, Kathmandu",Rs. 25 Lakh per aana,0-3-2-2,,13.0,,,2023-01-11,9062500,3.625,2500000
99aana.com,https://99aana.com/property/land-for-sale-at-gokarneshwor-kathmandu-10655/,"Land for sale at Gokarneshwor, Kathmandu",Land,Gokarneshwor,Kathmandu,"Gokarneshwor, Kathmandu",Rs. 18 Lakh 50 thousand per aana,0-3-0-1,,12.0,,,2023-01-10,5665625,3.062,1850000
99aana.com,https://99aana.com/property/land-for-sale-at-chandragiri-kathmandu-10648/,"Land for sale at Chandragiri, Kathmandu",Land,Chandragiri,Kathmandu,"Chandragiri, Kathmandu",Rs. 51 Lakh per aana,0-5-0-0,,,,,2023-01-06,25500000,5.0,5100000
99aana.com,https://99aana.com/property/land-for-sale-at-shantinagar-kathmandu-10641/,"Land for sale at Shantinagar, Kathmandu",Land,Shantinagar,Kathmandu,"Shantinagar, Kathmandu",Rs. 70 Lakh per aana,0-6-2-2,,10.0,,,2023-01-04,46375000,6.625,7000000
99aana.com,https://99aana.com/property/land-for-sale-at-goldhunga-kathmandu-10640/,"Land for sale at Goldhunga, Kathmandu",Land,Goldhunga,Kathmandu,"Goldhunga, Kathmandu",Rs. 26 lakh 50 thousand per aana,0-3-1-2,,13.0,,,2023-01-04,8943750,3.375,2650000
99aana.com,https://99aana.com/property/land-for-sale-at-basbari-dakshinkali-kathmandu-10639/,"Land for Sale at Basbari, Dakshinkali, Kathmandu",Land,Dakshinkali,Kathmandu,"Basbari, Dakshinkali, Kathmandu",Rs. 8 Lakh per aana,3-3-0-0,,,,,2023-01-04,40800000,51.0,800000
99aana.com,https://99aana.com/property/land-for-sale-at-samakhusi-kathmandu-10638/,"Land for sale at Samakhusi, Kathmandu",Land,Samakhusi,Kathmandu,"Samakhusi, Kathmandu",Rs. 55 lakh per aana,0-16-0-0,,8.0,,,2023-01-03,88000000,16.0,5500000
99aana.com,https://99aana.com/property/land-for-sale-at-bhaisepati-lalitpur-10636/,"Land for sale at Bhaisepati, Lalitpur",Land,Bhaisepati,Lalitpur,"Bhaisepati, Lalitpur",Rs. 40 Lakh per aana,0-8-0-0,,20.0,,,2023-01-03,32000000,8.0,4000000
99aana.com,https://99aana.com/property/land-for-sale-at-tarkeshwor-kathmandu-10623/,"Land for sale at Lolang height, Kathmandu",Land,Tarkeshwor,Kathmandu,"Tarkeshwor, Kathmandu",Rs. 39 Lakh per aana,0-5-2-0,,20.0,,,2022-12-28,21450000,5.5,3900000
99aana.com,https://99aana.com/property/land-for-sale-at-thankot-kathmandu-10624/,"Land for sale at Thankot, Kathmandu",Land,Thankot,Kathmandu,"Thankot, Kathmandu",Rs. 30 Lakh per aana,0-4-0-0,,13.0,,,2022-12-28,12000000,4.0,3000000
99aana.com,https://99aana.com/property/land-for-sale-at-nalin-chowk-bhaktapur-10633/,"Land for Sale at Nalin Chowk, Bhaktapur",Land,Nalin,Bhaktapur,"Nalin Chowk, Bhaktapur",Rs. 25 Lakh per Aana,2-0-0-0,,20.0,,,2023-01-02,80000000,32.0,2500000
99aana.com,https://99aana.com/property/land-for-sale-at-chapagaunsheraphant-godawari-11-lalitpur-10634/,"Land for sale at Chapagaun(Sheraphant), Godawari-11, Lalitpur",Land,Godawari,Lalitpur,"Chapagaun(Sheraphant), Godawari-11, Lalitpur",Rs.13 lakh 50 thousand to Rs. 15 lakh 50 thousand per aana,3 aana -5 aana 2 paisa,,16.0,,,2023-01-02,24650000,8.5,2900000
99aana.com,https://99aana.com/property/land-for-sale-at-dhapasi-kathmandu-10595/,"Land for sale at Dhapasi, Kathmandu",Land,Dhapasi,Kathmandu,"Dhapasi, Kathmandu",Rs. 62 lakh per aana,1-16-0-0,,13.0,,,2022-12-19,198400000,32.0,6200000
99aana.com,https://99aana.com/property/land-for-sale-at-kamalbinayak-bhaktapur-10614/,"Land for sale at Kamalbinayak, Bhaktapur",Land,Kamalbinayak,Bhaktapur,"Kamalbinayak, Bhaktapur",Rs.32 lakh per aana,0-3-2-3,,39.0,,,2022-12-26,11800000,3.688,3200000
99aana.com,https://99aana.com/property/land-for-sale-at-tarkeshwor-kathmandu-10613/,"Land for sale at Tarkeshwor, Kathmandu",Land,Tarkeshwor,Kathmandu,"Tarkeshwor, Kathmandu",Rs. 50 Lakh,0-3-2-0,,10.0,,,2022-12-23,5000000,3.5,1428571
99aana.com,https://99aana.com/property/land-for-sale-at-pasikot-kathmandu-10611/,"Land for sale at Pasikot, Kathmandu",Land,Pasikot,Kathmandu,"Pasikot, Kathmandu",Rs.45 lakh thousand per aana,0-5-0-0,,13.0,,,2022-12-23,22500000,5.0,4500000
99aana.com,https://99aana.com/property/land-for-sale-at-sano-thimi-bhaktapur-10607/,"Land for sale at Sano Thimi, Bhaktapur",Land,Sano Thimi,Bhaktapur,"Sano Thimi, Bhaktapur",Rs. 45 Lakh per aana,0-5-0-0,,13.0,,,2022-12-22,22500000,5.0,4500000
99aana.com,https://99aana.com/property/land-for-sale-at-goldhunga-kathmandu-10603/,"Land for sale at Goldhunga, Kathmandu",Land,Goldhunga,Kathmandu,"Goldhunga, Kathmandu",Rs. 23 Lakh per aana,0-3-2-2,,13.0,,,2022-12-21,8337500,3.625,2300000
99aana.com,https://99aana.com/property/land-for-sale-at-bhaktapur-10601/,Land for sale at Bhaktapur,Land,,Bhaktapur,Bhaktapur,Rs. 36 lakh per aana,0-4-0-0,,13.0,,,2022-12-21,14400000,4.0,3600000
99aana.com,https://99aana.com/property/land-for-sale-at-kritipur-kathmandu-10598/,"Land for Sale at Kritipur, Kathmandu",Land,Kritipur,Kathmandu,"Kritipur, Kathmandu",Rs. 50 Lakh per aana,0-10-1-0,,,,,2022-12-19,51250000,10.25,5000000
99aana.com,https://99aana.com/property/land-for-sale-at-satungal-kathmandu-10554/,"Land for sale at Satungal, Kathmandu",Land,Satungal,Kathmandu,"Satungal, Kathmandu",Rs. 45 Lakh per aana,0-4-0-0,,20.0,,,2022-12-05,18000000,4.0,4500000
99aana.com,https://99aana.com/property/land-for-sale-at-simara-jeetpur-10593/,"Land for sale at Simara, Jeetpur",Land,Jeetpur,,"Simara, Jeetpur",Rs. 38 lakh per kattha,5 kattha 17 dhur,,,,,2022-12-16,22230000,62.303,356804
99aana.com,https://99aana.com/property/land-for-sale-at-budhanilkantha-kathmandu-10578/,"Land for sale at Budhanilkantha, Kathmandu",Land,Budhanilkantha,Kathmandu,"Budhanilkantha, Kathmandu",Rs. 45 lakh per aana,0-12-0-0,,13.0,,,2022-12-12,54000000,12.0,4500000
99aana.com,https://99aana.com/property/land-for-sale-at-bhaisepati-lalitpur-10574/,"Land for sale at Bhaisepati, Lalitpur",Land,Bhaisepati,Lalitpur,"Bhaisepati, Lalitpur",Rs.75 Lakh per aana,0-7-0-0,,20.0,,,2022-12-09,52500000,7.0,7500000
99aana.com,https://99aana.com/property/land-for-sale-at-gothatar-kathmandu-10567/,"Land for sale at Gothatar, Kathmandu",Land,Gothatar,Kathmandu,"Gothatar, Kathmandu",Rs.40 lakh per aana,0-5-2-1,,20.0,,,2022-12-08,22250000,5.562,4000000
99aana.com,https://99aana.com/property/land-for-sale-at-kapan-kathmandu-10566/,"Land for sale at Kapan, Kathmandu",Land,Kapan,Kathmandu,"Kapan, Kathmandu",Rs.28 lakh per aana,0-4-2-0,,13.0,,,2022-12-08,12600000,4.5,2800000
99aana.com,https://99aana.com/property/land-for-sale-at-banasthali-raniban-kathmandu-10565/,"Land for sale at Banasthali, Raniban, Kathmandu",Land,Raniban,Kathmandu,"Banasthali, Raniban, Kathmandu",Rs. 50 lakh per aana,0-4-0-0,,,,,2022-12-08,20000000,4.0,5000000
99aana.com,https://99aana.com/property/land-for-sale-at-gokarna-kathmandu-10561/,"Land for sale at Gokarna, Kathmandu",Land,Gokarna,Kathmandu,"Gokarna, Kathmandu",Rs.24 lakh 50 thousand per aana,0-4-2-0,,13.0,,,2022-12-07,11025000,4.5,2450000
99aana.com,https://99aana.com/property/land-for-sale-at-nagarjun-kathmandu-10558/,"Land for sale at Nagarjun, Kathmandu",Land,Nagarjun,Kathmandu,"Nagarjun, Kathmandu",Rs. 22 lakh 50 thousand per aana,0-10-3-0,,20.0,,,2022-12-06,24187500,10.75,2250000
99aana.com,https://99aana.com/property/land-for-sale-at-kapan-kathmandu-10556/,"Land for sale at Kapan, Kathmandu",Land,Kapan,Kathmandu,"Kapan, Kathmandu",Rs.32 lakh per aana,0-5-3-0,,13.0,,,2022-12-06,18400000,5.75,3200000
99aana.com,https://99aana.com/property/land-for-sale-at-dahachowk-kathmandu-10552/,"Land for Sale at Dahachowk, Kathmandu",Land,Dahachok,Kathmandu,"Dahachowk, Kathmandu",Rs. 25 Lakh per aana,1-4-0-0,,13.0,,,2022-12-05,50000000,20.0,2500000
99aana.com,https://99aana.com/property/land-for-sale-at-chunikhel-kathmandu-10547/,"Land for sale at Chunikhel, Kathmandu",Land,Chunikhel,Kathmandu,"Chunikhel, Kathmandu",Rs. 20 Lakh per aana,0-2-3-0,,13.0,,,2022-12-01,5500000,2.75,2000000
99aana.com,https://99aana.com/property/land-for-sale-at-phutung-kathmandu-10785/,"Land for sale at Phutung, Kathmandu",Land,Phutung,Kathmandu,"Phutung, Kathmandu",Rs. 35 Lakh per aana,0-5-1-0,,10.0,,,2023-02-24,18375000,5.25,3500000
99aana.com,https://99aana.com/property/land-for-sale-at-gundu-bhaktapur-10779/,"Land for sale at Gundu, Bhaktapur",Land,Gundu,Bhaktapur,"Gundu, Bhaktapur",Rs. 35 Lakh,0-3-1-0,,13.0,,,2023-02-23,3500000,3.25,1076923
99aana.com,https://99aana.com/property/land-for-sale-at-kapan-kathmandu-10540/,"Land for sale at Kapan, Kathmandu",Land,Kapan,Kathmandu,"Kapan, Kathmandu",Rs.37 lakh per aana,0-4-0-0,,13.0,,,2022-11-29,14800000,4.0,3700000
99aana.com,https://99aana.com/property/land-for-sale-at-suryabinayak-bhaktapur-10538/,"Land for sale at Suryabinayak, Bhaktapur",Land,Suryabinayak,Bhaktapur,"Suryabinayak, Bhaktapur",Rs.30 lakh 50 thousand per aana,0-4-1-0,,13.0,,,2022-11-29,12962500,4.25,3050000
99aana.com,https://99aana.com/property/land-for-sale-at-kadaghari-kathmandu-10532/,"Land for sale at Kadaghari, Kathmandu",Land,Kadaghari,Kathmandu,"Kadaghari, Kathmandu",Rs.43 lakh per aana,0-3-2-0,,10.0,,,2022-11-25,15050000,3.5,4300000
99aana.com,https://99aana.com/property/land-for-sale-at-sundarbasti-kathmandu-10773/,"Land for Sale at Sundarbasti, Kathmandu",Land,Sundarbasti,Kathmandu,"Sundarbasti, Kathmandu",Rs. 37 Lakh per aana,0-4-0-0,,20.0,,,2023-02-21,14800000,4.0,3700000
99aana.com,https://99aana.com/property/land-for-sale-at-dhapasi-kathmandu-10747/,"Land for sale at Dhapasi, Kathmandu",Land,Dhapasi,Kathmandu,"Dhapasi, Kathmandu",Rs. 48 Lakh per aana,0-6-2-1,,12.0,,,2023-02-14,31500000,6.562,4800000
99aana.com,https://99aana.com/property/land-for-sale-at-lubhu-lalitpur-10745/,"Land for Sale at Lubhu, Lalitpur",Land,Lubhu,Lalitpur,"Lubhu, Lalitpur",Rs. 28 lakh per Aana,0-3-0-0,,13.0,,,2023-02-13,8400000,3.0,2800000
99aana.com,https://99aana.com/property/land-for-sale-at-bhangal-budhanilkantha-kathmandu-10740/,"Land for sale at Bhangal, Budhanilkantha, Kathmandu",Land,Budhanilkantha,Kathmandu,"Bhangal, Budhanilkantha, Kathmandu",Rs. 45 lakh per aana,0-6-0-0,,13.0,,,2023-02-10,27000000,6.0,4500000
99aana.com,https://99aana.com/property/land-for-sale-at-sorakhutte-kathmandu-10739/,Land For Sale at Sorakhutte Kathmandu,Land,Sorakhutte,Kathmandu,"Sorakhutte, Kathmandu","Rs.25,000,000",0-3-0-3,,,,,2023-02-10,25000000,3.188,7843137
99aana.com,https://99aana.com/property/land-for-sale-at-raniban-kathmandu-10736/,"Land for sale at Raniban, Kathmandu",Land,Raniban,Kathmandu,"Raniban, Kathmandu",Rs. 60 Lakh per aana,0-4-2-0,,,,,2023-02-09,27000000,4.5,6000000
99aana.com,https://99aana.com/property/land-for-sale-at-tikathali-lalitpur-10735/,"Land for sale at Tikathali, Lalitpur",Land,Tikathali,Lalitpur,"Tikathali, Lalitpur",Rs. 37 Lakh 50 thousand per aana,0-3-2-2,,13.0,,,2023-02-09,13593750,3.625,3750000
99aana.com,https://99aana.com/property/land-for-sale-at-gwarko-lalitpur-10726/,"Land for sale at Gwarko, Lalitpur",Land,Gwarko,Lalitpur,"Gwarko, Lalitpur",Rs. 50 Lakh per aana,0-5-0-0,,13.0,,,2023-02-08,25000000,5.0,5000000
99aana.com,https://99aana.com/property/land-for-sale-at-gatthaghar-bhaktapur-10724/,"Land for sale at Gatthaghar, Bhaktapur",Land,Gatthaghar,Bhaktapur,"Gatthaghar, Bhaktapur",Rs. 70 Lakh per aana,0-4-2-1,,13.0,,,2023-02-06,31937500,4.562,7000000
99aana.com,https://99aana.com/property/land-for-sale-at-kapan-kathmandu-10723/,"Land for sale at Kapan, Kathmandu",Land,Kapan,Kathmandu,"Kapan, Kathmandu",Rs.35 lakh per aana,1-4-0-0,,13.0,,,2023-02-06,70000000,20.0,3500000
99aana.com,https://99aana.com/property/land-for-sale-at-sudal-bhaktapur-10721/,"Land for sale at Sudal, Bhaktapur",Land,Sudal,Bhaktapur,"Sudal, Bhaktapur",Rs. 10 Lakh per aana,0-12-0-0,,,,,2023-02-06,12000000,12.0,1000000
99aana.com,https://99aana.com/property/land-for-sale-at-duwakot-bhaktapur-10719/,"Land for sale at Duwakot, Bhaktapur",Land,Duwakot,Bhaktapur,"Duwakot, Bhaktapur",Rs. 55 Lakh,0-3-0-0,,13.0,,,2023-02-03,5500000,3.0,1833333
99aana.com,https://99aana.com/property/land-for-sale-at-chunikhel-budhanilkantha-kathmandu-10717/,"Land for sale at Chunikhel, Budhanilkantha, Kathmandu",Land,Budhanilkantha,Kathmandu,"Chunikhel, Budhanilkantha, Kathmandu",Rs.26 lakh per aana,0-4-0-0,,13.0,,,2023-02-02,10400000,4.0,2600000
99aana.com,https://99aana.com/property/land-for-sale-at-thulobharyang-kathmandu-10711/,"Land for sale at Thulobharyang, Kathmandu",Land,Thulobharyang,Kathmandu,"Thulobharyang, Kathmandu",Rs.67 lakh per aana,0-5-0-0,,20.0,,,2023-02-01,33500000,5.0,6700000
99aana.com,https://99aana.com/property/land-for-sale-at-kamane-town-planning-hetauda-makwanpur-10709/,"Land for sale at Kamane Town Planning, Hetauda, Makwanpur",Land,Hetauda,Makwanpur,"Kamane Town Planning, Hetauda, Makwanpur",Rs.7 lakh 50 thousand per dhur,15 dhur,,,,,2023-01-31,11250000,7.988,1408436
99aana.com,https://99aana.com/property/land-for-sale-at-purano-naikap-kathmandu-10526/,"Land for sale at Purano Naikap, Kathmandu",Land,Purano Naikap,Kathmandu,"Purano Naikap, Kathmandu",Rs 38 lakh per aana,0-3-0-0,,20.0,,,2022-11-23,11400000,3.0,3800000
99aana.com,https://99aana.com/property/land-for-sale-at-kageshwari-manohara-mulpani-kathmandu-10793/,"Land for sale at Kageshwari Manohara, Mulpani, Kathmandu",Land,Mulpani,Kathmandu,"Kageshwari Manohara, Mulpani, Kathmandu",Rs.22 Lakh per aana,1-0-0-0,,,,,2023-02-28,35200000,16.0,2200000
99aana.com,https://99aana.com/property/land-for-sale-at-badikhel-lalitpur-10795/,"Land for sale at Badikhel, Lalitpur",Land,Badikhel,Lalitpur,"Badikhel, Lalitpur",Rs.35 Lakh,0-3-2-2,,16.0,,,2023-03-01,3500000,3.625,965517
99aana.com,https://99aana.com/property/land-for-sale-at-tokha-kathmandu-10803/,"Land for sale at Tokha, Kathmandu",Land,Tokha,Kathmandu,"Tokha, Kathmandu",Rs. 26 lakh per aana,0-6-0-0,,22.0,,,2023-03-03,15600000,6.0,2600000
99aana.com,https://99aana.com/property/land-for-sale-at-kapan-kathmandu-10806/,"Land for sale at Kapan, Kathmandu",Land,Kapan,Kathmandu,"Kapan, Kathmandu",Rs.32 lakh per aana,0-6-1-2,,13.0,,,2023-03-03,20400000,6.375,3200000
99aana.com,https://99aana.com/property/land-for-sale-at-raniban-kathmandu-10807/,"Land for sale at Raniban, Kathmandu",Land,Raniban,Kathmandu,"Raniban, Kathmandu",Rs. 55 Lakh per aana,0-3-1-0,,,,,2023-03-03,17875000,3.25,5500000
99aana.com,https://99aana.com/property/land-for-sale-at-duwakot-bhaktapur-10808/,"Land for sale at Duwakot, Bhaktapur",Land,Duwakot,Bhaktapur,"Duwakot, Bhaktapur",Rs. 17 Lakh per aana,0-9-0-0,,20.0,,,2023-03-07,15300000,9.0,1700000
99aana.com,https://99aana.com/property/land-for-sale-at-budhanilkantha-kathmandu-10809/,"Land for sale at Budhanilkantha, Kathmandu",Land,Budhanilkantha,Kathmandu,"Budhanilkantha, Kathmandu",Rs. 46 lakh per aana,0-4-0-1,,13.0,,,2023-03-07,18687500,4.062,4600000
99aana.com,https://99aana.com/property/land-for-sale-at-shankharapur-kathmandu-10811/,"Land for sale at Shankharapur, Kathmandu",Land,Shankharapur,Kathmandu,"Shankharapur, Kathmandu",Rs.37 Lakh per aana,0-4-3-0,,10.0,,,2023-03-08,17575000,4.75,3700000
99aana.com,https://99aana.com/property/land-for-sale-at-ranibari-kathmandu-10813/,"Land for sale at Ranibari, Kathmandu",Land,Ranibari,Kathmandu,"Ranibari, Kathmandu",Rs. 60 Lakh per aana,0-3-2-0,,,,,2023-03-08,21000000,3.5,6000000
99aana.com,https://99aana.com/property/land-for-sale-at-gokarna-kathmandu-10826/,"Land for sale at Gokarna, Kathmandu",Land,Gokarna,Kathmandu,"Gokarna, Kathmandu",Rs. 27 lakh per aana,0-4-1-0,,11.0,,,2023-03-14,11475000,4.25,2700000
99aana.com,https://99aana.com/property/land-for-sale-at-bhakunde-besi-kavre-10764/,"Land For Sale at Bhakunde Besi, Kavre",Land,Bhakunde Besi,Kavrepalanchok,"Bhakunde Besi, Kavre",Rs. 3 lakh 75 thousand per Aana,100-0-0-0,,20.0,,,2023-02-17,600000000,1600.0,375000
99aana.com,https://99aana.com/property/land-for-sale-at-madhyapur-thimi-bhaktapur-10858/,"Land for sale at Madhyapur Thimi, Bhaktapur",Land,Madhyapur Thimi,Bhaktapur,"Madhyapur Thimi, Bhaktapur",Rs.37 Lakh per aana,0-4-0-0,,13.0,,,2023-04-10,14800000,4.0,3700000
99aana.com,https://99aana.com/property/land-for-sale-at-manamaiju-kathmandu-10869/,"Land for sale at Manamaiju, Kathmandu",Land,Manamaiju,Kathmandu,"Manamaiju, Kathmandu",Rs.33 Lakh per aana,0-3-2-0,,11.0,,,2023-04-11,11550000,3.5,3300000
99aana.com,https://99aana.com/property/land-for-sale-at-chobhar-kathmandu-10875/,"Land for sale at Chobhar, Kathmandu",Land,Chobhar,Kathmandu,"Chobhar, Kathmandu",Rs.25 lakh per aana,0-3-0-0,,6.0,,,2023-04-13,7500000,3.0,2500000
99aana.com,https://99aana.com/property/land-for-sale-at-chyangli-palungtar-07-gorkha-10877/,"Land for sale at Chyangli, Palungtar-07, Gorkha",Land,Gorkha,,"Chyangli, Palungtar-07, Gorkha",Rs. 2 Lakh per aana,0-6-0-0,,6.0,,,2023-04-17,1200000,6.0,200000
99aana.com,https://99aana.com/property/land-for-sale-at-thimi-bhaktapur-10878/,"Land for sale at Thimi, Bhaktapur",Land,Thimi,Bhaktapur,"Thimi, Bhaktapur",Rs. 42  lakh per aana,0-5-0-0,,13.0,,,2023-04-17,21000000,5.0,4200000
99aana.com,https://99aana.com/property/land-for-sale-at-tarkeshwor-kathmandu-10885/,"Land for sale at Tarkeshwor, Kathmandu",Land,Tarkeshwor,Kathmandu,"Tarkeshwor, Kathmandu",Rs.25 lakh per aana,0-3-1-0,,13.0,,,2023-04-19,8125000,3.25,2500000
99aana.com,https://99aana.com/property/land-for-sale-at-badikhel-lalitpur-10888/,"Land for sale at Badikhel, Lalitpur",Land,Badikhel,Lalitpur,"Badikhel, Lalitpur",Rs. 11 lakh 50 thousand per aana,0-4-0-0,,20.0,,,2023-04-20,4600000,4.0,1150000
99aana.com,https://99aana.com/property/land-for-sale-at-farsidol-godawari-lalitpur-10895/,"Land for sale at Farsidol, Godawari, Lalitpur",Land,Godawari,Lalitpur,"Farsidol, Godawari, Lalitpur",Rs.12 lakh to Rs. 17 lakh  per aana,4 aana -5 aana 1 paisa,,22.0,,,2023-04-24,26825000,9.25,2900000
99aana.com,https://99aana.com/property/land-for-sale-at-tinpiple-panchkhal-10898/,"Land For Sale at Tinpiple, Panchkhal",Land,Panchkhal,,"Tinpiple, Panchkhal",Rs. 5 lakh 50 thousand per aana,1-15-0-0,,25.0,,,2023-04-25,17050000,31.0,550000
99aana.com,https://99aana.com/property/land-for-sale-at-kapan-kathmandu-10911/,"Land for sale at Kapan, Kathmandu",Land,Kapan,Kathmandu,"Kapan, Kathmandu",Rs.60 lakh per aana,0-6-3-3,,13.0,,,2023-05-02,41625000,6.938,6000000
99aana.com,https://99aana.com/property/land-for-sale-at-tokha-chandeshwori-kathmandu-10915/,"Land for sale at Tokha, Chandeshwori, Kathmandu",Land,Chandeshwori,Kathmandu,"Tokha, Chandeshwori, Kathmandu",Rs.36 lakh per aana,0-4-2-0,,20.0,,,2023-05-02,16200000,4.5,3600000
99aana.com,https://99aana.com/property/land-for-sale-at-meghauli-chitwan-10925/,"Land for sale at Meghauli, Chitwan",Land,Meghauli,Chitwan,"Meghauli, Chitwan",Rs .16 lakh per kattha,5 kattha,,6.0,,,2023-05-05,8000000,53.251,150233
99aana.com,https://99aana.com/property/land-for-sale-at-hetauda-makwanpur-10931/,"Land for sale at Hetauda, Makwanpur",Land,Hetauda,Makwanpur,"Hetauda, Makwanpur","Rs.3,000,000",2 kattha,,6.0,,,2023-05-09,3000000,21.3,140844
99aana.com,https://99aana.com/property/land-for-sale-at-tathali-bhaktapur-10936/,"Land for sale at Tathali, Bhaktapur",Land,Tathali,Bhaktapur,"Tathali, Bhaktapur",2300000 per aana,0-4-0-0,,,,,2023-05-10,9200000,4.0,2300000
99aana.com,https://99aana.com/property/land-for-sale-at-godamchaur-lalitpur-10941/,"Land for sale at Godamchaur, Lalitpur",Land,Godamchaur,Lalitpur,"Godamchaur, Lalitpur",Rs.17 lakh per Aana,2-0-0-0,,20.0,,,2023-05-15,54400000,32.0,1700000
99aana.com,https://99aana.com/property/land-for-sale-at-kritipur-kathmandu-10944/,"Land for Sale at Kritipur, Kathmandu",Land,Kritipur,Kathmandu,"Kritipur, Kathmandu",Rs. 2600000 per aana,0-4-2-0,,,,,2023-05-16,11700000,4.5,2600000
99aana.com,https://99aana.com/property/land-for-sale-at-tokha-kathmandu-10958/,"Land for sale at Tokha, Kathmandu",Land,Tokha,Kathmandu,"Tokha, Kathmandu",Rs. 45 lakh per aana,0-3-0-0,,12.0,,,2023-05-23,13500000,3.0,4500000
99aana.com,https://99aana.com/property/land-for-sale-at-kapan-kathmandu-10960/,"Land for sale at Kapan, Kathmandu",Land,Kapan,Kathmandu,"Kapan, Kathmandu",Rs. 42 lakh per aana,0-3-0-0,,10.0,,,2023-05-24,12600000,3.0,4200000
99aana.com,https://99aana.com/property/land-for-sale-at-imadol-lalitpur-10962/,"Land for Sale at Imadol, Lalitpur",Land,Imadol,Lalitpur,"Imadol, Lalitpur",Rs.35 lakh 50 thousand per aana,0-5-1-0,,10.0,,,2023-05-24,18637500,5.25,3550000
99aana.com,https://99aana.com/property/land-for-sale-at-nilbarahi-bhaktapur-10988/,"Land for sale at Nilbarahi, Bhaktapur",Land,Nilbarahi,Bhaktapur,"Nilbarahi, Bhaktapur",Rs.30 Lakh per aana,0-3-2-2,,13.0,,,2023-06-02,10875000,3.625,3000000
99aana.com,https://99aana.com/property/land-for-sale-at-chandeshwori-kathmandu-10993/,"Land for sale at Chandeshwori, Kathmandu",Land,Chandeshwori,Kathmandu,"Chandeshwori, Kathmandu",Rs. 36 lakh per aana,0-4-2-0,,20.0,,,2023-06-26,16200000,4.5,3600000
99aana.com,https://99aana.com/property/land-for-sale-at-nagarkot-kavre-10995/,"Land for sale at Nagarkot, Kavre",Land,Nagarkot,Kavrepalanchok,"Nagarkot, Kavre",Rs. 3 Lakh per aana,45-0-0-0,,20.0,,,2023-07-06,216000000,720.0,300000
99aana.com,https://99aana.com/property/land-for-sale-at-naubisedhunibeshi-6-dhading-10942/,"Land for sale at Naubise, Dhunibeshi-6, Dhading",Land,Dhading,,"Naubise, Dhunibeshi, Dhading",18 lakh per aana,8 aana to 8 ropani,,20.0,,,2023-05-15,244800000,136.0,1800000
99aana.com,https://99aana.com/property/land-for-sale-at-jhulpokharimachhegaun-kathmandu-11003/,"Land for sale at jhulpokhari,Machhegaun, Kathmandu",Land,Machhegaun,Kathmandu,"jhulpokhari,Machhegaun, Kathmandu",Rs. 23 lakh per aana,0-4-0-1,,13.0,,,2024-02-19,9343750,4.062,2300000
hamrobazaar.com,https://hamrobazaar.com/detail/for-sale-house/6-1-aana-house-sale-gokarna-kathmandu-in-go-du/86136427-CA9F-46C8-AA46-8F125567A4EA,6.1 aana house sale on gokarna Kathmandu,House,,Kathmandu,,"4,95,00,000",6.1 aana,,,,,2026-10-02,49500000,6.1,8114754
hamrobazaar.com,https://hamrobazaar.com/detail/for-sale-house/3-5-aana-new-house-sale-bansbari-kathmandu-in-ba-du/4D501623-7E16-4927-98F9-B24A250964C3,3.5 aana new house sale bansbari Kathmandu,House,,Kathmandu,,"3,95,00,000",3.5 aana,,,,,2026-09-25,39500000,3.5,11285714
hamrobazaar.com,https://hamrobazaar.com/detail/for-sale-house/4-5-aana-house-sale-tokha-panchetar-kathmandu-in-to-du/6F378888-EE77-4D91-BE7B-BC0EB446CB0C,4.5 aana house sale tokha panchetar Kathmandu,House,,Kathmandu,,"3,10,00,000",4.5 aana,,,,,2026-09-11,31000000,4.5,6888889
hamrobazaar.com,https://hamrobazaar.com/detail/for-sale-house/house-sale-checkpost-kathmandu-in-ch-sh/83974FC4-8694-4021-8046-E4A9E4789C63,"House for Sale – Checkpost, Kathmandu",House,,Kathmandu,,"1,70,00,000",3 Aana 1 Paisa,,11.0,,,2026-09-09,17000000,3.25,5230769
hamrobazaar.com,https://hamrobazaar.com/detail/for-sale-house/%EF%B8%8Fhouse-sale-tahachal-kathmandu-open-colony-in-bh-du/0605320C-0A38-C10D-1BA3-E3C83F8ACCE6,"🏘️House on Sale At Tahachal Kathmandu,Open Colony",House,Tahachal,Kathmandu,,"10,50,00,000",11.5 Aana,,18.0,,,2026-08-10,105000000,11.5,9130435
hamrobazaar.com,https://hamrobazaar.com/detail/for-sale-house/house-land-sale-kuleshwor-height-kathmandu-in-kr-du/D83835DD-4283-BBEA-2354-2BB1979B4767,House(Land)on Sale At Kuleshwor Height Kathmandu,House,Kuleshwor Height,Kathmandu,,"12,60,00,000",12 Aana,,32.0,,,2026-08-10,126000000,12.0,10500000
hamrobazaar.com,https://hamrobazaar.com/detail/for-sale-house/commercial-house-sale-sundhara-kathmandu-in-d-du/967A21BF-672A-38EF-D44D-54D71302EF3B,Commercial House On Sale At Sundhara Kathmandu,House,Sundhara,Kathmandu,,"11,50,00,000",4 Aana,,,,,2026-07-11,115000000,4.0,28750000
hamrobazaar.com,https://hamrobazaar.com/detail/for-sale-house/house-sale-ranibari-planning-kathmandu-in-la-du/701E32E8-5C5E-4050-3716-79C63BA54B8B,House on Sale At Ranibari Planning Kathmandu,House,Ranibari Planning,Kathmandu,,"4,50,00,000",6.25 Aana,,12.0,,,2026-08-10,45000000,6.25,7200000
hamrobazaar.com,https://hamrobazaar.com/detail/for-sale-house/house-sale-chabahil-kathmandu-in-ch-du/67FB03CA-6E3A-4670-BD96-83D96D012D27,"House Sale @Chabahil, Kathmandu",House,,Kathmandu,,"4,20,00,000",4.5 aana,2.5,12.0,,,2026-10-06,42000000,4.5,9333333
hamrobazaar.com,https://hamrobazaar.com/detail/for-sale-house/house-sale-sukedhara-kathmandu-in-su-du/17CCC1F4-86E3-41B2-BD07-0A0EB593B954,"House Sale @Sukedhara, Kathmandu",House,,Kathmandu,,"3,50,00,000",3.5 aana,2.5,13.0,,,2026-10-06,35000000,3.5,10000000
hamrobazaar.com,https://hamrobazaar.com/detail/for-sale-house/house-sale-baluwatar-kathmandu-in-ba-du/9B014379-6654-E636-C814-B9E119E5ABBC,"House for sale at Baluwatar, Kathmandu",House,Baluwatar,Kathmandu,,"3,50,00,000",3 aana,,,,,2026-07-11,35000000,3.0,11666667
hamrobazaar.com,https://hamrobazaar.com/detail/for-sale-house/house-sale-kuleshwor-kathmandu-in-ku-du/EA45E888-E6C6-45BB-C32C-2600C0C84C59,House for sale in Kuleshwor Kathmandu,House,Kuleshwor,Kathmandu,,"3,50,00,000",6 ana,2.0,,,,2026-09-09,35000000,6.0,5833333
hamrobazaar.com,https://hamrobazaar.com/detail/for-sale-house/beautiful-house-sale-pepsicola-kathmandu-in-pe-du/913B8C76-A416-0567-8B5E-DDE7124A1C4B,"Beautiful-House on sale at Pepsicola, Kathmandu",House,Pepsicola,Kathmandu,,"2,85,00,000",3 Aana 2 paisa,,14.0,,,2026-08-10,28500000,3.5,8142857
hamrobazaar.com,https://hamrobazaar.com/detail/for-sale-house/house-sale-buddhanilkantha-kathmandu-in-bu-du/3DB51B9E-7137-EE2B-3460-573E27924A86,"House on sale at Buddhanilkantha, kathmandu",House,Budhanilkantha,Kathmandu,,"12,00,00,000",11 Aana,,20.0,,,2026-08-10,120000000,11.0,10909091
hamrobazaar.com,https://hamrobazaar.com/detail/for-sale-house/beautiful-house-sale-kapan-chowk-kathmandu-in-ka-du/0B249F3C-B8AC-1F42-B92B-327152EF5151,"Beautiful-House on sale at Kapan chowk, Kathmandu",House,Kapan,Kathmandu,,"3,50,00,000",3.5 Aana,,13.0,,,2026-05-12,35000000,3.5,10000000
hamrobazaar.com,https://hamrobazaar.com/detail/for-sale-house/beautiful-house-sale-kapan-kathmandu-in-ka-du/75D20DEA-7E74-08FC-8B36-36863A298C12,"Beautiful-House on sale at Kapan, Kathmandu",House,Kapan,Kathmandu,,"3,35,00,000",4 Aana,,13.0,,,2026-05-12,33500000,4.0,8375000
hamrobazaar.com,https://hamrobazaar.com/detail/for-sale-house/beautiful-house-sale-kapan-chowk-kathmandu-in-ka-du/CD31FF2E-04BD-1321-1C70-40022BFF92A3,"Beautiful-House on sale at Kapan chowk, Kathmandu",House,Kapan,Kathmandu,,"4,00,00,000",4 Aana,,13.0,,,2026-05-12,40000000,4.0,10000000
hamrobazaar.com,https://hamrobazaar.com/detail/for-sale-house/house-sale-teku-kathmandu-in-te-du/F438861D-7D9B-3A40-34E2-C5DE2C1819F6,"House for Sale in Teku, Kathmandu",House,Teku,Kathmandu,,"6,50,00,000",8 Aana,,11.0,,,2026-07-11,65000000,8.0,8125000
hamrobazaar.com,https://hamrobazaar.com/detail/for-sale-house/house-sale-kathmandu-gothatar-2-apartement-in-sa-du/73F330A5-EF56-441C-9606-753ED63879AD,"House for sale in Kathmandu Gothatar, 2 Apartement",House,Kathmandu Gothatar,Kathmandu,,"2,30,00,000",2.2 Aana,,,,,2026-10-02,23000000,2.2,10454545
hamrobazaar.com,https://hamrobazaar.com/detail/for-sale-house/house-sale-budhanilkantha-kathmandu-in-bu-ak/3A546D64-6C44-BA21-12B0-75F40B2E60A7,"House for Sale | Budhanilkantha, Kathmandu",House,,Kathmandu,,"4,50,00,000",5 Aana 1 Paisa,,20.0,,,2026-09-09,45000000,5.25,8571429
hamrobazaar.com,https://hamrobazaar.com/detail/for-sale-house/house-sale-bafal-kathmandu-in-ba-du/19737D82-8E71-4149-9430-A6450E09049A,"House For Sale In Bafal, Kathmandu",House,Bafal,Kathmandu,,"4,50,00,000",4.1 Aana,2.5,12.0,,,2026-09-18,45000000,4.1,10975610
hamrobazaar.com,https://hamrobazaar.com/detail/for-sale-house/house-sale-naya-buspark-kathmandu-in-na-du/4CF46CAE-549F-7A89-4EBE-E50C97450377,"House For Sale At Naya Buspark, Kathmandu",House,Naya Buspark,Kathmandu,,"4,00,00,000",4.5 aana,,15.0,,,2025-10-09,40000000,4.5,8888889
hamrobazaar.com,https://hamrobazaar.com/detail/for-sale-house/house-sale-naya-buspark-kathmandu-in-na-du/331B5A33-8260-CC66-3B26-93298B6B4FC1,"House For Sale At Naya Buspark, Kathmandu",House,Naya Buspark,Kathmandu,,"4,00,00,000",4.5 aana,,15.0,,,2025-10-09,40000000,4.5,8888889
hamrobazaar.com,https://hamrobazaar.com/detail/for-sale-house/house-sale-hepali-heights-kathmandu-in-he-du/66DB3BCE-312D-1408-D69A-0583B828058E,"House for sale at Hepali Heights, Kathmandu",House,Hepali Heights,Kathmandu,,"24,00,00,000",2 Ropani,,13.0,,,2025-12-13,240000000,32.0,7500000
hamrobazaar.com,https://hamrobazaar.com/detail/for-sale-house/house-sale-budanilkantha-kathmandu-in-go-du/6B4F4C64-1E82-E6C7-3E5E-0E19130D8EEC,"House for sale at Budanilkantha, Kathmandu",House,Budhanilkantha,Kathmandu,,"4,50,00,000",6 Aana,,14.0,,,2025-10-09,45000000,6.0,7500000
hamrobazaar.com,https://hamrobazaar.com/detail/for-sale-house/twnis-house-sale-budanilkantha-kathmandu-in-bu-du/4259ECDD-0BCE-D04A-6E14-97091BF7E17F,"Twnis House for sale at Budanilkantha, Kathmandu",House,Budhanilkantha,Kathmandu,,"6,50,00,000",8.5 aana,,13.0,,,2025-10-09,65000000,8.5,7647059
hamrobazaar.com,https://hamrobazaar.com/detail/for-sale-house/house-sale-bhangal-kathmandu-in-bh-du/0EDE42F6-1E69-C4BB-4667-920EEE47D9EC,"House for sale at Bhangal,Kathmandu",House,Bhangal,Kathmandu,,"3,75,00,000",4 aana,,,,,2026-05-12,37500000,4.0,9375000
hamrobazaar.com,https://hamrobazaar.com/detail/for-sale-house/house-sale-sukedhara-kathmandu-in-su-du/E386149B-5D4D-9157-20C0-0EBB212D03EF,"House for sale at Sukedhara, Kathmandu",House,Sukedhara,Kathmandu,,"6,00,00,000",2 Aana,,14.0,,,2026-03-13,60000000,2.0,30000000
hamrobazaar.com,https://hamrobazaar.com/detail/for-sale-house/house-sale-sukedhara-kathmandu-in-su-du/93DE1935-73FD-B21E-973F-93D935C59146,"House for sale at Sukedhara, Kathmandu",House,Sukedhara,Kathmandu,,"6,00,00,000",2 Aana,,14.0,,,2026-01-12,60000000,2.0,30000000
hamrobazaar.com,https://hamrobazaar.com/detail/for-sale-house/house-sale-baluwatar-kathmandu-in-ba-du/302E6760-6B9B-DB27-DA46-DE9D5F4CF814,"House for sale at Baluwatar, Kathmandu",House,Baluwatar,Kathmandu,,"7,25,00,000",6 aana,,20.0,,,2026-01-12,72500000,6.0,12083333
hamrobazaar.com,https://hamrobazaar.com/detail/for-sale-house/bungalow-house-sale-chandol-kathmandu-in-ch-du/36EF4582-5BD0-E335-A384-FAB41BEF775E,"Bungalow House on sale at chandol,Kathmandu",House,Chandol,Kathmandu,,"4,00,00,000",4 aana,,,,,2025-10-09,40000000,4.0,10000000
hamrobazaar.com,https://hamrobazaar.com/detail/for-sale-house/house-sale-bhangal-kathmandu-in-bh-du/922B218A-7A72-07EE-096F-BE8E8FFE433C,"House on sale at Bhangal,kathmandu",House,Bhangal,Kathmandu,,"2,75,00,000",3.5 aana,,,,,2026-01-12,27500000,3.5,7857143
hamrobazaar.com,https://hamrobazaar.com/detail/for-sale-house/house-sale-batisputali-kathmandu-in-ga-du/F80706D3-8287-B15D-B477-463814DD92F9,"House for Sale in Batisputali, Kathmandu",House,Battisputali,Kathmandu,,"4,00,00,000",4 Aana 1 Paisa,,20.0,,,2025-10-09,40000000,4.25,9411765
hamrobazaar.com,https://hamrobazaar.com/detail/for-sale-house/house-sale-kalanki-kathmandu-in-dh-du/5535F376-6E80-C762-C3AD-43216F70DB28,"House for Sale in Kalanki, Kathmandu",House,Kalanki,Kathmandu,,"3,40,00,000",4 Aana,,20.0,,,2025-10-09,34000000,4.0,8500000
hamrobazaar.com,https://hamrobazaar.com/detail/for-sale-house/house-sale-lazimpat-kathmandu-in-la-du/6525C0DA-DC2C-27A4-6DBC-37D79E8B1FDB,"House on sale at lazimpat,Kathmandu",House,Lazimpat,Kathmandu,,"2,50,00,000",5 aana,,,,,2024-10-09,25000000,5.0,5000000
hamrobazaar.com,https://hamrobazaar.com/detail/for-sale-house/bungalow-house-sale-budhanilkantha-kathmandu-in-bu-du/033F7E74-5F7E-F448-23F3-80C7AB08F73F,"Bungalow House on sale at Budhanilkantha,Kathmandu",House,Budhanilkantha,Kathmandu,,"13,00,00,000",1 ropani,,,,,2024-10-09,130000000,16.0,8125000
hamrobazaar.com,https://hamrobazaar.com/detail/for-sale-house/bungalow-house-sale-budhanilkantha-kathmandu-in-bu-du/01BA876F-E6C4-C9E3-707C-908856F4830E,"Bungalow House on sale at Budhanilkantha,kathmandu",House,Budhanilkantha,Kathmandu,,"6,50,00,000",8.5 aana,,,,,2025-10-09,65000000,8.5,7647059
hamrobazaar.com,https://hamrobazaar.com/detail/for-sale-house/house-sale-bhangal-budhanilkantha-kathmandu-in-ba-du/77FAE2B5-4BF5-0282-81D0-9931F66A2940,"House for sale at Bhangal Budhanilkantha,kathmandu",House,Bhangal Budhanilkantha,Kathmandu,,"3,00,00,000",4 aana,,,,,2024-10-09,30000000,4.0,7500000
hamrobazaar.com,https://hamrobazaar.com/detail/for-sale-house/house-sale-sukedhara-kathmandu-in-su-du/44C406EA-EDCA-A7B9-4B4B-E2B6DF6FB588,"House on sale at sukedhara,Kathmandu",House,Sukedhara,Kathmandu,,"3,50,00,000",3 aana 3 paisa,,,,,2024-10-09,35000000,3.75,9333333
hamrobazaar.com,https://hamrobazaar.com/detail/for-sale-house/house-sale-exchange-kathmandu-land-in-la-i/348200C1-5857-467B-8CAB-5CF67CA26B9A,house sale or exchange with kathmandu land.,House,,Kathmandu,,"2,90,00,000",4 aana,,,,,2022-10-10,29000000,4.0,7250000
hamrobazaar.com,https://hamrobazaar.com/detail/for-sale-house/house-sale-dhapakhel-lalitpur-in-33-sh/C7C2842E-00E2-097D-7D6C-FD8FA48DA83B,"🏠 House on Sale at Dhapakhel, Lalitpur",House,Dhapakhel,Lalitpur,,"2,49,00,000",3 aana,,,,,2026-08-10,24900000,3.0,8300000
hamrobazaar.com,https://hamrobazaar.com/detail/for-sale-house/house-sale-sunakothi-lalitpur-in-su-ur/F3314327-45B2-CA84-D40C-286C8054FC67,"House for Sale in Sunakothi, Lalitpur",House,Sunakothi,Lalitpur,,"3,40,00,000",5 Aana,,,,,2026-08-10,34000000,5.0,6800000
hamrobazaar.com,https://hamrobazaar.com/detail/for-sale-house/semi-furnished-house-sale-lubhoo-lalitpur-in-lu-ur/9ECC65AF-0775-EAE4-B805-86116AB11669,"Semi-Furnished House for Sale in Lubhoo, Lalitpur",House,Lubhoo,Lalitpur,,"2,85,00,000",3 Aana 1 Paisa,3.5,22.0,,,2026-08-10,28500000,3.25,8769231
hamrobazaar.com,https://hamrobazaar.com/detail/for-sale-house/house-sale-lunkhusi-gwarko-lalitpur-in-ra-ur/B3B48821-C342-4EA1-AC48-571A6E18B330,"house for sale in lunkhusi,gwarko lalitpur",House,Lunkhusi,Lalitpur,,"1,30,00,000",0.75 aana,,,,,2026-10-02,13000000,0.75,17333333
hamrobazaar.com,https://hamrobazaar.com/detail/for-sale-house/house-sales-satdobato-lalitpur-in-la-ur/E900FF76-897E-428E-B162-72437C026D4F,"House on Sales at Satdobato,Lalitpur",House,Satdobato,Lalitpur,,"4,60,00,000",5 aana,,,,,2026-10-03,46000000,5.0,9200000
hamrobazaar.com,https://hamrobazaar.com/detail/for-sale-house/house-sale-thaiba-lalitpur-in-th-ur/29F04465-DEB2-A7D5-4A88-130E42DFD73D,House for sale at Thaiba Lalitpur.,House,Thaiba,Lalitpur,,"2,35,00,000",4 aana,,,,,2026-09-09,23500000,4.0,5875000
hamrobazaar.com,https://hamrobazaar.com/detail/for-sale-house/house-sale-dholahiti-lalitpur-in-dh-ur/5070AB4D-0B86-AD23-0D5A-A3C206C887A4,House for sale at dholahiti Lalitpur.,House,Dholahiti,Lalitpur,,"7,80,00,000",10 aana,,,,,2026-09-09,78000000,10.0,7800000
hamrobazaar.com,https://hamrobazaar.com/detail/for-sale-house/prime-2-5-storey-house-sale-lele-lalitpur-in-go-sh/45F3FF41-DAAC-4D7A-A6AD-7C873847553C,"Prime 2.5 Storey House for Sale in Lele, Lalitpur",House,Lele,Lalitpur,,"85,00,000",3 aana,2.5,,,,2026-09-25,8500000,3.0,2833333
hamrobazaar.com,https://hamrobazaar.com/detail/for-sale-house/4-anna-house-sale-nakkhu-lalitpur-in-na-ur/CC2412A5-B547-4814-84A5-3157826D3F6C,"4 ANNA | HOUSE ON SALE | 📍 NAKKHU, LALITPUR",House,,Lalitpur,,"4,50,00,000",4 ANNA,,,,,2026-10-09,45000000,4.0,11250000
hamrobazaar.com,https://hamrobazaar.com/detail/for-sale-house/house-sale-sanugau-lalitpur-in-sa-ur/567C6BB0-9C6B-4A1E-8DCE-B6DCC5FE8A3B,House sale for sanugau lalitpur,House,,Lalitpur,,"1,60,00,000",2.2 ana,,,,,2026-09-09,16000000,2.2,7272727
hamrobazaar.com,https://hamrobazaar.com/detail/for-sale-house/house-sale-lalitpur-jaruwarasi-in-la-ur/054BD6A5-AE6B-4F11-882E-E79670E5470F,House sale for lalitpur jaruwarasi,House,,Lalitpur,,"8,50,000",35 aana,,,,,2026-09-18,850000,35.0,24286
hamrobazaar.com,https://hamrobazaar.com/detail/for-sale-house/house-sale-tikathali-lalitpur-in-12-ur/1D1F2154-4C6A-4A1F-8457-52EB389D20B2,House for Sale | Tikathali Lalitpur,House,,Lalitpur,,"2,85,00,000",3 aana,,13.0,,,2026-10-03,28500000,3.0,9500000
hamrobazaar.com,https://hamrobazaar.com/detail/for-sale-house/house-sale-sanagau-lalitpur-in-bu-ur/CF384F26-7EE6-1377-3CCA-C8A053833040,"House on sale at Sanagau, Lalitpur",House,Sanagaun,Lalitpur,,"3,40,00,000",3 Aana 1 paisa,,13.0,,,2026-09-09,34000000,3.25,10461538
hamrobazaar.com,https://hamrobazaar.com/detail/for-sale-house/code-h0073-house-sale-imadole-lalitpur-in-im-ur/90A5A45B-6120-45BF-8526-F5B7154E44C8,"Code: H0073 | House for sale at imadole, Lalitpur",House,Imadol,Lalitpur,,"3,80,00,000",4 Aana,,13.0,,,2026-10-02,38000000,4.0,9500000
hamrobazaar.com,https://hamrobazaar.com/detail/for-sale-house/house-sale-lalitpur-in-th-ur/4024B39A-58C6-4E1C-94E6-E9B42DA3C2C3,House sale for Lalitpur,House,,Lalitpur,,"3,40,00,000",4 Aana 2 Paisa,,26.0,,,2026-10-02,34000000,4.5,7555556
hamrobazaar.com,https://hamrobazaar.com/detail/for-sale-house/house-sale-hattiban-lalitpur-in-ha-ur/A221C14C-AF4D-4A4E-97F2-EB2F6B64CCC4,"House on sale at Hattiban, Lalitpur",House,Hattiban,Lalitpur,,"3,00,00,000",5 aana,,,,,2026-09-18,30000000,5.0,6000000
hamrobazaar.com,https://hamrobazaar.com/detail/for-sale-house/house-sale-tikathali-lalitpur-in-12-ur/02EB20FE-EAF6-438D-9908-ACDEF84B1171,House for Sale | Tikathali Lalitpur,House,,Lalitpur,,"2,85,00,000",3 aana,,13.0,,,2026-10-03,28500000,3.0,9500000
hamrobazaar.com,https://hamrobazaar.com/detail/for-sale-house/house-sale-shital-height-lalitpur-in-si-ur/BEFEB12E-55A3-42FF-9E19-149B5D87AC5B,House on Sale | Shital Height | Lalitpur,House,,Lalitpur,,"3,95,00,000",3.5 aana,,,,,2026-10-03,39500000,3.5,11285714
hamrobazaar.com,https://hamrobazaar.com/detail/for-sale-house/house-sale-sital-height-lalitpur-in-si-ur/C4F60C40-DD3D-4946-988C-A43687B40C47,House on Sale | Sital Height | Lalitpur,House,,Lalitpur,,"3,65,00,000",3.5 aana,,,,,2026-10-03,36500000,3.5,10428571
hamrobazaar.com,https://hamrobazaar.com/detail/for-sale-house/house-sale-tikathali-lalitpur-in-sh-ur/B25CCA79-355D-406B-A2B9-5A1F4C3B8DA3,House for Sale | Tikathali Lalitpur,House,,Lalitpur,,"2,85,00,000",3 aana,,13.0,,,2026-09-25,28500000,3.0,9500000
hamrobazaar.com,https://hamrobazaar.com/detail/for-sale-house/sanepa-height-lalitpur-house-sale-in-we-ur/CF58A20B-9962-42A7-A2E9-9715BDC6226A,Sanepa height Lalitpur house for sale,House,,Lalitpur,,"2,45,00,000",2.5 aana,2.5,20.0,,,2026-09-09,24500000,2.5,9800000
hamrobazaar.com,https://hamrobazaar.com/detail/for-sale-house/house-kusunti-lalitpur-sale-in-ku-sh/4C12ECBA-1631-4CA7-ACD3-1D2281183995,"House in Kusunti,Lalitpur for sale",House,Kusunti,Lalitpur,,"3,95,00,000",5 aana,2.0,20.0,,,2026-09-18,39500000,5.0,7900000
hamrobazaar.com,https://hamrobazaar.com/detail/for-sale-house/house-sale-shital-tole-lalitpur-in-im-ur/E602DF6D-6E6B-D14D-3874-15C47726F13E,House for Sale at Shital Tole – Lalitpur,House,Shital,Lalitpur,,"3,30,00,000",3 Aana 3 Paisa,,13.0,,,2026-08-10,33000000,3.75,8800000
hamrobazaar.com,https://hamrobazaar.com/detail/for-sale-house/house-sale-shital-height-lalitpur-in-si-du/6778B3A3-03D0-7318-D3B4-226D5F113B01,"House for Sale – Shital Height, Lalitpur",House,,Lalitpur,,"4,75,00,000",5 Aana 2 Paisa,,,,,2026-08-10,47500000,5.5,8636364
hamrobazaar.com,https://hamrobazaar.com/detail/for-sale-house/premium-6-bhk-house-sale-harisiddhi-lalitpur-in-sa-sh/795C65F0-E88E-5B99-F7DA-01BD910BF521,"Premium 6 BHK House for Sale Harisiddhi, Lalitpur",House,,Lalitpur,,"3,75,00,000",4 aana,,,,,2026-07-11,37500000,4.0,9375000
hamrobazaar.com,https://hamrobazaar.com/detail/for-sale-house/brand-new-5bhkd-house-sale-lubhu-lalitpur-in-%E0%A4%97%E0%A5%8D-sh/965849AD-730B-67D0-EEFE-2FD7FDB902CB,"BRAND NEW 5BHKD HOUSE FOR SALE AT LUBHU, LALITPUR",House,Lubhu,Lalitpur,,"2,60,00,000",3 Aana,,20.0,,,2026-07-11,26000000,3.0,8666667
hamrobazaar.com,https://hamrobazaar.com/detail/for-sale-house/4bhk-house-sale-lubhu-lalitpur-in-lu-ur/1E124F47-9CC0-E804-2D05-EADBE73DF5F5,"4BHK HOUSE FOR SALE AT LUBHU, LALITPUR",House,Lubhu,Lalitpur,,"2,76,00,000",3 Aana 1 Paisa,,,,,2026-06-11,27600000,3.25,8492308
hamrobazaar.com,https://hamrobazaar.com/detail/for-sale-house/house-sale-sincha-hiti-lalitpur-in-59-sh/73D4662C-504F-1FDC-6717-F059113274BD,House For Sale At Sincha Hiti Lalitpur,House,Sincha Hiti,Lalitpur,,"2,10,00,000",1.2 AANA,,,,,2026-08-10,21000000,1.2,17500000
hamrobazaar.com,https://hamrobazaar.com/detail/for-sale-house/beautiful-house-sale-lubhu-lalitpur-in-lu-ur/0391EA2A-003C-346E-BBF0-77682401F29A,"Beautiful-House on sale at Lubhu, Lalitpur",House,Lubhu,Lalitpur,,"2,90,00,000",3 Aana 3 paisa,,13.0,,,2026-08-10,29000000,3.75,7733333
hamrobazaar.com,https://hamrobazaar.com/detail/for-sale-house/house-sale-bhaisepati-lalitpur-in-bh-ur/BA759CE4-5302-A053-0EC5-2DBD30B44F27,"House on sale at Bhaisepati, Lalitpur",House,Bhaisepati,Lalitpur,,"2,60,00,000",3.125 aana,,,,,2026-06-11,26000000,3.125,8320000
hamrobazaar.com,https://hamrobazaar.com/detail/for-sale-house/beautiful-house-sale-lubhu-lalitpur-in-lu-ur/82D937D5-B802-B6C5-51D2-44EAE3F01A55,"Beautiful-House on sale at Lubhu, lalitpur",House,Lubhu,Lalitpur,,"1,65,00,000",3.25 aana,,,,,2026-05-12,16500000,3.25,5076923
hamrobazaar.com,https://hamrobazaar.com/detail/for-sale-house/house-sale-lubhu-lalitpur-in-lu-ur/CA7BCCED-87BB-2DBE-9960-6C1E75961856,"House on sale at Lubhu, Lalitpur",House,Lubhu,Lalitpur,,"2,00,00,000",3 Aana,,13.0,,,2026-05-12,20000000,3.0,6666667
hamrobazaar.com,https://hamrobazaar.com/detail/for-sale-house/house-sale-sanagau-lalitpur-in-sa-ur/24887D1D-DE0D-9CAF-8FAA-FBC3AD20B39D,"House on sale at Sanagau, Lalitpur",House,Sanagaun,Lalitpur,,"3,40,00,000",3 Aana 1 paisa,,13.0,,,2026-08-10,34000000,3.25,10461538
hamrobazaar.com,https://hamrobazaar.com/detail/for-sale-house/house-sale-sanagau-lalitpur-in-sa-ur/57263509-4A9E-83DC-CC57-4AAC2BB52464,"House on sale at Sanagau, Lalitpur",House,Sanagaun,Lalitpur,,"3,15,00,000",2 Aana 3 paisa,,13.0,,,2026-08-10,31500000,2.75,11454545
hamrobazaar.com,https://hamrobazaar.com/detail/for-sale-house/house-sale-sanagau-lalitpur-in-sa-ur/9796C3D8-53D0-F908-AAAC-C6C23124A55B,"House on sale at Sanagau, Lalitpur",House,Sanagaun,Lalitpur,,"3,40,00,000",3 Aana 1 paisa,,13.0,,,2026-08-10,34000000,3.25,10461538
hamrobazaar.com,https://hamrobazaar.com/detail/for-sale-house/house-sale-siddhipur-lalitpur-in-si-ur/7E7440F1-BE73-D554-E9AA-E5403453950C,"House on sale at Siddhipur, Lalitpur",House,Siddhipur,Lalitpur,,"4,60,00,000",4 Aana,,13.0,,,2026-08-10,46000000,4.0,11500000
hamrobazaar.com,https://hamrobazaar.com/detail/for-sale-house/house-sale-siddhipur-lalitpur-in-si-ur/67C5F245-36AB-6460-15E2-38D950CFCD04,"House on sale at Siddhipur, Lalitpur",House,Siddhipur,Lalitpur,,"3,65,00,000",3.5 Aana,,16.0,,,2026-08-10,36500000,3.5,10428571
hamrobazaar.com,https://hamrobazaar.com/detail/for-sale-house/beautiful-house-sale-satobato-lalitpur-in-sa-ur/76083085-BA38-1DD5-D568-6DAC25ADF844,"Beautiful-House on sale at Satobato, Lalitpur",House,Satdobato,Lalitpur,,"2,40,00,000",2.5 Aana,,13.0,,,2026-08-10,24000000,2.5,9600000
hamrobazaar.com,https://hamrobazaar.com/detail/for-sale-house/house-sale-ucho-height-lalitpur-in-im-ur/1BC95025-5ED0-4392-ED0C-72B8DCCD663E,"House on sale at Ucho Height, Lalitpur",House,Ucho Height,Lalitpur,,"4,50,00,000",3.5 Aana,,20.0,,,2026-08-10,45000000,3.5,12857143
hamrobazaar.com,https://hamrobazaar.com/detail/for-sale-house/house-sale-khumaltar-lalitpur-in-kh-ur/8FD2913C-2B28-0EF8-70AC-D5C6EB323903,"House for Sale in Khumaltar, Lalitpur",House,Khumaltar,Lalitpur,,"2,85,00,000",3 Aana 2 Paisa,,,,,2026-07-11,28500000,3.5,8142857
hamrobazaar.com,https://hamrobazaar.com/detail/for-sale-house/house-sale-tikathali-lalitpur-in-ti-ur/3A4D648A-1AF5-A418-31A0-D18864E38062,"House for Sale in Tikathali, Lalitpur",House,Tikathali,Lalitpur,,"4,35,00,000",4 Anna,3.0,13.0,,,2026-05-12,43500000,4.0,10875000
hamrobazaar.com,https://hamrobazaar.com/detail/for-sale-house/house-sale-imadol-lalitpur-in-im-ur/679914B8-A2C7-8224-369D-CF50212AF85D,"House For Sale at Imadol,Lalitpur",House,Imadol,Lalitpur,,"3,50,00,000",3.5 aana,,26.0,,,2025-10-09,35000000,3.5,10000000
hamrobazaar.com,https://hamrobazaar.com/detail/for-sale-house/brand-new-house-sale-harissiddhi-lalitpur-in-sa-sh/3780F8E3-3AFA-EE15-5C95-5A74CC4A1274,Brand New House For Sale In Harissiddhi Lalitpur,House,Harisiddhi,Lalitpur,,"2,60,00,000",3 ana,,18.0,,,2025-12-13,26000000,3.0,8666667
hamrobazaar.com,https://hamrobazaar.com/detail/for-sale-house/house-sale-kantipur-colony-lalitpur-in-31-sh/30A0C863-5310-CDAE-8591-37B448A7B087,House Sale in Kantipur Colony. Lalitpur,House,Kantipur Colony,Lalitpur,,"2,70,00,000",3.5ana,,20.0,,,2025-11-13,27000000,3.5,7714286
hamrobazaar.com,https://hamrobazaar.com/detail/for-sale-house/house-sale-siddhipur-lalitpur-in-si-ur/D9C006EA-6ADE-3CB7-8D88-DF1534AC8A64,"House for sale in Siddhipur, Lalitpur",House,Siddhipur,Lalitpur,,"2,89,00,000",0.2aana,,13.0,,,2025-10-09,28900000,0.2,144500000
hamrobazaar.com,https://hamrobazaar.com/detail/for-sale-house/residential-house-sale-imadol-4-lalitpur-in-pa-ur/C2ACB4FE-79A2-FA63-09AF-D1E39587ECD8,"Residential House On Sale At Imadol 4, Lalitpur.",House,Imadol,Lalitpur,,"3,25,00,000",3.5 Aana,,13.0,,,2026-03-13,32500000,3.5,9285714
hamrobazaar.com,https://hamrobazaar.com/detail/for-sale-house/house-sale-tikathali-lalitpur-in-ti-ur/8846D77E-6EDC-6858-0F7C-D44A5D2DDA5D,"House For Sale in Tikathali, Lalitpur",House,Tikathali,Lalitpur,,"2,75,00,000",4 Aana,,13.0,,,2025-10-09,27500000,4.0,6875000
hamrobazaar.com,https://hamrobazaar.com/detail/for-sale-house/beautiful-house-sale-bhaisepati-lalitpur-in-bh-ur/4E30167F-F505-1EDF-E02B-1ADFD6F901C1,"Beautiful-House on sale at Bhaisepati, Lalitpur",House,Bhaisepati,Lalitpur,,"4,25,00,000",4 aana,,,,,2026-04-12,42500000,4.0,10625000
hamrobazaar.com,https://hamrobazaar.com/detail/for-sale-house/beautiful-house-sale-bhiasepati-lalitpur-in-bh-ur/6F6C8995-66F7-5BAF-6108-20FA293AFD23,"Beautiful-House on sale at Bhiasepati, Lalitpur",House,Bhiasepati,Lalitpur,,"3,30,00,000",3 Aana,,13.0,,,2026-04-12,33000000,3.0,11000000
hamrobazaar.com,https://hamrobazaar.com/detail/for-sale-house/house-sale-imadol-lalitpur-in-im-ur/918F29B8-9673-6C5A-4A55-382126896BE6,"House on sale at Imadol, Lalitpur",House,Imadol,Lalitpur,,"3,75,00,000",3 Aana 2 paisa,,13.0,,,2026-04-12,37500000,3.5,10714286
hamrobazaar.com,https://hamrobazaar.com/detail/for-sale-house/beautiful-house-sale-bhaisepati-lalitpur-in-bh-ur/FE8D510E-92BF-C90B-4380-48A85D0E91C6,"Beautiful-House on sale at Bhaisepati, Lalitpur",House,Bhaisepati,Lalitpur,,"5,80,00,000",5 aana,,,,,2026-03-13,58000000,5.0,11600000
hamrobazaar.com,https://hamrobazaar.com/detail/for-sale-house/beautiful-house-sale-bhaisepati-lalitpur-in-bh-ur/F4B8A822-29D2-B361-1603-547660FD0AA7,"Beautiful-House on sale at Bhaisepati, Lalitpur",House,Bhaisepati,Lalitpur,,"4,80,00,000",4 Aana,,13.0,,,2026-03-13,48000000,4.0,12000000
hamrobazaar.com,https://hamrobazaar.com/detail/for-sale-house/1-5-talle-house-sale-sanagun-lalitpur-in-sa-ur/2298B14A-36F1-19F2-89E6-206649F14A5B,"1.5 Talle House on sale at Sanagun, Lalitpur",House,Sanagaun,Lalitpur,,"1,65,00,000",3 aana aana,,,,,2026-01-12,16500000,3.0,5500000
hamrobazaar.com,https://hamrobazaar.com/detail/for-sale-house/beautiful-house-sale-lubhu-lalitpur-in-lu-ur/4C8BD15C-0A0B-211D-855C-6D8C6DF69CD7,"Beautiful-House on sale at Lubhu, Lalitpur",House,Lubhu,Lalitpur,,"1,55,00,000",3 aana,,,,,2026-05-12,15500000,3.0,5166667
hamrobazaar.com,https://hamrobazaar.com/detail/for-sale-house/beautiful-house-sale-lubhu-lalitpur-in-lu-ur/395FD0B7-7F84-7C7C-9545-43AFC365F17F,"Beautiful-House on sale at Lubhu, Lalitpur",House,Lubhu,Lalitpur,,"3,30,00,000",4 aana,,,,,2026-05-12,33000000,4.0,8250000
hamrobazaar.com,https://hamrobazaar.com/detail/for-sale-house/beautiful-house-sale-lubhu-lalitpur-in-lu-ur/5ADC9909-5715-C848-EC77-A5EE1B7DB9C0,"Beautiful-House on sale at Lubhu, Lalitpur",House,Lubhu,Lalitpur,,"1,65,00,000",3.25 aana,,,,,2026-04-12,16500000,3.25,5076923
hamrobazaar.com,https://hamrobazaar.com/detail/for-sale-house/house-sale-lubhu-lalitpur-in-lu-ur/E6EF4F31-7916-1684-E093-28C98AEE3C15,"House on sale at Lubhu, Lalitpur",House,Lubhu,Lalitpur,,"3,20,00,000",3 Aana 3 paisa,,13.0,,,2026-04-12,32000000,3.75,8533333
hamrobazaar.com,https://hamrobazaar.com/detail/for-sale-house/house-sale-bhaisepati-lalitpur-in-bh-du/0AEE6449-30C7-7F55-C160-536FFE253E68,"House on sale at Bhaisepati, Lalitpur",House,Bhaisepati,Lalitpur,,"4,25,00,000",4 Aana,,20.0,,,2026-04-12,42500000,4.0,10625000
hamrobazaar.com,https://hamrobazaar.com/detail/for-sale-house/house-sale-lubhu-chasidol-lalitpur-in-lu-ur/68B45114-05A9-C47D-3D8D-3D177D4A629F,"House on sale at Lubhu Chasidol, Lalitpur",House,Lubhu Chasidol,Lalitpur,,"1,65,00,000",3 Aana 2 paisa,,20.0,,,2026-04-12,16500000,3.5,4714286
hamrobazaar.com,https://hamrobazaar.com/detail/for-sale-house/4-aana-house-sale-nakkhu-lalitpur-in-na-ur/E89E2405-13B0-D657-8469-9C337DACD9E8,"4 AANA HOUSE FOR SALE AT NAKKHU, LALITPUR",House,Nakkhu,Lalitpur,,"5,90,00,000",4 AANA,,,,,2024-10-09,59000000,4.0,14750000
hamrobazaar.com,https://hamrobazaar.com/detail/for-sale-house/house-sale-hattiban-lalitpur-in-ha-ur/6F081D24-ECF7-F2BC-FC5B-0AE501EFA4C9,"House for Sale at Hattiban, Lalitpur",House,Hattiban,Lalitpur,,"2,40,00,000",3 Aana,,13.0,,,2026-03-13,24000000,3.0,8000000
hamrobazaar.com,https://hamrobazaar.com/detail/for-sale-house/bungalow-house-sale-dadhikot-bhaktapur-in-da-ur/09CE3CC0-FA55-68F2-DE87-AF1807F414FB,"Bungalow House on sale at Dadhikot,Bhaktapur",House,Dadhikot,Bhaktapur,,"3,00,00,000",4 aana,,,,,2025-12-13,30000000,4.0,7500000
hamrobazaar.com,https://hamrobazaar.com/detail/for-sale-house/house-sale-balkot-bhaktapur-in-ba-ur/4034F328-3809-2567-957E-2F55EBFE69B2,"House on sale at Balkot, Bhaktapur",House,Balkot,Bhaktapur,,"3,60,00,000",4 Aana 1 Paisa,,20.0,,,2026-04-12,36000000,4.25,8470588
hamrobazaar.com,https://hamrobazaar.com/detail/for-sale-house/ghar-bikri-ma-sasto-ghar-in-ba-du/EE0F64A4-70EB-460A-8C50-1FFF0AC0A137,GHAR* BIKRI ma # SASTO GHAR,House,,,,"2,25,00,000",3 aana,,,,,2026-09-18,22500000,3.0,7500000
hamrobazaar.com,https://hamrobazaar.com/detail/for-sale-house/house-sale-maharajgunj-4-aana-land-in-di-du/D87DF0E5-BA42-47FE-BC70-9B868416935C,House for SALE at Maharajgunj 4 Aana Land for SALE,House,Maharajgunj,Kathmandu,,"3,30,00,000",4 Aana,,20.0,,,2026-09-18,33000000,4.0,8250000
hamrobazaar.com,https://hamrobazaar.com/detail/for-sale-house/house-sale-boudha-arubari-in-ar-rg/C2BB2C12-52C9-4614-AD20-C184DAE713C8,"House Sale @Boudha, Arubari",House,,,,"2,40,00,000",3.5aana,,13.0,,,2026-10-09,24000000,3.5,6857143
hamrobazaar.com,https://hamrobazaar.com/detail/for-sale-house/brand-new-semi-bunglow-house-sale-bhangal-in-bh-du/F2592013-79E3-4723-81BE-18D137C95428,Brand New Semi Bunglow House For Sale at Bhangal,House,Bhangal,Kathmandu,,"7,50,00,000",7.5Aana,,13.0,,,2026-10-09,75000000,7.5,10000000
hamrobazaar.com,https://hamrobazaar.com/detail/for-sale-house/brand-new-semi-bunglow-house-sale-dhapasi-in-dh-du/09417429-467C-4AA6-B560-8D9AABAE5562,Brand New Semi Bunglow House On Sale at Dhapasi,House,Dhapasi,Kathmandu,,"5,30,00,000",5.5Aana,,13.0,,,2026-10-09,53000000,5.5,9636364
hamrobazaar.com,https://hamrobazaar.com/detail/for-sale-house/house-sale-ekatabasti-jyotinagar-in-ek-du/3A15D9D0-CCBB-43CF-A5EB-16305381EF26,"House Sale @Ekatabasti, Jyotinagar",House,,,,"2,10,00,000",3.5aana,,13.0,,,2026-10-09,21000000,3.5,6000000
hamrobazaar.com,https://hamrobazaar.com/detail/for-sale-house/house-sale-mandikhatar-ekatabasti-in-ek-du/8F0CC0A5-DEE2-4B4E-82BC-4F38191AE476,"House Sale @Mandikhatar, Ekatabasti",House,,,,"5,25,00,000",6aana,,14.0,,,2026-10-09,52500000,6.0,8750000
hamrobazaar.com,https://hamrobazaar.com/detail/for-sale-house/house-sale-mulpani-in-ka-sh/FF916B6F-58AE-4DFA-A389-0D3029531E40,House sale in mulpani,House,Mulpani,Kathmandu,,"3,00,10,000",4 aana,,,,,2026-10-09,30010000,4.0,7502500
hamrobazaar.com,https://hamrobazaar.com/detail/for-sale-house/house-sale-loktantrik-chowk-manamaiju-in-lo-du/845F0419-2D8F-4D7D-95FB-91048E802A9F,"House Sale @Loktantrik Chowk, Manamaiju",House,,,,"1,15,00,000",1aana,,,,,2026-10-09,11500000,1.0,11500000
hamrobazaar.com,https://hamrobazaar.com/detail/for-sale-house/house-sale-sitapakha-04-imadol-in-m-ur/791AB819-C994-4997-8F2D-7F504DBB2124,House for sale in Sitapakha-04 Imadol,House,Sitapakha,,,"2,64,00,000",3aana,,,,,2026-10-09,26400000,3.0,8800000
hamrobazaar.com,https://hamrobazaar.com/detail/for-sale-house/house-sale-mulpani-in-mu-sh/B6E1150B-7B53-4F77-9189-A35D3E62CD4C,House sale in mulpani,House,Mulpani,Kathmandu,,"3,00,10,000",4 aana,,,,,2026-10-09,30010000,4.0,7502500
hamrobazaar.com,https://hamrobazaar.com/detail/for-sale-house/house-sale-sitapaila-in-si-du/8562A487-AC9F-4F03-AAAD-F1293C2F401E,House Sale @Sitapaila,House,,,,"2,60,00,000",4aana,2.5,13.0,,,2026-10-09,26000000,4.0,6500000
hamrobazaar.com,https://hamrobazaar.com/detail/for-sale-house/house-sale-budhanilkantha-in-bu-du/91EB7734-A207-41A1-A0A5-E254D8155AAF,House Sale @Budhanilkantha,House,,,,"5,75,00,000",8.5aana,2.5,16.0,,,2026-10-09,57500000,8.5,6764706
hamrobazaar.com,https://hamrobazaar.com/detail/for-sale-house/house-sale-budhanilkantha-pasikot-in-pa-du/4E3A754C-96E0-4337-976F-00BF0C0EF150,"House Sale @Budhanilkantha, Pasikot",House,,,,"7,50,00,000",7 aana,2.0,20.0,,,2026-10-08,75000000,7.0,10714286
hamrobazaar.com,https://hamrobazaar.com/detail/for-sale-house/house-sale-balaju-raniban-area-in-ta-du/F70F95A2-CACD-4974-8907-06E6312EBB2B,House for sale at Balaju Raniban area,House,Balaju Raniban Area,,,"2,95,00,000",3 aana 2 paisa,,13.0,,,2026-10-08,29500000,3.5,8428571
hamrobazaar.com,https://hamrobazaar.com/detail/for-sale-house/house-sale-gaushala-inside-ringroad-in-ga-du/FBF4756C-5530-493E-AEB4-0EB38859A24C,House Sale @Gaushala inside ringroad,House,,,,"3,50,00,000",3 aana,3.5,15.0,,,2026-10-09,35000000,3.0,11666667
hamrobazaar.com,https://hamrobazaar.com/detail/for-sale-house/house-sale-bishnu-devi-in-kr-du/6F4B4661-5963-4ED0-B975-9FD61AF91499,House For Sale In Bishnu Devi,House,Bishnu Devi,,,"2,80,00,000",4.5 Aana,,13.0,,,2026-10-08,28000000,4.5,6222222
hamrobazaar.com,https://hamrobazaar.com/detail/for-sale-house/house-sale-banasthali-raniban-buddha-chowk-in-ba-ht/AF9DA509-14FC-4B8B-8898-6F90800FC4D8,"House Sale @Banasthali, Raniban, Buddha Chowk",House,,,,"3,25,00,000",4aana,,13.0,,,2026-10-08,32500000,4.0,8125000
hamrobazaar.com,https://hamrobazaar.com/detail/for-sale-house/house-sale-mandikhatar-phat-in-ma-du/D89D798E-2320-4042-A5BA-2C05FE1E8F6D,House Sale @Mandikhatar Phat,House,,,,"4,75,00,000",5 aana,2.5,13.0,,,2026-10-08,47500000,5.0,9500000
hamrobazaar.com,https://hamrobazaar.com/detail/for-sale-house/house-sale-sanepa-in-sa-ur/4F34FB4B-142C-411C-90DA-AF7A762BC01F,House Sale @Sanepa,House,,,,"1,50,00,000",17aana,,14.0,,,2026-10-08,15000000,17.0,882353
hamrobazaar.com,https://hamrobazaar.com/detail/for-sale-house/house-sale-basundhara-in-ba-wk/7C182179-06AF-47B0-A9B3-B3A1038FDA13,House Sale @Basundhara,House,,,,"3,15,00,000",4 aana,3.5,12.0,,,2026-10-08,31500000,4.0,7875000
hamrobazaar.com,https://hamrobazaar.com/detail/for-sale-house/house-sale-ratopul-pashupati-road-in-ra-du/F0DA424A-B88D-4A00-804F-3942A1A631AF,"House for Sale @ Ratopul, Pashupati Road",House,,,,"5,55,00,000",6 Aana,,,,,2026-10-08,55500000,6.0,9250000
hamrobazaar.com,https://hamrobazaar.com/detail/for-sale-house/furnished-semi-bunglow-house-sale-bhangal-in-bh-du/C564B58F-A902-495A-BE30-98D401910A0B,Furnished Semi Bunglow House For Sale at Bhangal,House,Bhangal,Kathmandu,,"4,90,00,000",5Aana,,14.0,,,2026-10-07,49000000,5.0,9800000
hamrobazaar.com,https://hamrobazaar.com/detail/for-sale-house/brand-new-semi-bunglow-house-sale-hattigauda-in-ha-du/F3B3A3BA-980B-420F-8ECD-D6E94E0C3015,Brand New Semi Bunglow House On Sale at Hattigauda,House,Hattigauda,Kathmandu,,"3,80,00,000",3.5Aana,,20.0,,,2026-10-07,38000000,3.5,10857143
hamrobazaar.com,https://hamrobazaar.com/detail/for-sale-house/beautiful-bunglow-house-sale-deuba-chowk-in-de-du/86FE70FC-BA59-4498-A92F-E69E2DD56893,Beautiful Bunglow House For Sale at Deuba Chowk,House,Deuba,,,"11,99,00,000",5Aana,,15.0,,,2026-10-07,119900000,5.0,23980000
hamrobazaar.com,https://hamrobazaar.com/detail/for-sale-house/house-sale-in-ak-ur/0DB53781-A3FB-4B32-9194-48958C18737D,House on Sale,House,,,,"2,75,00,000",1 aana,,,,,2026-10-07,27500000,1.0,27500000
hamrobazaar.com,https://hamrobazaar.com/detail/for-sale-house/8-aana-house-sale-chuchepati-in-ch-du/4BA36E34-B60E-4FE4-A28F-6F9054876D57,8 Aana House For Sale In Chuchepati,House,Chuchepati,,,"9,00,00,000",8 Aana,,14.0,,,2026-10-07,90000000,8.0,11250000
hamrobazaar.com,https://hamrobazaar.com/detail/for-sale-house/house-sale-budhanilkantha-sapredhunga-in-sa-du/94A9F4AD-8C56-4440-9F0E-B5762C3818C6,"House Sale @Budhanilkantha, Sapredhunga",House,,,,"4,95,00,000",5.5aana,2.5,28.0,,,2026-10-07,49500000,5.5,9000000
hamrobazaar.com,https://hamrobazaar.com/detail/for-sale-house/house-sale-budhanilkantha-in-bu-du/C724EC89-D0FD-403A-95BD-7F53B43C19B5,House Sale @Budhanilkantha,House,,,,"6,25,00,000",7aana,2.5,14.0,,,2026-10-07,62500000,7.0,8928571
hamrobazaar.com,https://hamrobazaar.com/detail/for-sale-house/house-sale-mandikhatar-phat-in-ma-du/2D65FC1F-2967-47FB-9C5A-29772FA704B1,House Sale @Mandikhatar Phat,House,,,,"4,75,00,000",4 aana,3.5,13.0,,,2026-10-06,47500000,4.0,11875000
hamrobazaar.com,https://hamrobazaar.com/detail/for-sale-house/house-sale-thamel-in-th-du/654C49C8-1F6B-41A0-8F71-543229783AB3,House Sale @Thamel,House,,,,"4,60,00,000",4aana,,12.0,,,2026-10-06,46000000,4.0,11500000
hamrobazaar.com,https://hamrobazaar.com/detail/for-sale-house/house-sale-budhanilkantha-in-bu-du/F0747719-6056-44B5-8D7B-9954B2CC4684,House Sale @Budhanilkantha,House,,,,"7,50,00,000",7.2aana,2.0,20.0,,,2026-10-07,75000000,7.2,10416667
hamrobazaar.com,https://hamrobazaar.com/detail/for-sale-house/house-sale-sukedhara-in-su-du/AF7B07FB-55F3-405E-A8E8-C6884225D400,House Sale @Sukedhara,House,,,,"4,30,00,000",5aana,2.5,12.0,,,2026-10-07,43000000,5.0,8600000
hamrobazaar.com,https://hamrobazaar.com/detail/for-sale-house/house-sale-gongabu-in-%E0%A4%97%E0%A5%8B-sh/942C8105-F450-46E4-B503-73480A419C44,House on Sale at Gongabu,House,Gongabu,Kathmandu,,"1,40,00,000",53 aana,,,,,2026-10-06,14000000,53.0,264151
hamrobazaar.com,https://hamrobazaar.com/detail/for-sale-house/house-sale-mainalipool-sundarbasti-in-su-rg/4D04AC8F-BE87-4137-8892-EA8B6BF4185F,"House Sale @Mainalipool, Sundarbasti",House,,,,"3,60,00,000",3.5 aana,2.5,13.0,,,2026-10-06,36000000,3.5,10285714
hamrobazaar.com,https://hamrobazaar.com/detail/for-sale-house/house-sale-dhapasi-in-dh-du/8923A0C8-31C3-4263-9813-59AE295AAB0C,House for sale at Dhapasi,House,Dhapasi,Kathmandu,,"7,70,00,000",8.2 ana,,,,,2026-10-07,77000000,8.2,9390244
hamrobazaar.com,https://hamrobazaar.com/detail/for-sale-house/house-sale-in-ch-du/9C97504A-7065-4BF6-BA7B-E6B0D01B3712,House For Sale,House,,,,"4,75,00,000",5 aana,,,,,2026-10-06,47500000,5.0,9500000
hamrobazaar.com,https://hamrobazaar.com/detail/for-sale-house/house-sale-in-pr-re/479EA7AE-9D30-4AE4-9415-17ED90C909FC,House on Sale,House,,,,"3,50,00,000",4 aana,,,,,2026-10-05,35000000,4.0,8750000
hamrobazaar.com,https://hamrobazaar.com/detail/for-sale-house/luxury-house-sales-in-la-ur/1FCA3C77-F8B6-47B5-8F46-236DD18A7079,luxury House for sales,House,,,,"2,75,00,000",3.25 aana,,,,,2026-10-05,27500000,3.25,8461538
hamrobazaar.com,https://hamrobazaar.com/detail/for-sale-house/house-sale-makalbari-in-gh-du/9657E926-DCE0-4956-8EB8-A9E2211B0088,House for sale in makalbari,House,Makalbari,Kathmandu,,"1,15,00,000",3 aana,,,,,2026-10-05,11500000,3.0,3833333
hamrobazaar.com,https://hamrobazaar.com/detail/for-sale-house/house-sale-jorpati-nayabasti-in-jo-du/73D8196C-C60C-4810-8490-77D5D9A616BA,"House Sale @Jorpati, Nayabasti",House,,,,"2,90,00,000",3aana,3.0,13.0,,,2026-10-05,29000000,3.0,9666667
hamrobazaar.com,https://hamrobazaar.com/detail/for-sale-house/brand-new-house-sale-in-hi-du/326936E9-7C10-43E6-96EB-3261C57DA6D8,Brand New house Sale,House,,,,"3,30,00,000",3 aana,,,,,2026-10-04,33000000,3.0,11000000
hamrobazaar.com,https://hamrobazaar.com/detail/for-sale-house/beautiful-house-sale-in-sh-du/77F0BC9A-3FE1-47CE-AE4D-8CE42ECC4C1D,Beautiful House on Sale,House,,,,"2,10,00,000",4 aana,,,,,2026-10-03,21000000,4.0,5250000
hamrobazaar.com,https://hamrobazaar.com/detail/for-sale-house/house-sale-golfutar-phat-in-go-ad/B0B3BFD8-1638-4246-B21A-C30BFCC2B851,House Sale @Golfutar Phat,House,,,,"5,25,00,000",5 aana,2.5,14.0,,,2026-10-03,52500000,5.0,10500000
hamrobazaar.com,https://hamrobazaar.com/detail/for-sale-house/booking-open-new-flat-type-3-5-floor-house-sale-in-un-du/815FE76A-25BB-491B-A78F-105468D3E48B,Booking Open New Flat Type 3.5 Floor House On Sale,House,,,,"4,50,00,000",0400 aana,3.5,,,,2026-10-02,45000000,400.0,112500
hamrobazaar.com,https://hamrobazaar.com/detail/for-sale-house/house-sale-in-si-sh/F3A96FAF-EFDF-498C-9874-2AD07654476D,House sale,House,,,,"3,20,00,000",4 aana,,,,,2026-10-02,32000000,4.0,8000000
hamrobazaar.com,https://hamrobazaar.com/detail/for-sale-house/code-h0074-house-sale-budhanilkantha-in-bu-du/6136F0A9-C333-4DF5-969A-E40F986E19EF,Code: H0074 | House For sale in Budhanilkantha,House,Budhanilkantha,Kathmandu,,"4,00,00,000",4 Aana 2 Paisa,,13.0,,,2026-10-02,40000000,4.5,8888889
hamrobazaar.com,https://hamrobazaar.com/detail/for-sale-house/house-sale-bhangal-budhanilkantha-in-bh-du/5E0C8391-3466-40B5-9DC2-8C62F6327E4A,"House Sale @Bhangal, Budhanilkantha",House,,,,"3,50,00,000",4.5 aana,2.5,13.0,,,2026-10-03,35000000,4.5,7777778
hamrobazaar.com,https://hamrobazaar.com/detail/for-sale-house/house-sale-budhanilkantha-pasikot-in-pa-du/EC034FAA-5672-446F-B10C-EF267E6EC93D,"House Sale @Budhanilkantha, Pasikot",House,,,,"3,30,00,000",4aana,2.5,13.0,,,2026-10-02,33000000,4.0,8250000
hamrobazaar.com,https://hamrobazaar.com/detail/for-sale-house/kadaghari-new-house-sale-in-ka-ur/3500BF70-771D-4755-8216-8BEBBC47C62C,KADAGHARI New house for sale,House,,,,"26,00,000",3 anna,,,,,2026-10-02,2600000,3.0,866667
hamrobazaar.com,https://hamrobazaar.com/detail/for-sale-house/beautiful-4bhk-house-sale-budhanilkantha-in-bu-du/42113C07-38A2-4206-B885-DC93520CF957,Beautiful 4BHK House for sale in Budhanilkantha.,House,Budhanilkantha,Kathmandu,,"4,00,00,000",4 Aana,,13.0,,,2026-10-02,40000000,4.0,10000000
hamrobazaar.com,https://hamrobazaar.com/detail/for-sale-house/kadaghari-house-sale-low-price-in-xi-er/AEE95C7D-8F5D-4DF3-9907-9D67DF24C91C,kadaghari house on sale at low price,House,Low Price,,,"1,50,00,000",2.5 aana,,,,,2026-10-02,15000000,2.5,6000000
hamrobazaar.com,https://hamrobazaar.com/detail/for-sale-house/house-sale-in-mi-hi/68F3F139-FE8A-47F4-8CC1-43771C2E42B0,House for sale,House,,,,"1,60,00,000",3.75 aana,,,,,2026-10-02,16000000,3.75,4266667
hamrobazaar.com,https://hamrobazaar.com/detail/for-sale-house/house-sale-in-xi-er/392C3EB8-FCE6-4EB6-BB5C-2386DACE5BF3,house sale,House,,,,"4,00,00,000",4 aana,2.5,,,,2026-10-02,40000000,4.0,10000000
hamrobazaar.com,https://hamrobazaar.com/detail/for-sale-house/house-sale-in-ha-ur/63FB843A-3F18-41CF-83DB-14137E92E254,House on sale,House,,,,"3,80,00,000",4.2 aana,,,,,2026-09-25,38000000,4.2,9047619
hamrobazaar.com,https://hamrobazaar.com/detail/for-sale-land/land-sale-downtown-housing-dhapakhel-in-do-ur/C9B1D14D-A5BF-4AC7-AB8B-3CD3513C0279,"Land for Sale in Downtown housing, Dhapakhel",Land,Downtown Housing,,,"1,57,95,000",3.51 aana,,,,,2026-09-25,15795000,3.51,4500000
hamrobazaar.com,https://hamrobazaar.com/detail/for-sale-land/urgent-sale-house-8-aana-near-balaju-total-2-65-cr-in-ba-du/5FBF6FE4-3A5E-4B09-9DE4-F0EB3E558658,Urgent SALE:HOUSE+8 AANA Near Balaju Total 2.65 CR,Land,Balaju Total,,,"2,65,00,000",8 AANA,,,,,2026-09-25,26500000,8.0,3312500
hamrobazaar.com,https://hamrobazaar.com/detail/for-sale-house/house-sale-in-ch-du/70ECC9EF-881E-47D0-8CD1-8115DDDF89B2,HOUSE FOR SALE,House,,,,"4,50,00,000",7.5 aana,,,,,2026-09-25,45000000,7.5,6000000
hamrobazaar.com,https://hamrobazaar.com/detail/for-sale-house/house-sale-jorpati-besigaaun-in-ma-sh/1F13CE0E-9A51-4127-A869-072E253228CA,"House for Sale @ Jorpati, Besigaaun",House,,,,"2,70,00,000",3 Aana,,13.0,,,2026-09-25,27000000,3.0,9000000
hamrobazaar.com,https://hamrobazaar.com/detail/for-sale-house/house-sale-in-r-du/208EA17C-B1C9-4185-9EE7-3C55BCE1C79A,House for sale,House,,,,"3,30,00,000",4.2 aana,3.0,,,,2026-09-25,33000000,4.2,7857143
hamrobazaar.com,https://hamrobazaar.com/detail/for-sale-house/kadaghari-gandhi-mod-house-sale-in-xi-er/EAECE8FB-6CA1-4FA7-BB0E-5CA8C087882E,Kadaghari gandhi mod house on sale,House,,,,"2,35,00,000",3 aana,,,,,2026-09-25,23500000,3.0,7833333
hamrobazaar.com,https://hamrobazaar.com/detail/for-sale-house/brand-new-bunglow-house-sale-tokha-grande-in-gr-du/3BD56E89-22E2-41E8-A908-9190D694CB16,"Brand New Bunglow House On Sale at Tokha, Grande",House,Tokha,Kathmandu,,"5,65,00,000",6Aana,,13.0,,,2026-09-25,56500000,6.0,9416667
hamrobazaar.com,https://hamrobazaar.com/detail/for-sale-house/house-sale-in-ka-du/BFADA10F-DAE9-4716-BDFF-5CBAA788155A,House for sale,House,,,,"2,70,00,000",3.1 aana,,,,,2026-09-25,27000000,3.1,8709677
hamrobazaar.com,https://hamrobazaar.com/detail/for-sale-house/house-sale-ichangu-in-sc-du/8832BEB7-A4A7-4595-9835-8D934E71532B,house on sale at ichangu,House,Ichangu,,,"2,20,00,000",3 aana,,,,,2026-09-25,22000000,3.0,7333333
hamrobazaar.com,https://hamrobazaar.com/detail/for-sale-land/10-anna-land-sale-sano-bharyang-kathmandu-in-am-re/2BF7F9E6-9001-488D-87FA-E8865F0EF319,"10 Anna Land for sale in Sano-Bharyang, Kathmandu",Land,Sano Bharyang,Kathmandu,,"55,00,000",10 Anna,,,,,2026-10-08,5500000,10.0,550000
hamrobazaar.com,https://hamrobazaar.com/detail/for-sale-land/10-anna-land-sale-sano-bharyang-kathmandu-in-aa-ls/229A9D46-BE85-4D35-C997-0B38289707C2,"10 Anna Land for sale in Sano-Bharyang, Kathmandu",Land,Sano Bharyang,Kathmandu,,"55,00,000",10 Anna,,,,,2026-09-09,5500000,10.0,550000
hamrobazaar.com,https://hamrobazaar.com/detail/for-sale-land/land-sale-tahachal-kathmandu-in-ta-du/0145AB07-9593-48F7-9064-58DB54AFCF41,"Land For Sale at Tahachal, Kathmandu",Land,Tahachal,Kathmandu,,"75,00,000",7 aana 2 paisa,,16.0,,,2026-10-03,7500000,7.5,1000000
hamrobazaar.com,https://hamrobazaar.com/detail/for-sale-land/3-aana-1-paisa-land-sale-kathmandu-in-di-ur/5F703AB5-32AD-F051-1435-AABF033491FB,3 Aana 1 Paisa Land For Sale in Kathmandu,Land,,Kathmandu,,"55,00,000",3 Aana 1 Paisa,,,,,2026-08-10,5500000,3.25,1692308
hamrobazaar.com,https://hamrobazaar.com/detail/for-sale-land/1-ropani-cheap-land-sale-kathmandu-valley-in-du-ur/2202E7C2-9AB2-2CA9-ABF7-6FBA45CF8008,1 ropani cheap land for sale in Kathmandu valley,Land,Kathmandu Valley,Kathmandu,,"6,00,000",1 ropani,,30.0,,,2026-08-10,600000,16.0,37500
hamrobazaar.com,https://hamrobazaar.com/detail/for-sale-land/land-sale-goldhunga-kathmandu-in-ba-du/33FDDEE9-E223-45DA-BE36-172AB0541844,Land Sale in Goldhunga kathmandu,Land,Goldhunga,Kathmandu,,"12,50,000",7 aana,,,,,2026-09-18,1250000,7.0,178571
hamrobazaar.com,https://hamrobazaar.com/detail/for-sale-land/1-ropani-land-sale-panipokhari-kathmandu-in-hi-du/5C73454B-2498-46B4-82BB-8457C9365936,"1 ropani land for sale in Panipokhari, Kathmandu",Land,Panipokhari,Kathmandu,,"25,00,00,000",1 ropani,,16.0,,,2026-10-07,250000000,16.0,15625000
hamrobazaar.com,https://hamrobazaar.com/detail/for-sale-land/land-sale-kathmandu-ko-chalnakhel-in-da-sh/6C4380F7-5EF0-46EB-B972-41B5DD231990,Land sale in Kathmandu ko Chalnakhel,Land,Kathmandu Ko Chalnakhel,Kathmandu,,"14,80,000",4 aana,,14.0,,,2026-09-18,1480000,4.0,370000
hamrobazaar.com,https://hamrobazaar.com/detail/for-sale-land/land-sale-kharibot-dhungedhara-kathmandu-in-ma-du/68E2D9E7-F33D-4638-99E5-1BECA3897D5D,Land for sale in Kharibot: Dhungedhara Kathmandu.,Land,Kharibot Dhungedhara,Kathmandu,,"66,00,000",5 Aana,,,,,2026-10-02,6600000,5.0,1320000
hamrobazaar.com,https://hamrobazaar.com/detail/for-sale-land/5-25-aana-land-sale-basundhara-kathmandu-in-ka-du/774862AB-21C9-4385-8672-0146C5CD6DE5,"5.25 Aana Land On Sale in Basundhara, Kathmandu",Land,Basundhara,Kathmandu,,"2,50,00,000",5.25 Aana,,,,,2026-09-25,25000000,5.25,4761905
hamrobazaar.com,https://hamrobazaar.com/detail/for-sale-land/land-sale-mulpani-kathmandu-0-3-3-3-in-mu-du/7E3279BB-B2C6-B309-11FF-3FE8FB215209,"land on sale Mulpani, Kathmandu 0-3-3-3",Land,,Kathmandu,,"1,44,00,000",3 Aana 3 Paisa,,,,,2026-08-10,14400000,3.75,3840000
hamrobazaar.com,https://hamrobazaar.com/detail/for-sale-land/land-sale-kathmandu-subidhanagar-tinkune-in-45-sh/A8BD19F3-1CE5-D439-5347-A66674103641,LAND FOR SALE KATHMANDU SUBIDHANAGAR TINKUNE,Land,,Kathmandu,,"75,00,000",4 aana,,,,,2026-08-10,7500000,4.0,1875000
hamrobazaar.com,https://hamrobazaar.com/detail/for-sale-land/land-sale-lapsifedi-sankhu-kathmandu-in-sa-du/7DAD7D86-4112-482F-A63F-E34D11A5A13A,"LAND ON SALE LAPSIFEDI,SANKHU,KATHMANDU",Land,,Kathmandu,,"65,00,000",5 aana,,,,,2026-09-25,6500000,5.0,1300000
hamrobazaar.com,https://hamrobazaar.com/detail/for-sale-land/land-sale-ramkot-kathmandu-in-ra-du/308B524B-AA0F-455E-ADC1-553B5D5D4E58,"Land for Sale – Ramkot, Kathmandu",Land,,Kathmandu,,"20,00,000",3 Aana,,,,,2026-10-02,2000000,3.0,666667
hamrobazaar.com,https://hamrobazaar.com/detail/for-sale-land/3-5-4-4-5-5-aana-land-sale-sitapaila-kathmandu-in-na-sh/3B480221-325D-CE76-A088-E5AFE65F426C,3.5/4/4.5/5 aana land on sale at sitapaila Kathmandu,Land,Sitapaila,Kathmandu,,"35,00,000",5 aana,,,,,2026-09-09,3500000,5.0,700000
hamrobazaar.com,https://hamrobazaar.com/detail/for-sale-land/6-aana-land-sale-sangkata-homes-sitapaila-kathmandu-in-na-sh/8609E0A0-9AE9-36A6-F69D-F922321AA255,6 aana land on sale at sangkata homes sitapaila Kathmandu,Land,Sangkata Homes Sitapaila,Kathmandu,,"42,00,000",6 aana,,,,,2026-09-09,4200000,6.0,700000
hamrobazaar.com,https://hamrobazaar.com/detail/for-sale-land/20-aana-super-commercial-land-sale-swayambhu-kathmandu-in-ka-sh/96C8DD50-37B7-0C9C-BBB1-9DF552700A88,20 aana super commercial land on sale at swayambhu Kathmandu,Land,Swayambhu,Kathmandu,,"1,20,00,000",20 aana,,,,,2026-09-09,12000000,20.0,600000
hamrobazaar.com,https://hamrobazaar.com/detail/for-sale-land/jitpurfedi-tarkeshwor-kathmandu-land-sale-in-kh-du/D1AA169C-9300-404D-B76D-8A5A019B1501,"Jitpurfedi, Tarkeshwor (Kathmandu), Land on Sale",Land,,Kathmandu,,"17,90,000",3.75 aana,,,,,2026-09-09,1790000,3.75,477333
hamrobazaar.com,https://hamrobazaar.com/detail/for-sale-land/land-sale-bijeshwori-dallu-kathmandu-in-bi-du/0978EAC2-D9FE-44C5-B0C2-56985584FD51,"Land for Sale at Bijeshwori (Dallu), Kathmandu",Land,Bijeshwori Dallu,Kathmandu,,"55,00,000",4aana,,10.0,,,2026-09-09,5500000,4.0,1375000
hamrobazaar.com,https://hamrobazaar.com/detail/for-sale-land/land-sale-dahachowk-kathmandu-in-dh-du/6AF1896A-D83B-FB10-5711-23DF8C8A21AA,"Land for Sale | Dahachowk, Kathmandu",Land,,Kathmandu,,"16,00,000",8 Ropani,,16.0,,,2026-08-10,1600000,128.0,12500
hamrobazaar.com,https://hamrobazaar.com/detail/for-sale-land/6-aana-land-sale-thulobharyang-kathmandu-in-ne-sh/6E4A57B4-9267-DF59-3B19-1B6426148EB8,6 aana land on sale at thulobharyang Kathmandu,Land,Thulobharyang,Kathmandu,,"60,00,000",6 aana,,,,,2026-09-09,6000000,6.0,1000000
hamrobazaar.com,https://hamrobazaar.com/detail/for-sale-land/15-ana-land-sale-kalikathan-kathmandu-in-pl-du/1DFDE8B8-EFF6-CDF8-BA5C-469C5E0DCF18,15 Ana Land For Sale At Kalikathan Kathmandu,Land,Kalikathan,Kathmandu,,"1,15,00,000",15 Ana,,,,,2026-09-09,11500000,15.0,766667
hamrobazaar.com,https://hamrobazaar.com/detail/for-sale-land/23-aana-land-sale-mandikatar-kathmandu-in-m-u/C3FB7324-1626-471F-6E3C-C780CDAFB137,23 aana Land for Sale At Mandikatar Kathmandu,Land,Mandikhatar,Kathmandu,,"72,00,000",23 aana,,,,,2026-09-09,7200000,23.0,313043
hamrobazaar.com,https://hamrobazaar.com/detail/for-sale-land/land-sale-tokha-jhor-kathmandu-in-to-du/6534F18D-4CBC-1AB9-0D3F-D397E789962F,Land On Sale Tokha Jhor Kathmandu,Land,,Kathmandu,,"25,00,000",8 Ana,,,,,2026-08-10,2500000,8.0,312500
hamrobazaar.com,https://hamrobazaar.com/detail/for-sale-land/land-sale-jhor-tokha-kathmandu-in-to-du/CD23F897-849E-62CA-8022-F872254C8BEB,Land On Sale Jhor Tokha Kathmandu,Land,,Kathmandu,,"25,00,000",8 Ana,,,,,2026-08-10,2500000,8.0,312500
hamrobazaar.com,https://hamrobazaar.com/detail/for-sale-land/1000-ropani-cheap-land-sale-kathmandu-in-fa-ur/AACC6C3B-2029-AD56-C105-15DB54A70502,1000 ropani cheap land for sale in Kathmandu,Land,,Kathmandu,,"6,00,000",1000 ropani,,,,,2026-08-10,600000,16000.0,38
hamrobazaar.com,https://hamrobazaar.com/detail/for-sale-land/6-aana-land-sale-raniban-kathmandu-in-ka-du/207AE0CB-E3C5-F7FB-E839-430B23CCCB54,6 Aana Land on Sale at Raniban Kathmandu.,Land,Raniban,Kathmandu,,"50,00,000",6 Aana,,20.0,,,2026-07-11,5000000,6.0,833333
hamrobazaar.com,https://hamrobazaar.com/detail/for-sale-land/land-sale-kathmandu-lre-1136-in-ka-du/1FCBB514-906F-1F67-EAF7-522D05D5BEB9,"LAND FOR SALE AT KATHMANDU,LRE_1136",Land,,Kathmandu,,"13,30,00,000",19 Aana,,,,,2026-08-10,133000000,19.0,7000000
hamrobazaar.com,https://hamrobazaar.com/detail/for-sale-land/land-sale-hadigaun-kathmandu-in-ha-du/52DA30A2-1870-7AC5-2A1C-885880CE5CD8,"Land on sale at Hadigaun,Kathmandu",Land,Hadigaun,Kathmandu,,"85,00,000",6.5 aana,,,,,2026-01-12,8500000,6.5,1307692
hamrobazaar.com,https://hamrobazaar.com/detail/for-sale-land/land-sale-sitapaila-kathmandu-in-si-du/79C97FD1-29CC-F009-B5BD-8A204F271771,"Land on sale at Sitapaila,Kathmandu",Land,Sitapaila,Kathmandu,,"38,00,000",80 aana,,,,,2026-01-12,3800000,80.0,47500
hamrobazaar.com,https://hamrobazaar.com/detail/for-sale-land/land-sale-bishalnagar-kathmandu-in-bi-du/3BD113C0-2C19-FB3B-5E42-B96A46A23421,"Land on sale at Bishalnagar,kathmandu",Land,Bishalnagar,Kathmandu,,"90,00,000",5.5 aana,,,,,2026-01-12,9000000,5.5,1636364
hamrobazaar.com,https://hamrobazaar.com/detail/for-sale-land/land-sale-basundhara-kathmandu-in-ba-du/2C217771-B61F-A2FF-4208-C6BDF91FDC40,"Land on sale at Basundhara,Kathmandu",Land,Basundhara,Kathmandu,,"75,00,000",4 aana,,,,,2026-01-12,7500000,4.0,1875000
hamrobazaar.com,https://hamrobazaar.com/detail/for-sale-land/land-sale-bhaisepati-mahatomarg-kathmandu-in-bh-du/20463838-0921-2AB4-BC6C-6F3F6051F050,"Land on sale at Bhaisepati Mahatomarg,Kathmandu",Land,Bhaisepati Mahatomarg,Kathmandu,,"68,00,000",12 aana,,,,,2026-02-11,6800000,12.0,566667
hamrobazaar.com,https://hamrobazaar.com/detail/for-sale-land/51-ana-land-sale-sinamangal-kathmandu-in-ti-du/5FF3F685-D2E8-1CBA-5592-1C6342C0CB1E,51 Ana Land For Sale At Sinamangal Kathmandu,Land,Sinamangal,Kathmandu,,"56,00,00,000",51 Ana,,20.0,,,2026-07-11,560000000,51.0,10980392
hamrobazaar.com,https://hamrobazaar.com/detail/for-sale-land/land-sale-budhanilkantha-kathmandu-in-bu-du/CF414282-8E91-7860-C7B7-E18367FBCF05,"Land on sale at Budhanilkantha,Kathmandu",Land,Budhanilkantha,Kathmandu,,"55,00,000",23 aana,,,,,2026-02-11,5500000,23.0,239130
hamrobazaar.com,https://hamrobazaar.com/detail/for-sale-land/land-sale-banshbari-kathmandu-in-ba-ak/AA61F77B-AAA5-DB97-6A43-9219C3394DFD,"Land on sale at Banshbari,Kathmandu",Land,Bansbari,Kathmandu,,"60,00,000",18.75 aana,,,,,2026-02-11,6000000,18.75,320000
hamrobazaar.com,https://hamrobazaar.com/detail/for-sale-land/land-sale-budhanilkantha-kathmandu-in-bu-du/830C5ED0-5F95-652D-14F3-E970B744DBA3,"Land on sale at Budhanilkantha,Kathmandu",Land,Budhanilkantha,Kathmandu,,"26,00,000",7 Ropani,,,,,2026-02-11,2600000,112.0,23214
hamrobazaar.com,https://hamrobazaar.com/detail/for-sale-land/land-sale-balwatar-kathmandu-in-ba-du/53BF6586-8CE4-F928-5DE2-7EF42A00F63F,"Land For sale at Balwatar,Kathmandu",Land,Baluwatar,Kathmandu,,"1,35,00,000",8 aana,,16.0,,,2025-10-09,13500000,8.0,1687500
hamrobazaar.com,https://hamrobazaar.com/detail/for-sale-land/land-sale-baluwatar-kathmandu-in-ba-du/0FCD32D6-6051-9980-2794-7B6E8D7390A5,"Land For Sale At Baluwatar, Kathmandu",Land,Baluwatar,Kathmandu,,"9,00,00,000",10.5 aana,,15.0,,,2025-10-09,90000000,10.5,8571429
hamrobazaar.com,https://hamrobazaar.com/detail/for-sale-land/land-sale-pepsicola-kathmandu-in-pe-du/2DDED1B7-4CD7-8928-DAAA-4042E339DFE9,"Land For Sale at Pepsicola, Kathmandu",Land,Pepsicola,Kathmandu,,"65,00,000",4 aana,,15.0,,,2025-10-09,6500000,4.0,1625000
hamrobazaar.com,https://hamrobazaar.com/detail/for-sale-land/land-sale-chabahil-kathmandu-in-ch-du/AA8A7FC1-4BD6-CF75-1A35-730F0040D92B,"Land For Sale at Chabahil, Kathmandu",Land,Chabahil,Kathmandu,,"14,00,00,000",15 aana,,15.0,,,2025-10-09,140000000,15.0,9333333
hamrobazaar.com,https://hamrobazaar.com/detail/for-sale-land/land-sale-balwatar-kathmandu-in-ba-du/1C183C07-7472-D794-4F7F-6AA1F1DFA5E7,"Land For sale at Balwatar,Kathmandu",Land,Baluwatar,Kathmandu,,"1,35,00,000",8 aana,,16.0,,,2025-10-09,13500000,8.0,1687500
hamrobazaar.com,https://hamrobazaar.com/detail/for-sale-land/land-sale-baluwatar-kathmandu-in-ba-du/CC2AA645-4429-9FF3-C655-834FBF1FF4C8,"Land For Sale At Baluwatar, Kathmandu",Land,Baluwatar,Kathmandu,,"9,00,00,000",10.5 aana,,15.0,,,2025-10-09,90000000,10.5,8571429
hamrobazaar.com,https://hamrobazaar.com/detail/for-sale-land/land-sale-pepsicola-kathmandu-in-pe-du/FB12752A-3BD7-DE3E-7B15-3173EA65B598,"Land For Sale at Pepsicola, Kathmandu",Land,Pepsicola,Kathmandu,,"65,00,000",4 aana,,15.0,,,2025-10-09,6500000,4.0,1625000
hamrobazaar.com,https://hamrobazaar.com/detail/for-sale-land/land-sale-budhanilkantha-kathmandu-in-bu-du/EAB6BF13-E8E6-DAF2-9C89-36E8DEDD4F8C,"Land on sale at Budhanilkantha,Kathmandu",Land,Budhanilkantha,Kathmandu,,"37,00,000",85 aana,,,,,2025-10-09,3700000,85.0,43529
hamrobazaar.com,https://hamrobazaar.com/detail/for-sale-land/land-sale-dillibazar-kathmandu-in-di-du/0ED304D8-7C2E-0CEC-33E4-18891F808B3B,"Land on sale at Dillibazar,Kathmandu",Land,Dillibazar,Kathmandu,,"1,45,00,000",8 aana,,,,,2025-10-09,14500000,8.0,1812500
hamrobazaar.com,https://hamrobazaar.com/detail/for-sale-land/land-sale-budhanilkantha-kathmandu-in-bu-du/505C9F55-0AF9-B7C0-58E9-1EE002183EB7,"Land on sale at Budhanilkantha,Kathmandu",Land,Budhanilkantha,Kathmandu,,"42,00,000",16 aana,,,,,2024-10-09,4200000,16.0,262500
hamrobazaar.com,https://hamrobazaar.com/detail/for-sale-land/land-sale-banshbari-kathmandu-in-ba-du/437BA94A-CFCC-2DA2-8C0E-6CC0D1B4DCBC,"Land on sale at Banshbari,Kathmandu",Land,Bansbari,Kathmandu,,"60,00,000",15 aana,,,,,2024-10-09,6000000,15.0,400000
hamrobazaar.com,https://hamrobazaar.com/detail/for-sale-land/land-sale-budhanilkantha-kathmandu-in-bu-du/141C7CB8-6CE8-1822-1BDE-7262B2F13548,"Land on sale at Budhanilkantha,Kathmandu",Land,Budhanilkantha,Kathmandu,,"62,00,000",18 aana,,,,,2025-10-09,6200000,18.0,344444
hamrobazaar.com,https://hamrobazaar.com/detail/for-sale-land/land-sale-baluwatar-kathmandu-in-ba-du/4E363F6C-97B6-E7EE-F778-C34113150263,"Land on sale at Baluwatar,Kathmandu",Land,Baluwatar,Kathmandu,,"1,15,00,000",23 aana,,,,,2024-10-09,11500000,23.0,500000
hamrobazaar.com,https://hamrobazaar.com/detail/for-sale-land/land-sale-kathmandu-near-teaching-hosp-in-te-du/45D47F7E-64CB-2C42-B5C0-834099476A6D,Land on sale at Kathmandu Near by Teaching Hosp,Land,Kathmandu Near By Teaching Hosp,Kathmandu,,"70,00,000",12 aana,,,,,2025-12-13,7000000,12.0,583333
hamrobazaar.com,https://hamrobazaar.com/detail/for-sale-land/6-25-ana-land-sale-raniban-kathmandu-in-r-u/F3C9B5BE-E5E2-7D5B-B9E6-42E123AE0E14,6.25 Ana Land For Sale At Raniban Kathmandu,Land,Raniban,Kathmandu,,"45,00,000",6.25 Ana,,,,,2025-10-09,4500000,6.25,720000
hamrobazaar.com,https://hamrobazaar.com/detail/for-sale-land/land-sale-chandole-kathmandu-in-sw-du/F71301DF-CA77-26D0-21FF-6095ACE2BEB3,"Land on sale at Chandole,Kathmandu",Land,Chandol,Kathmandu,,"1,20,00,000",3 aana 3 paisa,,,,,2025-11-13,12000000,3.75,3200000
hamrobazaar.com,https://hamrobazaar.com/detail/for-sale-land/land-sale-budhanilkantha-kathmandu-in-bu-du/93F0560F-8104-55FA-7113-5FF8A9E75DDF,"Land on sale at Budhanilkantha,Kathmandu",Land,Budhanilkantha,Kathmandu,,"40,00,000",5 aana,,,,,2025-10-09,4000000,5.0,800000
hamrobazaar.com,https://hamrobazaar.com/detail/for-sale-land/land-sale-budhanilkantha-kathmandu-in-bu-du/2E28DEFE-1A1D-5C8E-AD37-37C06AE2722A,"Land on sale at Budhanilkantha,Kathmandu",Land,Budhanilkantha,Kathmandu,,"42,00,000",1 Ropani,,,,,2025-10-09,4200000,16.0,262500
hamrobazaar.com,https://hamrobazaar.com/detail/for-sale-land/land-sale-wasik-budhanilkantha-kathmandu-in-wa-du/939BD994-6745-C110-17D6-59AA52FBD8D4,"Land on sale at Wasik Budhanilkantha,Kathmandu",Land,Wasik Budhanilkantha,Kathmandu,,"35,00,000",4 aana,,,,,2025-10-09,3500000,4.0,875000
hamrobazaar.com,https://hamrobazaar.com/detail/for-sale-land/19-aana-land-sale-maharajgung-kathmandu-in-ma-du/50B3F72A-1BBF-90EE-401B-61BEFF7198CA,19 Aana Land on sale at Maharajgung kathmandu.,Land,Maharajgunj,Kathmandu,,"80,00,000",19 Aana,,13.0,,,2024-10-09,8000000,19.0,421053
hamrobazaar.com,https://hamrobazaar.com/detail/for-sale-land/land-sale-baluwatar-kathmandu-in-ba-du/1CD120B7-6CCA-EF49-02D7-FD0B794CE756,Land on sale at baluwatar Kathmandu.,Land,Baluwatar,Kathmandu,,"75,00,000",8 ana,,,,,2023-10-10,7500000,8.0,937500
hamrobazaar.com,https://hamrobazaar.com/detail/for-sale-land/land-sale-dhumbharai-kathmandu-in-du-du/64108B66-206D-951C-08E9-6B00AFE3C453,"Land on sale at Dhumbharai,kathmandu",Land,Dhumbarahi,Kathmandu,,"75,00,000",6 aana,,,,,2024-10-09,7500000,6.0,1250000
hamrobazaar.com,https://hamrobazaar.com/detail/for-sale-land/land-sale-budhanilkantha-kathmandu-in-bu-du/FF2CC5CA-4C4C-8540-AD33-55BE7BC9D49C,"Land on sale at Budhanilkantha,kathmandu",Land,Budhanilkantha,Kathmandu,,"55,00,000",4.5 aana,,,,,2024-10-09,5500000,4.5,1222222
hamrobazaar.com,https://hamrobazaar.com/detail/for-sale-land/land-sale-budhanilkantha-kathmandu-in-bu-du/C0BB989C-4B7F-64B1-639D-A81D60A0F783,"Land on sale at Budhanilkantha,Kathmandu",Land,Budhanilkantha,Kathmandu,,"50,00,000",4.5 aana,,,,,2024-10-09,5000000,4.5,1111111
hamrobazaar.com,https://hamrobazaar.com/detail/for-sale-land/land-sale-thali-kathmandu-in-th-du/3904D805-7F91-5C0E-E3ED-04523041B5B2,"Land on sale at Thali,kathmandu",Land,Thali,Kathmandu,,"30,00,000",7 ropani,,20.0,,,2024-10-09,3000000,112.0,26786
hamrobazaar.com,https://hamrobazaar.com/detail/for-sale-land/5-aana-land-sale-gothatar-kathmandu-in-go-du/EC3B830D-1C70-7B05-DD0C-E7F1D8CDA911,5 Aana Land For Sale At Gothatar Kathmandu,Land,Gothatar,Kathmandu,,"37,00,000",5 Aana,,,,,2024-10-09,3700000,5.0,740000
hamrobazaar.com,https://hamrobazaar.com/detail/for-sale-land/prime-land-sale-lalitpur-sunakothi-in-su-ur/C89D5838-B238-471A-A39D-B26EFCDA2869,prime land for sale in Lalitpur sunakothi,Land,Lalitpur Sunakothi,Lalitpur,,"15,50,000",8 aana,,,,,2026-09-09,1550000,8.0,193750
hamrobazaar.com,https://hamrobazaar.com/detail/for-sale-land/land-sale-badikhel-godawari-lalitpur-in-ba-ur/AE10B0BE-323D-41BC-B370-2AA2C406BB26,"Land for Sale in Badikhel, Godawari, Lalitpur",Land,Badikhel,Lalitpur,,"12,00,000",11 Aana,,12.0,,,2026-09-25,1200000,11.0,109091
hamrobazaar.com,https://hamrobazaar.com/detail/for-sale-land/cheap-land-sale-badikhel-godawari-lalitpur-in-pa-ur/71EF3E68-43E9-416F-BCC9-6F3FD02951E3,"Cheap land sale in Badikhel, Godawari(Lalitpur)",Land,Badikhel,Lalitpur,,"18,50,000",3 aana,,,,,2026-09-25,1850000,3.0,616667
hamrobazaar.com,https://hamrobazaar.com/detail/for-sale-land/land-sale-lele-lalitpur-in-go-sh/5136C14A-ECD0-4EA0-83FD-5CA7DB5F95AA,Land on sale at lele lalitpur,Land,Lele,Lalitpur,,"4,74,00,000",79 anna,,,,,2026-09-18,47400000,79.0,600000
hamrobazaar.com,https://hamrobazaar.com/detail/for-sale-land/land-sale-godawari-kitini-lalitpur-kitta-1178-in-ko-sh/D3040A34-67C5-B4F4-8D11-72852DF51FC6,"Land For sale-Godawari,Kitini,Lalitpur -KITTA-1178",Land,,Lalitpur,,"25,00,000",4 aana,,,,,2026-09-09,2500000,4.0,625000
hamrobazaar.com,https://hamrobazaar.com/detail/for-sale-land/land-sale-dhapakhel-lalitpur-in-ne-ur/573D4FB3-C378-4EEB-8BFF-ABC61C106B1C,"Land for sale - Dhapakhel, Lalitpur",Land,,Lalitpur,,"38,00,000",4 aana 1 paisa,,,,,2026-09-09,3800000,4.25,894118
hamrobazaar.com,https://hamrobazaar.com/detail/for-sale-land/jhamshikhel-lalitpur-14-anna-land-sale-in-jh-ur/152EDE09-E10E-40DD-988F-3AD1D24B93E0,"📍JHAMSHIKHEL, LALITPUR | 14 ANNA | LAND ON SALE !",Land,,Lalitpur,,"1,30,00,000",14 ANNA,,36.0,,,2026-10-02,13000000,14.0,928571
hamrobazaar.com,https://hamrobazaar.com/detail/for-sale-land/3-aana-land-sale-lalitpur-mahanagar-14-offer-in-46-ur/9D79887F-4A8C-4E13-B7E9-60FD0C62733D,"3 AANA LAND ON SALE- LALITPUR MAHANAGAR-14, OFFER",Land,,Lalitpur,,"28,00,000",3 AANA,,,,,2026-09-11,2800000,3.0,933333
hamrobazaar.com,https://hamrobazaar.com/detail/for-sale-land/13-anna-land-sale-hattiban-lalitpur-in-12-ur/A26138FA-1D2D-477A-B848-455F9F2AEF79,13 Anna Land sale in hattiban Lalitpur,Land,Hattiban,Lalitpur,,"56,00,000",13 Anna,,24.0,,,2026-10-03,5600000,13.0,430769
hamrobazaar.com,https://hamrobazaar.com/detail/for-sale-land/plotting-land-sale-hattiban-lalitpur-in-ha-ur/E6B8177F-CFC4-495E-85B2-3E725A4031EA,Plotting Land sale hattiban Lalitpur,Land,,Lalitpur,,"50,00,000",3 aana,,13.0,,,2026-09-18,5000000,3.0,1666667
hamrobazaar.com,https://hamrobazaar.com/detail/for-sale-land/land-sale-harisiddhi-lalitpur-in-ha-ur/E6E2350D-6299-4ABC-B65B-DF652222C3CB,Land sale in harisiddhi Lalitpur,Land,Harisiddhi,Lalitpur,,"42,00,000",4 aana,,16.0,,,2026-09-18,4200000,4.0,1050000
hamrobazaar.com,https://hamrobazaar.com/detail/for-sale-land/land-sale-shankhadevi-lalitpur-in-th-ur/8CC516B8-4565-4892-9681-DCAF431FA020,"Land Sale at Shankhadevi, Lalitpur",Land,Sankhadevi,Lalitpur,,"30,00,000",5 aana,,30.0,,,2026-10-03,3000000,5.0,600000
hamrobazaar.com,https://hamrobazaar.com/detail/for-sale-land/land-sale-nakhkhu-lalitpur-in-sa-ur/20A57F1E-578A-432A-8D2E-4523FD23AB58,Land For Sale Nakhkhu Lalitpur,Land,,Lalitpur,,"30,00,000",7.5 Aana,,,,,2026-09-09,3000000,7.5,400000
hamrobazaar.com,https://hamrobazaar.com/detail/for-sale-land/land-sale-lalitpur-in-la-sh/8BE686E8-D662-44C7-A536-10E998025C69,Land for sale in Lalitpur,Land,,Lalitpur,,"70,00,000",5 aana,,,,,2026-10-02,7000000,5.0,1400000
hamrobazaar.com,https://hamrobazaar.com/detail/for-sale-land/22-5-aana-land-sale-sanepa-lalitpur-in-sa-ur/52571794-2609-D545-9D86-34DF1B347665,"22.5 Aana Land on sale in Sanepa, Lalitpur.",Land,Sanepa,Lalitpur,,"85,00,000",22.5 Aana,,,,,2026-08-10,8500000,22.5,377778
hamrobazaar.com,https://hamrobazaar.com/detail/for-sale-land/land-sale-bhaisepati-magargau-lalitpur-10-aana-in-sa-ur/D4B71AE0-F4ED-0A84-CA62-0E73B1F3942C,land for sale bhaisepati magargau lalitpur 10 aana,Land,,Lalitpur,,"42,00,000",10 aana 10aana,,22.0,,,2026-09-09,4200000,20.0,210000
hamrobazaar.com,https://hamrobazaar.com/detail/for-sale-land/land-sale-bhaisepati-magargau-lalitpur-4-aana-in-sa-ur/642AB6F5-E620-6DBD-FBB0-228FE557C8BC,land for sale bhaisepati magargau lalitpur 4 aana,Land,,Lalitpur,,"42,00,000",4 aana 4aana,,16.0,,,2026-09-09,4200000,8.0,525000
hamrobazaar.com,https://hamrobazaar.com/detail/for-sale-land/72-aana-land-sale-lele-lalitpur-par-8lakh-in-go-sh/C50ED806-39FB-4D95-88B8-156C267D3591,"72 aana land sale in lele,lalitpur par aana 8lakh",Land,Lele,Lalitpur,,"8,00,000",72 aana,,,,,2026-10-03,800000,72.0,11111
hamrobazaar.com,https://hamrobazaar.com/detail/for-sale-land/land-sale-bhainsepati-lalitpur-in-ai-sh/51CD2641-5084-4642-BEEB-57FBC8949949,"Land for sale at bhainsepati, lalitpur",Land,Bhaisepati,Lalitpur,,"85,00,000",11 Aana,,,,,2026-09-09,8500000,11.0,772727
hamrobazaar.com,https://hamrobazaar.com/detail/for-sale-land/urgent-land-sale-nakhudole-lalitpur-in-na-ur/657BFF0E-E201-4E30-838F-4FFF7CEAA772,"Urgent !!! Land Sale in Nakhudole , lalitpur",Land,Nakhudole,Lalitpur,,"42,00,000",5 aana,,,,,2026-09-18,4200000,5.0,840000
hamrobazaar.com,https://hamrobazaar.com/detail/for-sale-land/land-sale-bajrabarahi-lalitpur-in-ba-ur/7CBF22A4-7071-4DC1-BF51-7A537BE95F14,Land on sale At Bajrabarahi Lalitpur,Land,Bajrabarahi,Lalitpur,,"18,00,000",32 aana,,,,,2026-09-09,1800000,32.0,56250
hamrobazaar.com,https://hamrobazaar.com/detail/for-sale-land/3-1-2-ana-land-sale-lubhu-lalitpur-in-me-ur/C2A092CB-8339-49AD-ABF1-C78DEB359D9B,"3.1.2 ana land for sale Lubhu, lalitpur",Land,,Lalitpur,,"30,00,000",1.2 ana,,,,,2026-10-04,3000000,1.2,2500000
hamrobazaar.com,https://hamrobazaar.com/detail/for-sale-land/24-anna-land-sale-bhaisipati-lalitpur-in-bh-ur/15166F8A-552F-4060-958B-873DA14EDF2B,"24 ANNA | LAND ON SALE | 📍BHAISIPATI, LALITPUR",Land,,Lalitpur,,"70,00,000",24 ANNA,,,,,2026-10-02,7000000,24.0,291667
hamrobazaar.com,https://hamrobazaar.com/detail/for-sale-land/3-1-ana-land-sale-lele-lalitpur-in-le-sh/AEC10623-DB4F-B8BF-744F-25470977803B,"3.1 ANA LAND ON SALE AT LELE, LALITPUR",Land,Lele,Lalitpur,,"11,50,000",3.1 ANA,,13.0,,,2026-06-11,1150000,3.1,370968
hamrobazaar.com,https://hamrobazaar.com/detail/for-sale-land/6-aana-land-sale-jwagal-lalitpur-west-face-in-ku-ur/26CED84C-CF12-7314-4A8B-128B06C9F9B4,"6 Aana Land On Sale At Jwagal Lalitpur,west Face",Land,Jwagal,Lalitpur,,"90,00,000",6 Aana,,13.0,,,2026-07-11,9000000,6.0,1500000
hamrobazaar.com,https://hamrobazaar.com/detail/for-sale-land/69-aana-land-sale-gwarko-lalitpur-ringroad-in-gl-ur/F30E0733-8D20-5034-43F5-FE8D6D81F10A,69 Aana Land For Sale In Gwarko Lalitpur RingRoad,Land,Gwarko,Lalitpur,,"90,00,000",69 Aana,,,,,2026-07-11,9000000,69.0,130435
hamrobazaar.com,https://hamrobazaar.com/detail/for-sale-land/land-sale-sanepa-lalitpur-in-sa-ur/95EADA64-E3BD-71C1-9A65-CCB05E332773,"Land for sale in Sanepa, Lalitpur",Land,Sanepa,Lalitpur,,"2,62,50,000",3 Aana 2 Paisa,,10.0,,,2026-08-10,26250000,3.5,7500000
hamrobazaar.com,https://hamrobazaar.com/detail/for-sale-land/land-sale-sanepa-lalitpur-in-38-ur/2D806BA9-0CF3-4A02-5D9D-7827471B827D,"Land for sale in Sanepa, Lalitpur",Land,Sanepa,Lalitpur,,"5,98,00,000",6.5 Aana,,14.0,,,2026-08-10,59800000,6.5,9200000
hamrobazaar.com,https://hamrobazaar.com/detail/for-sale-land/land-sale-sanepa-lalitpur-in-38-ur/FA47E471-47FC-623F-04C1-C120EC3293BA,"Land for sale in Sanepa, Lalitpur",Land,Sanepa,Lalitpur,,"16,00,00,000",18 Aana,,,,,2026-08-10,160000000,18.0,8888889
hamrobazaar.com,https://hamrobazaar.com/detail/for-sale-land/land-sale-gowarko-lalitpur-in-gw-ur/E29BDB36-D9BF-B3D6-47B0-5F6F379D4B79,"Land on sale at Gowarko, Lalitpur",Land,Gwarko,Lalitpur,,"55,00,000",5 aana,,,,,2026-08-10,5500000,5.0,1100000
hamrobazaar.com,https://hamrobazaar.com/detail/for-sale-land/land-sale-sanagaun-lalitpur-in-sa-ur/D7BB852B-00E0-2456-A3AC-3C84CF39011F,"Land on sale at Sanagaun, Lalitpur",Land,Sanagaun,Lalitpur,,"39,00,000",4 aana,,,,,2026-05-12,3900000,4.0,975000
hamrobazaar.com,https://hamrobazaar.com/detail/for-sale-land/land-sale-godam-chaur-thaiba-lalitpur-in-th-ur/30F6883F-3002-89BF-6CDD-EE57C8D4192F,"Land for sale at Godam chaur Thaiba, Lalitpur",Land,Godam Chaur Thaiba,Lalitpur,,"28,00,000",3.75 aana,,,,,2026-08-10,2800000,3.75,746667
hamrobazaar.com,https://hamrobazaar.com/detail/for-sale-land/11-aana-land-sale-sanepa-lalitpur-in-sa-ur/4F7081BD-305A-4149-867E-C87968B536EE,"11 AANA LAND FOR SALE IN SANEPA, LALITPUR.",Land,Sanepa,Lalitpur,,"90,00,000",11 AANA,,,,,2026-08-10,9000000,11.0,818182
hamrobazaar.com,https://hamrobazaar.com/detail/for-sale-land/10-aana-land-sale-sanepa-lalitpur-in-sa-ur/355CC218-750B-3B9B-879D-3DE8D7EFEA0A,"10 Aana land for sale in Sanepa, Lalitpur.",Land,Sanepa,Lalitpur,,"1,10,00,000",10 Aana,,,,,2026-08-10,11000000,10.0,1100000
hamrobazaar.com,https://hamrobazaar.com/detail/for-sale-land/13-5-aana-land-sale-bakhundole-lalitpur-in-ba-ur/4EB23546-3B92-BAFC-986B-CEDBEC98BC20,"13.5 Aana land for sale in Bakhundole, Lalitpur.",Land,Bakhundole,Lalitpur,,"95,00,000",13.5 Aana,,,,,2026-08-10,9500000,13.5,703704
hamrobazaar.com,https://hamrobazaar.com/detail/for-sale-land/land-sale-bhaisepati-height-lalitpur-in-bh-ur/DEF0AB7F-3255-D187-81DF-35D3DBB5530A,land for sale bhaisepati height lalitpur,Land,,Lalitpur,,"49,00,000",6aana,,16.0,,,2026-08-10,4900000,6.0,816667
hamrobazaar.com,https://hamrobazaar.com/detail/for-sale-land/land-sale-bhaisepati-magargau-lalitpur-7-ropan-in-la-ur/44AF4A8F-CDA4-1454-835E-B608FDD8043C,land for sale bhaisepati magargau lalitpur 7 ropan,Land,,Lalitpur,,"33,00,000",7 ropani,,24.0,,,2026-08-10,3300000,112.0,29464
hamrobazaar.com,https://hamrobazaar.com/detail/for-sale-land/land-sale-chunikhel-bugamati-lalitpur-10-aana-in-%E0%A4%8F%E0%A4%95-ur/FE1B5A6D-ED15-0832-84D1-0189F1833794,land for sale chunikhel bugamati lalitpur 10 aana,Land,,Lalitpur,,"25,00,000",10 aana 10aana,,20.0,,,2026-06-11,2500000,20.0,125000
